-- phpMyAdmin SQL Dump
-- version 4.5.1
-- http://www.phpmyadmin.net
--
-- Host: 127.0.0.1
-- Generation Time: Sep 01, 2017 at 02:45 PM
-- Server version: 10.1.13-MariaDB
-- PHP Version: 7.0.8

SET SQL_MODE = "NO_AUTO_VALUE_ON_ZERO";
SET time_zone = "+00:00";


/*!40101 SET @OLD_CHARACTER_SET_CLIENT=@@CHARACTER_SET_CLIENT */;
/*!40101 SET @OLD_CHARACTER_SET_RESULTS=@@CHARACTER_SET_RESULTS */;
/*!40101 SET @OLD_COLLATION_CONNECTION=@@COLLATION_CONNECTION */;
/*!40101 SET NAMES utf8mb4 */;

--
-- Database: `cpdrc-ic`
--

-- --------------------------------------------------------

--
-- Table structure for table `cell`
--

CREATE TABLE `cell` (
  `cellId` int(11) NOT NULL,
  `cellNumber` int(11) NOT NULL,
  `capacity` int(11) NOT NULL,
  `status` enum('active','deleted','','') NOT NULL
) ENGINE=InnoDB DEFAULT CHARSET=latin1;

--
-- Dumping data for table `cell`
--

INSERT INTO `cell` (`cellId`, `cellNumber`, `capacity`, `status`) VALUES
(1, 2147483647, 16, 'active'),
(2, 546, 500, 'active');

-- --------------------------------------------------------

--
-- Table structure for table `court`
--

CREATE TABLE `court` (
  `court_id` int(12) NOT NULL,
  `court_name` varchar(50) NOT NULL,
  `court_mun` int(12) DEFAULT NULL,
  `status` varchar(10) NOT NULL
) ENGINE=InnoDB DEFAULT CHARSET=latin1;

--
-- Dumping data for table `court`
--

INSERT INTO `court` (`court_id`, `court_name`, `court_mun`, `status`) VALUES
(1, 'RTC Branch 1', 1, 'active'),
(2, 'RTC Branch 2', 1, 'active');

-- --------------------------------------------------------

--
-- Table structure for table `cs_administrators`
--

CREATE TABLE `cs_administrators` (
  `id` int(11) UNSIGNED ZEROFILL NOT NULL,
  `type` enum('general','standard') NOT NULL DEFAULT 'standard',
  `username` varchar(50) NOT NULL,
  `password` varchar(128) NOT NULL,
  `email` varchar(254) NOT NULL,
  `first_name` varchar(50) NOT NULL,
  `middle_name` varchar(50) NOT NULL,
  `last_name` varchar(50) NOT NULL,
  `gender` varchar(10) NOT NULL,
  `birthday` date NOT NULL,
  `position` varchar(30) NOT NULL,
  `photo` varchar(50) DEFAULT NULL,
  `status` varchar(15) NOT NULL,
  `last_activity` int(11) UNSIGNED DEFAULT NULL,
  `created_on` int(11) UNSIGNED DEFAULT NULL,
  `modified_on` int(11) UNSIGNED DEFAULT NULL
) ENGINE=InnoDB DEFAULT CHARSET=latin1;

-- --------------------------------------------------------

--
-- Table structure for table `cs_appearance_schedules`
--

CREATE TABLE `cs_appearance_schedules` (
  `id` int(11) UNSIGNED ZEROFILL NOT NULL,
  `reason_id` int(11) UNSIGNED ZEROFILL NOT NULL,
  `date` datetime NOT NULL,
  `place` varchar(50) NOT NULL,
  `vehicle_no` varchar(20) NOT NULL,
  `status` enum('Finished','Postpone','Pending') DEFAULT 'Pending',
  `is_read` int(2) NOT NULL DEFAULT '0',
  `time_departed` datetime NOT NULL,
  `time_returned` datetime NOT NULL,
  `remarks` text
) ENGINE=InnoDB DEFAULT CHARSET=latin1;

--
-- Dumping data for table `cs_appearance_schedules`
--

INSERT INTO `cs_appearance_schedules` (`id`, `reason_id`, `date`, `place`, `vehicle_no`, `status`, `is_read`, `time_departed`, `time_returned`, `remarks`) VALUES
(00000000001, 00000000001, '2017-07-31 22:29:00', 'RTC Branch 1', '1st', 'Pending', 0, '0000-00-00 00:00:00', '0000-00-00 00:00:00', '1st'),
(00000000002, 00000000002, '0000-00-00 00:00:00', 'RTC Branch 1', '', 'Pending', 0, '0000-00-00 00:00:00', '0000-00-00 00:00:00', NULL),
(00000000003, 00000000003, '0000-00-00 00:00:00', 'RTC Branch 1', '', 'Pending', 0, '0000-00-00 00:00:00', '0000-00-00 00:00:00', NULL),
(00000000004, 00000000004, '0000-00-00 00:00:00', 'RTC Branch 1', '', 'Pending', 0, '0000-00-00 00:00:00', '0000-00-00 00:00:00', NULL),
(00000000005, 00000000005, '0000-00-00 00:00:00', 'RTC Branch 2', '', 'Pending', 0, '0000-00-00 00:00:00', '0000-00-00 00:00:00', NULL),
(00000000006, 00000000006, '0000-00-00 00:00:00', 'RTC Branch 1', '', 'Pending', 0, '0000-00-00 00:00:00', '0000-00-00 00:00:00', NULL),
(00000000007, 00000000007, '0000-00-00 00:00:00', 'RTC Branch 1', '', 'Pending', 0, '0000-00-00 00:00:00', '0000-00-00 00:00:00', NULL),
(00000000008, 00000000007, '0000-00-00 00:00:00', 'RTC Branch 1, Cebu City', '', 'Pending', 0, '0000-00-00 00:00:00', '0000-00-00 00:00:00', NULL),
(00000000009, 00000000009, '0000-00-00 00:00:00', 'RTC Branch 2', '', 'Pending', 0, '0000-00-00 00:00:00', '0000-00-00 00:00:00', NULL),
(00000000010, 00000000010, '0000-00-00 00:00:00', 'RTC Branch 2', '', 'Pending', 0, '0000-00-00 00:00:00', '0000-00-00 00:00:00', NULL),
(00000000011, 00000000011, '0000-00-00 00:00:00', 'RTC Branch 2', '', 'Pending', 0, '0000-00-00 00:00:00', '0000-00-00 00:00:00', NULL),
(00000000012, 00000000012, '0000-00-00 00:00:00', 'RTC Branch 2', '', 'Pending', 0, '0000-00-00 00:00:00', '0000-00-00 00:00:00', NULL),
(00000000013, 00000000013, '0000-00-00 00:00:00', 'RTC Branch 2', '', 'Pending', 0, '0000-00-00 00:00:00', '0000-00-00 00:00:00', NULL),
(00000000014, 00000000014, '0000-00-00 00:00:00', 'RTC Branch 2', '', 'Pending', 0, '0000-00-00 00:00:00', '0000-00-00 00:00:00', NULL),
(00000000015, 00000000015, '0000-00-00 00:00:00', 'RTC Branch 2', '', 'Pending', 0, '0000-00-00 00:00:00', '0000-00-00 00:00:00', NULL),
(00000000016, 00000000016, '0000-00-00 00:00:00', 'RTC Branch 2', '', 'Pending', 0, '0000-00-00 00:00:00', '0000-00-00 00:00:00', NULL),
(00000000017, 00000000017, '0000-00-00 00:00:00', 'RTC Branch 2', '', 'Pending', 0, '0000-00-00 00:00:00', '0000-00-00 00:00:00', NULL),
(00000000018, 00000000018, '0000-00-00 00:00:00', 'RTC Branch 2', '', 'Pending', 0, '0000-00-00 00:00:00', '0000-00-00 00:00:00', NULL),
(00000000019, 00000000019, '0000-00-00 00:00:00', 'RTC Branch 2', '', 'Pending', 0, '0000-00-00 00:00:00', '0000-00-00 00:00:00', NULL),
(00000000020, 00000000020, '0000-00-00 00:00:00', 'RTC Branch 2', '', 'Pending', 0, '0000-00-00 00:00:00', '0000-00-00 00:00:00', NULL),
(00000000021, 00000000021, '0000-00-00 00:00:00', 'RTC Branch 2', '', 'Pending', 0, '0000-00-00 00:00:00', '0000-00-00 00:00:00', NULL),
(00000000022, 00000000022, '0000-00-00 00:00:00', 'RTC Branch 2', '', 'Pending', 0, '0000-00-00 00:00:00', '0000-00-00 00:00:00', NULL),
(00000000023, 00000000023, '0000-00-00 00:00:00', 'RTC Branch 2', '', 'Pending', 0, '0000-00-00 00:00:00', '0000-00-00 00:00:00', NULL),
(00000000024, 00000000024, '0000-00-00 00:00:00', 'RTC Branch 2', '', 'Pending', 0, '0000-00-00 00:00:00', '0000-00-00 00:00:00', NULL),
(00000000025, 00000000025, '0000-00-00 00:00:00', 'RTC Branch 2', '', 'Pending', 0, '0000-00-00 00:00:00', '0000-00-00 00:00:00', NULL),
(00000000026, 00000000026, '0000-00-00 00:00:00', 'RTC Branch 2', '', 'Pending', 0, '0000-00-00 00:00:00', '0000-00-00 00:00:00', NULL),
(00000000027, 00000000027, '0000-00-00 00:00:00', 'RTC Branch 2', '', 'Pending', 0, '0000-00-00 00:00:00', '0000-00-00 00:00:00', NULL),
(00000000028, 00000000028, '0000-00-00 00:00:00', 'RTC Branch 2', '', 'Pending', 0, '0000-00-00 00:00:00', '0000-00-00 00:00:00', NULL),
(00000000029, 00000000029, '0000-00-00 00:00:00', 'RTC Branch 2', '', 'Pending', 0, '0000-00-00 00:00:00', '0000-00-00 00:00:00', NULL),
(00000000030, 00000000030, '0000-00-00 00:00:00', 'RTC Branch 2', '', 'Pending', 0, '0000-00-00 00:00:00', '0000-00-00 00:00:00', NULL),
(00000000031, 00000000031, '0000-00-00 00:00:00', 'RTC Branch 2', '', 'Pending', 0, '0000-00-00 00:00:00', '0000-00-00 00:00:00', NULL),
(00000000032, 00000000032, '0000-00-00 00:00:00', 'RTC Branch 2', '', 'Pending', 0, '0000-00-00 00:00:00', '0000-00-00 00:00:00', NULL),
(00000000033, 00000000033, '0000-00-00 00:00:00', 'RTC Branch 2', '', 'Pending', 0, '0000-00-00 00:00:00', '0000-00-00 00:00:00', NULL),
(00000000034, 00000000034, '0000-00-00 00:00:00', 'RTC Branch 2', '', 'Pending', 0, '0000-00-00 00:00:00', '0000-00-00 00:00:00', NULL),
(00000000035, 00000000035, '0000-00-00 00:00:00', 'RTC Branch 2', '', 'Pending', 0, '0000-00-00 00:00:00', '0000-00-00 00:00:00', NULL),
(00000000036, 00000000036, '0000-00-00 00:00:00', 'RTC Branch 2', '', 'Pending', 0, '0000-00-00 00:00:00', '0000-00-00 00:00:00', NULL),
(00000000037, 00000000037, '0000-00-00 00:00:00', 'RTC Branch 2', '', 'Pending', 0, '0000-00-00 00:00:00', '0000-00-00 00:00:00', NULL),
(00000000038, 00000000038, '0000-00-00 00:00:00', 'RTC Branch 2', '', 'Pending', 0, '0000-00-00 00:00:00', '0000-00-00 00:00:00', NULL),
(00000000039, 00000000039, '0000-00-00 00:00:00', 'RTC Branch 2', '', 'Pending', 0, '0000-00-00 00:00:00', '0000-00-00 00:00:00', NULL),
(00000000040, 00000000040, '0000-00-00 00:00:00', 'RTC Branch 2', '', 'Pending', 0, '0000-00-00 00:00:00', '0000-00-00 00:00:00', NULL),
(00000000041, 00000000041, '0000-00-00 00:00:00', 'RTC Branch 2', '', 'Pending', 0, '0000-00-00 00:00:00', '0000-00-00 00:00:00', NULL),
(00000000042, 00000000042, '0000-00-00 00:00:00', 'RTC Branch 2', '', 'Pending', 0, '0000-00-00 00:00:00', '0000-00-00 00:00:00', NULL),
(00000000043, 00000000043, '0000-00-00 00:00:00', 'RTC Branch 2', '', 'Pending', 0, '0000-00-00 00:00:00', '0000-00-00 00:00:00', NULL),
(00000000044, 00000000044, '0000-00-00 00:00:00', 'RTC Branch 2', '', 'Pending', 0, '0000-00-00 00:00:00', '0000-00-00 00:00:00', NULL),
(00000000045, 00000000045, '0000-00-00 00:00:00', 'RTC Branch 2', '', 'Pending', 0, '0000-00-00 00:00:00', '0000-00-00 00:00:00', NULL),
(00000000046, 00000000046, '0000-00-00 00:00:00', 'RTC Branch 2', '', 'Pending', 0, '0000-00-00 00:00:00', '0000-00-00 00:00:00', NULL),
(00000000047, 00000000047, '0000-00-00 00:00:00', 'RTC Branch 2', '', 'Pending', 0, '0000-00-00 00:00:00', '0000-00-00 00:00:00', NULL),
(00000000048, 00000000048, '0000-00-00 00:00:00', 'RTC Branch 2', '', 'Pending', 0, '0000-00-00 00:00:00', '0000-00-00 00:00:00', NULL),
(00000000049, 00000000049, '0000-00-00 00:00:00', 'RTC Branch 2', '', 'Pending', 0, '0000-00-00 00:00:00', '0000-00-00 00:00:00', NULL),
(00000000050, 00000000050, '0000-00-00 00:00:00', 'RTC Branch 2', '', 'Pending', 0, '0000-00-00 00:00:00', '0000-00-00 00:00:00', NULL),
(00000000051, 00000000051, '0000-00-00 00:00:00', 'RTC Branch 2', '', 'Pending', 0, '0000-00-00 00:00:00', '0000-00-00 00:00:00', NULL),
(00000000052, 00000000052, '0000-00-00 00:00:00', 'RTC Branch 2', '', 'Pending', 0, '0000-00-00 00:00:00', '0000-00-00 00:00:00', NULL),
(00000000053, 00000000053, '0000-00-00 00:00:00', 'RTC Branch 2', '', 'Pending', 0, '0000-00-00 00:00:00', '0000-00-00 00:00:00', NULL),
(00000000054, 00000000054, '0000-00-00 00:00:00', 'RTC Branch 2', '', 'Pending', 0, '0000-00-00 00:00:00', '0000-00-00 00:00:00', NULL),
(00000000055, 00000000055, '0000-00-00 00:00:00', 'RTC Branch 2', '', 'Pending', 0, '0000-00-00 00:00:00', '0000-00-00 00:00:00', NULL),
(00000000056, 00000000056, '0000-00-00 00:00:00', 'RTC Branch 2', '', 'Pending', 0, '0000-00-00 00:00:00', '0000-00-00 00:00:00', NULL),
(00000000057, 00000000057, '0000-00-00 00:00:00', 'RTC Branch 2', '', 'Pending', 0, '0000-00-00 00:00:00', '0000-00-00 00:00:00', NULL),
(00000000058, 00000000058, '0000-00-00 00:00:00', 'RTC Branch 2', '', 'Pending', 0, '0000-00-00 00:00:00', '0000-00-00 00:00:00', NULL),
(00000000059, 00000000059, '0000-00-00 00:00:00', 'RTC Branch 2', '', 'Pending', 0, '0000-00-00 00:00:00', '0000-00-00 00:00:00', NULL),
(00000000060, 00000000060, '0000-00-00 00:00:00', 'RTC Branch 2', '', 'Pending', 0, '0000-00-00 00:00:00', '0000-00-00 00:00:00', NULL),
(00000000061, 00000000061, '0000-00-00 00:00:00', 'RTC Branch 2', '', 'Pending', 0, '0000-00-00 00:00:00', '0000-00-00 00:00:00', NULL),
(00000000062, 00000000062, '0000-00-00 00:00:00', 'RTC Branch 2', '', 'Pending', 0, '0000-00-00 00:00:00', '0000-00-00 00:00:00', NULL),
(00000000063, 00000000063, '0000-00-00 00:00:00', 'RTC Branch 2', '', 'Pending', 0, '0000-00-00 00:00:00', '0000-00-00 00:00:00', NULL),
(00000000064, 00000000064, '0000-00-00 00:00:00', 'RTC Branch 2', '', 'Pending', 0, '0000-00-00 00:00:00', '0000-00-00 00:00:00', NULL),
(00000000065, 00000000065, '0000-00-00 00:00:00', 'RTC Branch 2', '', 'Pending', 0, '0000-00-00 00:00:00', '0000-00-00 00:00:00', NULL),
(00000000066, 00000000066, '0000-00-00 00:00:00', 'RTC Branch 2', '', 'Pending', 0, '0000-00-00 00:00:00', '0000-00-00 00:00:00', NULL),
(00000000067, 00000000067, '0000-00-00 00:00:00', 'RTC Branch 2', '', 'Pending', 0, '0000-00-00 00:00:00', '0000-00-00 00:00:00', NULL),
(00000000068, 00000000068, '0000-00-00 00:00:00', 'RTC Branch 2', '', 'Pending', 0, '0000-00-00 00:00:00', '0000-00-00 00:00:00', NULL),
(00000000069, 00000000069, '0000-00-00 00:00:00', 'RTC Branch 2', '', 'Pending', 0, '0000-00-00 00:00:00', '0000-00-00 00:00:00', NULL),
(00000000070, 00000000070, '0000-00-00 00:00:00', 'RTC Branch 2', '', 'Pending', 0, '0000-00-00 00:00:00', '0000-00-00 00:00:00', NULL),
(00000000071, 00000000071, '0000-00-00 00:00:00', 'RTC Branch 2', '', 'Pending', 0, '0000-00-00 00:00:00', '0000-00-00 00:00:00', NULL),
(00000000072, 00000000072, '0000-00-00 00:00:00', 'RTC Branch 2', '', 'Pending', 0, '0000-00-00 00:00:00', '0000-00-00 00:00:00', NULL),
(00000000073, 00000000073, '0000-00-00 00:00:00', 'RTC Branch 2', '', 'Pending', 0, '0000-00-00 00:00:00', '0000-00-00 00:00:00', NULL),
(00000000074, 00000000074, '0000-00-00 00:00:00', 'RTC Branch 2', '', 'Pending', 0, '0000-00-00 00:00:00', '0000-00-00 00:00:00', NULL),
(00000000075, 00000000075, '0000-00-00 00:00:00', 'RTC Branch 2', '', 'Pending', 0, '0000-00-00 00:00:00', '0000-00-00 00:00:00', NULL),
(00000000076, 00000000076, '0000-00-00 00:00:00', 'RTC Branch 2', '', 'Pending', 0, '0000-00-00 00:00:00', '0000-00-00 00:00:00', NULL),
(00000000077, 00000000077, '0000-00-00 00:00:00', 'RTC Branch 2', '', 'Pending', 0, '0000-00-00 00:00:00', '0000-00-00 00:00:00', NULL),
(00000000078, 00000000078, '0000-00-00 00:00:00', 'RTC Branch 2', '', 'Pending', 0, '0000-00-00 00:00:00', '0000-00-00 00:00:00', NULL),
(00000000079, 00000000079, '0000-00-00 00:00:00', 'RTC Branch 2', '', 'Pending', 0, '0000-00-00 00:00:00', '0000-00-00 00:00:00', NULL),
(00000000080, 00000000080, '0000-00-00 00:00:00', 'RTC Branch 2', '', 'Pending', 0, '0000-00-00 00:00:00', '0000-00-00 00:00:00', NULL),
(00000000081, 00000000081, '0000-00-00 00:00:00', 'RTC Branch 2', '', 'Pending', 0, '0000-00-00 00:00:00', '0000-00-00 00:00:00', NULL),
(00000000082, 00000000082, '0000-00-00 00:00:00', 'RTC Branch 2', '', 'Pending', 0, '0000-00-00 00:00:00', '0000-00-00 00:00:00', NULL),
(00000000083, 00000000083, '0000-00-00 00:00:00', 'RTC Branch 2', '', 'Pending', 0, '0000-00-00 00:00:00', '0000-00-00 00:00:00', NULL),
(00000000084, 00000000084, '0000-00-00 00:00:00', 'RTC Branch 2', '', 'Pending', 0, '0000-00-00 00:00:00', '0000-00-00 00:00:00', NULL),
(00000000085, 00000000085, '0000-00-00 00:00:00', 'RTC Branch 2', '', 'Pending', 0, '0000-00-00 00:00:00', '0000-00-00 00:00:00', NULL),
(00000000086, 00000000086, '0000-00-00 00:00:00', 'RTC Branch 2', '', 'Pending', 0, '0000-00-00 00:00:00', '0000-00-00 00:00:00', NULL),
(00000000087, 00000000087, '0000-00-00 00:00:00', 'RTC Branch 2', '', 'Pending', 0, '0000-00-00 00:00:00', '0000-00-00 00:00:00', NULL),
(00000000088, 00000000088, '0000-00-00 00:00:00', 'RTC Branch 2', '', 'Pending', 0, '0000-00-00 00:00:00', '0000-00-00 00:00:00', NULL),
(00000000089, 00000000089, '0000-00-00 00:00:00', 'RTC Branch 2', '', 'Pending', 0, '0000-00-00 00:00:00', '0000-00-00 00:00:00', NULL),
(00000000090, 00000000090, '0000-00-00 00:00:00', 'RTC Branch 2', '', 'Pending', 0, '0000-00-00 00:00:00', '0000-00-00 00:00:00', NULL),
(00000000091, 00000000091, '0000-00-00 00:00:00', 'RTC Branch 2', '', 'Pending', 0, '0000-00-00 00:00:00', '0000-00-00 00:00:00', NULL),
(00000000092, 00000000092, '0000-00-00 00:00:00', 'RTC Branch 2', '', 'Pending', 0, '0000-00-00 00:00:00', '0000-00-00 00:00:00', NULL),
(00000000093, 00000000093, '0000-00-00 00:00:00', 'RTC Branch 2', '', 'Pending', 0, '0000-00-00 00:00:00', '0000-00-00 00:00:00', NULL),
(00000000094, 00000000094, '0000-00-00 00:00:00', 'RTC Branch 2', '', 'Pending', 0, '0000-00-00 00:00:00', '0000-00-00 00:00:00', NULL),
(00000000095, 00000000095, '0000-00-00 00:00:00', 'RTC Branch 2', '', 'Pending', 0, '0000-00-00 00:00:00', '0000-00-00 00:00:00', NULL),
(00000000096, 00000000096, '0000-00-00 00:00:00', 'RTC Branch 2', '', 'Pending', 0, '0000-00-00 00:00:00', '0000-00-00 00:00:00', NULL),
(00000000097, 00000000097, '0000-00-00 00:00:00', 'RTC Branch 2', '', 'Pending', 0, '0000-00-00 00:00:00', '0000-00-00 00:00:00', NULL),
(00000000098, 00000000098, '0000-00-00 00:00:00', 'RTC Branch 2', '', 'Pending', 0, '0000-00-00 00:00:00', '0000-00-00 00:00:00', NULL),
(00000000099, 00000000099, '0000-00-00 00:00:00', 'RTC Branch 2', '', 'Pending', 0, '0000-00-00 00:00:00', '0000-00-00 00:00:00', NULL),
(00000000100, 00000000100, '0000-00-00 00:00:00', 'RTC Branch 2', '', 'Pending', 0, '0000-00-00 00:00:00', '0000-00-00 00:00:00', NULL),
(00000000101, 00000000101, '0000-00-00 00:00:00', 'RTC Branch 2', '', 'Pending', 0, '0000-00-00 00:00:00', '0000-00-00 00:00:00', NULL),
(00000000102, 00000000102, '0000-00-00 00:00:00', 'RTC Branch 2', '', 'Pending', 0, '0000-00-00 00:00:00', '0000-00-00 00:00:00', NULL),
(00000000103, 00000000103, '0000-00-00 00:00:00', 'RTC Branch 2', '', 'Pending', 0, '0000-00-00 00:00:00', '0000-00-00 00:00:00', NULL),
(00000000104, 00000000104, '0000-00-00 00:00:00', 'RTC Branch 2', '', 'Pending', 0, '0000-00-00 00:00:00', '0000-00-00 00:00:00', NULL),
(00000000105, 00000000105, '0000-00-00 00:00:00', 'RTC Branch 2', '', 'Pending', 0, '0000-00-00 00:00:00', '0000-00-00 00:00:00', NULL),
(00000000106, 00000000106, '0000-00-00 00:00:00', 'RTC Branch 2', '', 'Pending', 0, '0000-00-00 00:00:00', '0000-00-00 00:00:00', NULL),
(00000000107, 00000000107, '0000-00-00 00:00:00', 'RTC Branch 2', '', 'Pending', 0, '0000-00-00 00:00:00', '0000-00-00 00:00:00', NULL),
(00000000108, 00000000108, '0000-00-00 00:00:00', 'RTC Branch 2', '', 'Pending', 0, '0000-00-00 00:00:00', '0000-00-00 00:00:00', NULL),
(00000000109, 00000000109, '0000-00-00 00:00:00', 'RTC Branch 2', '', 'Pending', 0, '0000-00-00 00:00:00', '0000-00-00 00:00:00', NULL),
(00000000110, 00000000110, '0000-00-00 00:00:00', 'RTC Branch 2', '', 'Pending', 0, '0000-00-00 00:00:00', '0000-00-00 00:00:00', NULL),
(00000000111, 00000000111, '0000-00-00 00:00:00', 'RTC Branch 2', '', 'Pending', 0, '0000-00-00 00:00:00', '0000-00-00 00:00:00', NULL),
(00000000112, 00000000112, '0000-00-00 00:00:00', 'RTC Branch 2', '', 'Pending', 0, '0000-00-00 00:00:00', '0000-00-00 00:00:00', NULL),
(00000000113, 00000000113, '0000-00-00 00:00:00', 'RTC Branch 2', '', 'Pending', 0, '0000-00-00 00:00:00', '0000-00-00 00:00:00', NULL),
(00000000114, 00000000114, '0000-00-00 00:00:00', 'RTC Branch 2', '', 'Pending', 0, '0000-00-00 00:00:00', '0000-00-00 00:00:00', NULL),
(00000000115, 00000000115, '0000-00-00 00:00:00', 'RTC Branch 2', '', 'Pending', 0, '0000-00-00 00:00:00', '0000-00-00 00:00:00', NULL),
(00000000116, 00000000116, '0000-00-00 00:00:00', 'RTC Branch 2', '', 'Pending', 0, '0000-00-00 00:00:00', '0000-00-00 00:00:00', NULL),
(00000000117, 00000000117, '0000-00-00 00:00:00', 'RTC Branch 2', '', 'Pending', 0, '0000-00-00 00:00:00', '0000-00-00 00:00:00', NULL),
(00000000118, 00000000118, '0000-00-00 00:00:00', 'RTC Branch 2', '', 'Pending', 0, '0000-00-00 00:00:00', '0000-00-00 00:00:00', NULL),
(00000000119, 00000000119, '0000-00-00 00:00:00', 'RTC Branch 2', '', 'Pending', 0, '0000-00-00 00:00:00', '0000-00-00 00:00:00', NULL),
(00000000120, 00000000120, '0000-00-00 00:00:00', 'RTC Branch 2', '', 'Pending', 0, '0000-00-00 00:00:00', '0000-00-00 00:00:00', NULL),
(00000000121, 00000000121, '0000-00-00 00:00:00', 'RTC Branch 2', '', 'Pending', 0, '0000-00-00 00:00:00', '0000-00-00 00:00:00', NULL),
(00000000122, 00000000122, '0000-00-00 00:00:00', 'RTC Branch 2', '', 'Pending', 0, '0000-00-00 00:00:00', '0000-00-00 00:00:00', NULL),
(00000000123, 00000000123, '0000-00-00 00:00:00', 'RTC Branch 2', '', 'Pending', 0, '0000-00-00 00:00:00', '0000-00-00 00:00:00', NULL),
(00000000124, 00000000124, '0000-00-00 00:00:00', 'RTC Branch 2', '', 'Pending', 0, '0000-00-00 00:00:00', '0000-00-00 00:00:00', NULL),
(00000000125, 00000000125, '0000-00-00 00:00:00', 'RTC Branch 2', '', 'Pending', 0, '0000-00-00 00:00:00', '0000-00-00 00:00:00', NULL),
(00000000126, 00000000126, '0000-00-00 00:00:00', 'RTC Branch 2', '', 'Pending', 0, '0000-00-00 00:00:00', '0000-00-00 00:00:00', NULL),
(00000000127, 00000000127, '0000-00-00 00:00:00', 'RTC Branch 2', '', 'Pending', 0, '0000-00-00 00:00:00', '0000-00-00 00:00:00', NULL),
(00000000128, 00000000128, '0000-00-00 00:00:00', 'RTC Branch 2', '', 'Pending', 0, '0000-00-00 00:00:00', '0000-00-00 00:00:00', NULL),
(00000000129, 00000000129, '0000-00-00 00:00:00', 'RTC Branch 2', '', 'Pending', 0, '0000-00-00 00:00:00', '0000-00-00 00:00:00', NULL),
(00000000130, 00000000130, '0000-00-00 00:00:00', 'RTC Branch 2', '', 'Pending', 0, '0000-00-00 00:00:00', '0000-00-00 00:00:00', NULL),
(00000000131, 00000000131, '0000-00-00 00:00:00', 'RTC Branch 2', '', 'Pending', 0, '0000-00-00 00:00:00', '0000-00-00 00:00:00', NULL),
(00000000132, 00000000132, '0000-00-00 00:00:00', 'RTC Branch 2', '', 'Pending', 0, '0000-00-00 00:00:00', '0000-00-00 00:00:00', NULL),
(00000000133, 00000000133, '0000-00-00 00:00:00', 'RTC Branch 2', '', 'Pending', 0, '0000-00-00 00:00:00', '0000-00-00 00:00:00', NULL),
(00000000134, 00000000134, '0000-00-00 00:00:00', 'RTC Branch 2', '', 'Pending', 0, '0000-00-00 00:00:00', '0000-00-00 00:00:00', NULL),
(00000000135, 00000000135, '0000-00-00 00:00:00', 'RTC Branch 2', '', 'Pending', 0, '0000-00-00 00:00:00', '0000-00-00 00:00:00', NULL),
(00000000136, 00000000136, '0000-00-00 00:00:00', 'RTC Branch 1', '', 'Pending', 0, '0000-00-00 00:00:00', '0000-00-00 00:00:00', NULL);

-- --------------------------------------------------------

--
-- Table structure for table `cs_appearance_schedule_personnels`
--

CREATE TABLE `cs_appearance_schedule_personnels` (
  `id` int(11) UNSIGNED ZEROFILL NOT NULL,
  `appearance_schedule_id` int(11) UNSIGNED ZEROFILL NOT NULL,
  `type` enum('judge','jail_officer','lawyer') DEFAULT NULL,
  `name` varchar(255) DEFAULT NULL
) ENGINE=InnoDB DEFAULT CHARSET=latin1;

--
-- Dumping data for table `cs_appearance_schedule_personnels`
--

INSERT INTO `cs_appearance_schedule_personnels` (`id`, `appearance_schedule_id`, `type`, `name`) VALUES
(00000000001, 00000000001, 'jail_officer', '1st Jail Off 1'),
(00000000002, 00000000001, 'jail_officer', '1st Jail Off 2'),
(00000000003, 00000000001, 'judge', '1st Judge'),
(00000000004, 00000000001, 'lawyer', '1st Lawyer 1'),
(00000000005, 00000000001, 'lawyer', '1st Lawyer 2');

-- --------------------------------------------------------

--
-- Table structure for table `cs_cases`
--

CREATE TABLE `cs_cases` (
  `id` int(11) UNSIGNED ZEROFILL NOT NULL,
  `reasons_id` int(11) UNSIGNED ZEROFILL NOT NULL,
  `case_no` varchar(15) NOT NULL,
  `violation_id` int(11) UNSIGNED ZEROFILL NOT NULL,
  `created_on` int(11) UNSIGNED DEFAULT NULL,
  `modified_on` int(11) UNSIGNED DEFAULT NULL,
  `s_min_year` varchar(255) DEFAULT NULL,
  `s_max_year` varchar(255) DEFAULT NULL,
  `s_min_month` varchar(255) DEFAULT NULL,
  `s_max_month` varchar(255) DEFAULT NULL,
  `s_min_day` varchar(255) DEFAULT NULL,
  `s_max_day` varchar(255) DEFAULT NULL,
  `status` varchar(255) NOT NULL DEFAULT 'active',
  `reasons` text NOT NULL
) ENGINE=InnoDB DEFAULT CHARSET=latin1;

--
-- Dumping data for table `cs_cases`
--

INSERT INTO `cs_cases` (`id`, `reasons_id`, `case_no`, `violation_id`, `created_on`, `modified_on`, `s_min_year`, `s_max_year`, `s_min_month`, `s_max_month`, `s_min_day`, `s_max_day`, `status`, `reasons`) VALUES
(00000000001, 00000000001, '1', 00000000001, 1500902734, NULL, NULL, '1', NULL, NULL, NULL, NULL, 'active', ''),
(00000000002, 00000000002, '2', 00000000001, 1500904533, NULL, NULL, '3', NULL, NULL, NULL, NULL, 'active', ''),
(00000000003, 00000000003, '613', 00000000001, 1500905878, NULL, NULL, '1', NULL, NULL, NULL, NULL, 'active', ''),
(00000000004, 00000000001, '3', 00000000002, 1500906414, NULL, '4', '9', '', '', '', '', 'active', ''),
(00000000005, 00000000004, '3', 00000000001, 1500908318, NULL, NULL, '1', NULL, NULL, NULL, NULL, 'active', ''),
(00000000006, 00000000005, '515512', 00000000002, 1500908405, NULL, NULL, '1', NULL, NULL, NULL, NULL, 'active', ''),
(00000000007, 00000000006, '23', 00000000001, 1500964619, NULL, NULL, '20', NULL, NULL, NULL, NULL, 'active', ''),
(00000000008, 00000000007, '12', 00000000001, 1500965382, NULL, NULL, '1', NULL, NULL, NULL, NULL, 'active', ''),
(00000000009, 00000000007, '7th', 00000000001, 1500965439, NULL, NULL, '1', NULL, NULL, NULL, NULL, 'active', ''),
(00000000010, 00000000009, '16323', 00000000001, 1501167525, NULL, NULL, '10', NULL, NULL, NULL, NULL, 'active', ''),
(00000000011, 00000000010, '15323', 00000000001, 1501168790, NULL, NULL, '10', NULL, NULL, NULL, NULL, 'active', ''),
(00000000012, 00000000011, '52423', 00000000002, 1502708867, NULL, NULL, '20', NULL, NULL, NULL, NULL, 'active', ''),
(00000000013, 00000000012, '613', 00000000001, 1503310531, NULL, NULL, '10', NULL, NULL, NULL, NULL, 'active', ''),
(00000000014, 00000000013, '010001', 00000000001, 1503311102, NULL, NULL, '10', NULL, NULL, NULL, NULL, 'active', ''),
(00000000015, 00000000014, '010002', 00000000001, 1503311175, NULL, NULL, '10', NULL, NULL, NULL, NULL, 'active', ''),
(00000000016, 00000000015, '010003', 00000000001, 1503311187, NULL, NULL, '10', NULL, NULL, NULL, NULL, 'active', ''),
(00000000017, 00000000016, '010004', 00000000001, 1503311198, NULL, NULL, '10', NULL, NULL, NULL, NULL, 'active', ''),
(00000000018, 00000000017, '010005', 00000000001, 1503311208, NULL, NULL, '10', NULL, NULL, NULL, NULL, 'active', ''),
(00000000019, 00000000018, '010006', 00000000001, 1503311220, NULL, NULL, '10', NULL, NULL, NULL, NULL, 'active', ''),
(00000000020, 00000000019, '010007', 00000000001, 1503311230, NULL, NULL, '10', NULL, NULL, NULL, NULL, 'active', ''),
(00000000021, 00000000020, '010008', 00000000001, 1503311240, NULL, NULL, '10', NULL, NULL, NULL, NULL, 'active', ''),
(00000000022, 00000000021, '010009', 00000000001, 1503311251, NULL, NULL, '10', NULL, NULL, NULL, NULL, 'active', ''),
(00000000023, 00000000022, '0100010', 00000000001, 1503311261, NULL, NULL, '10', NULL, NULL, NULL, NULL, 'active', ''),
(00000000024, 00000000023, '0100011', 00000000001, 1503311270, NULL, NULL, '10', NULL, NULL, NULL, NULL, 'active', ''),
(00000000025, 00000000024, '0100012', 00000000001, 1503311281, NULL, NULL, '10', NULL, NULL, NULL, NULL, 'active', ''),
(00000000026, 00000000025, '0100013', 00000000001, 1503311292, NULL, NULL, '10', NULL, NULL, NULL, NULL, 'active', ''),
(00000000027, 00000000026, '0100014', 00000000001, 1503311302, NULL, NULL, '10', NULL, NULL, NULL, NULL, 'active', ''),
(00000000028, 00000000027, '0100015', 00000000001, 1503311311, NULL, NULL, '10', NULL, NULL, NULL, NULL, 'active', ''),
(00000000029, 00000000028, '0100016', 00000000001, 1503311322, NULL, NULL, '10', NULL, NULL, NULL, NULL, 'active', ''),
(00000000030, 00000000029, '0100017', 00000000001, 1503311332, NULL, NULL, '10', NULL, NULL, NULL, NULL, 'active', ''),
(00000000031, 00000000030, '0100018', 00000000001, 1503311343, NULL, NULL, '10', NULL, NULL, NULL, NULL, 'active', ''),
(00000000032, 00000000031, '0100019', 00000000001, 1503311353, NULL, NULL, '10', NULL, NULL, NULL, NULL, 'active', ''),
(00000000033, 00000000032, '0100020', 00000000001, 1503311364, NULL, NULL, '10', NULL, NULL, NULL, NULL, 'active', ''),
(00000000034, 00000000033, '0100021', 00000000001, 1503311375, NULL, NULL, '10', NULL, NULL, NULL, NULL, 'active', ''),
(00000000035, 00000000034, '0100022', 00000000001, 1503311386, NULL, NULL, '10', NULL, NULL, NULL, NULL, 'active', ''),
(00000000036, 00000000035, '0100023', 00000000001, 1503311398, NULL, NULL, '10', NULL, NULL, NULL, NULL, 'active', ''),
(00000000037, 00000000036, '0100024', 00000000001, 1503311408, NULL, NULL, '10', NULL, NULL, NULL, NULL, 'active', ''),
(00000000038, 00000000037, '0100025', 00000000001, 1503311419, NULL, NULL, '10', NULL, NULL, NULL, NULL, 'active', ''),
(00000000039, 00000000038, '0100026', 00000000001, 1503311428, NULL, NULL, '10', NULL, NULL, NULL, NULL, 'active', ''),
(00000000040, 00000000039, '0100027', 00000000001, 1503311437, NULL, NULL, '10', NULL, NULL, NULL, NULL, 'active', ''),
(00000000041, 00000000040, '0100028', 00000000001, 1503311445, NULL, NULL, '10', NULL, NULL, NULL, NULL, 'active', ''),
(00000000042, 00000000041, '0100029', 00000000001, 1503311454, NULL, NULL, '10', NULL, NULL, NULL, NULL, 'active', ''),
(00000000043, 00000000042, '0100030', 00000000001, 1503311462, NULL, NULL, '10', NULL, NULL, NULL, NULL, 'active', ''),
(00000000044, 00000000043, '0100031', 00000000001, 1503311471, NULL, NULL, '10', NULL, NULL, NULL, NULL, 'active', ''),
(00000000045, 00000000044, '0100032', 00000000001, 1503311480, NULL, NULL, '10', NULL, NULL, NULL, NULL, 'active', ''),
(00000000046, 00000000045, '0100033', 00000000001, 1503311490, NULL, NULL, '10', NULL, NULL, NULL, NULL, 'active', ''),
(00000000047, 00000000046, '0100034', 00000000001, 1503311501, NULL, NULL, '10', NULL, NULL, NULL, NULL, 'active', ''),
(00000000048, 00000000047, '0100035', 00000000001, 1503311510, NULL, NULL, '10', NULL, NULL, NULL, NULL, 'active', ''),
(00000000049, 00000000048, '0100036', 00000000001, 1503311519, NULL, NULL, '10', NULL, NULL, NULL, NULL, 'active', ''),
(00000000050, 00000000049, '0100037', 00000000001, 1503311531, NULL, NULL, '10', NULL, NULL, NULL, NULL, 'active', ''),
(00000000051, 00000000050, '0100038', 00000000001, 1503311540, NULL, NULL, '10', NULL, NULL, NULL, NULL, 'active', ''),
(00000000052, 00000000051, '0100039', 00000000001, 1503311554, NULL, NULL, '10', NULL, NULL, NULL, NULL, 'active', ''),
(00000000053, 00000000052, '0100040', 00000000001, 1503311565, NULL, NULL, '10', NULL, NULL, NULL, NULL, 'active', ''),
(00000000054, 00000000053, '0100041', 00000000001, 1503311580, NULL, NULL, '10', NULL, NULL, NULL, NULL, 'active', ''),
(00000000055, 00000000054, '0100042', 00000000001, 1503311589, NULL, NULL, '10', NULL, NULL, NULL, NULL, 'active', ''),
(00000000056, 00000000055, '0100043', 00000000001, 1503311611, NULL, NULL, '10', NULL, NULL, NULL, NULL, 'active', ''),
(00000000057, 00000000056, '0100044', 00000000001, 1503311625, NULL, NULL, '10', NULL, NULL, NULL, NULL, 'active', ''),
(00000000058, 00000000057, '0100045', 00000000001, 1503311635, NULL, NULL, '10', NULL, NULL, NULL, NULL, 'active', ''),
(00000000059, 00000000058, '0100046', 00000000001, 1503311644, NULL, NULL, '10', NULL, NULL, NULL, NULL, 'active', ''),
(00000000060, 00000000059, '0100047', 00000000001, 1503311654, NULL, NULL, '10', NULL, NULL, NULL, NULL, 'active', ''),
(00000000061, 00000000060, '0100048', 00000000001, 1503311664, NULL, NULL, '10', NULL, NULL, NULL, NULL, 'active', ''),
(00000000062, 00000000061, '0100049', 00000000001, 1503311674, NULL, NULL, '10', NULL, NULL, NULL, NULL, 'active', ''),
(00000000063, 00000000062, '0100050', 00000000001, 1503311683, NULL, NULL, '10', NULL, NULL, NULL, NULL, 'active', ''),
(00000000064, 00000000063, '0100051', 00000000001, 1503311692, NULL, NULL, '10', NULL, NULL, NULL, NULL, 'active', ''),
(00000000065, 00000000064, '0100052', 00000000001, 1503311705, NULL, NULL, '10', NULL, NULL, NULL, NULL, 'active', ''),
(00000000066, 00000000065, '0100053', 00000000001, 1503311715, NULL, NULL, '10', NULL, NULL, NULL, NULL, 'active', ''),
(00000000067, 00000000066, '0100054', 00000000001, 1503311724, NULL, NULL, '10', NULL, NULL, NULL, NULL, 'active', ''),
(00000000068, 00000000067, '0100055', 00000000001, 1503311735, NULL, NULL, '10', NULL, NULL, NULL, NULL, 'active', ''),
(00000000069, 00000000068, '0100056', 00000000001, 1503311746, NULL, NULL, '10', NULL, NULL, NULL, NULL, 'active', ''),
(00000000070, 00000000069, '0100057', 00000000001, 1503311754, NULL, NULL, '10', NULL, NULL, NULL, NULL, 'active', ''),
(00000000071, 00000000070, '0100058', 00000000001, 1503311763, NULL, NULL, '10', NULL, NULL, NULL, NULL, 'active', ''),
(00000000072, 00000000071, '0100059', 00000000001, 1503311772, NULL, NULL, '10', NULL, NULL, NULL, NULL, 'active', ''),
(00000000073, 00000000072, '0100060', 00000000001, 1503311783, NULL, NULL, '10', NULL, NULL, NULL, NULL, 'active', ''),
(00000000074, 00000000073, '0100061', 00000000001, 1503311795, NULL, NULL, '10', NULL, NULL, NULL, NULL, 'active', ''),
(00000000075, 00000000074, '0100062', 00000000001, 1503311805, NULL, NULL, '10', NULL, NULL, NULL, NULL, 'active', ''),
(00000000076, 00000000075, '0100063', 00000000001, 1503311816, NULL, NULL, '10', NULL, NULL, NULL, NULL, 'active', ''),
(00000000077, 00000000076, '0100064', 00000000001, 1503311828, NULL, NULL, '10', NULL, NULL, NULL, NULL, 'active', ''),
(00000000078, 00000000077, '0100065', 00000000001, 1503311838, NULL, NULL, '10', NULL, NULL, NULL, NULL, 'active', ''),
(00000000079, 00000000078, '0100066', 00000000001, 1503311852, NULL, NULL, '10', NULL, NULL, NULL, NULL, 'active', ''),
(00000000080, 00000000079, '0100067', 00000000001, 1503311863, NULL, NULL, '10', NULL, NULL, NULL, NULL, 'active', ''),
(00000000081, 00000000080, '0100068', 00000000001, 1503311875, NULL, NULL, '10', NULL, NULL, NULL, NULL, 'active', ''),
(00000000082, 00000000081, '0100069', 00000000001, 1503311886, NULL, NULL, '10', NULL, NULL, NULL, NULL, 'active', ''),
(00000000083, 00000000082, '0100070', 00000000001, 1503311897, NULL, NULL, '10', NULL, NULL, NULL, NULL, 'active', ''),
(00000000084, 00000000083, '0100071', 00000000001, 1503311910, NULL, NULL, '10', NULL, NULL, NULL, NULL, 'active', ''),
(00000000085, 00000000084, '0100072', 00000000001, 1503311921, NULL, NULL, '10', NULL, NULL, NULL, NULL, 'active', ''),
(00000000086, 00000000085, '0100073', 00000000001, 1503311933, NULL, NULL, '10', NULL, NULL, NULL, NULL, 'active', ''),
(00000000087, 00000000086, '0100074', 00000000001, 1503311943, NULL, NULL, '10', NULL, NULL, NULL, NULL, 'active', ''),
(00000000088, 00000000087, '0100075', 00000000001, 1503311958, NULL, NULL, '10', NULL, NULL, NULL, NULL, 'active', ''),
(00000000089, 00000000088, '0100076', 00000000001, 1503311969, NULL, NULL, '10', NULL, NULL, NULL, NULL, 'active', ''),
(00000000090, 00000000089, '0100077', 00000000001, 1503311985, NULL, NULL, '10', NULL, NULL, NULL, NULL, 'active', ''),
(00000000091, 00000000090, '0100078', 00000000001, 1503311997, NULL, NULL, '10', NULL, NULL, NULL, NULL, 'active', ''),
(00000000092, 00000000091, '0100079', 00000000001, 1503312008, NULL, NULL, '10', NULL, NULL, NULL, NULL, 'active', ''),
(00000000093, 00000000092, '0100080', 00000000001, 1503312019, NULL, NULL, '10', NULL, NULL, NULL, NULL, 'active', ''),
(00000000094, 00000000093, '0100081', 00000000001, 1503312031, NULL, NULL, '10', NULL, NULL, NULL, NULL, 'active', ''),
(00000000095, 00000000094, '0100082', 00000000001, 1503312044, NULL, NULL, '10', NULL, NULL, NULL, NULL, 'active', ''),
(00000000096, 00000000095, '0100083', 00000000001, 1503312055, NULL, NULL, '10', NULL, NULL, NULL, NULL, 'active', ''),
(00000000097, 00000000096, '0100084', 00000000001, 1503312071, NULL, NULL, '10', NULL, NULL, NULL, NULL, 'active', ''),
(00000000098, 00000000097, '0100085', 00000000001, 1503312082, NULL, NULL, '10', NULL, NULL, NULL, NULL, 'active', ''),
(00000000099, 00000000098, '0100086', 00000000001, 1503312093, NULL, NULL, '10', NULL, NULL, NULL, NULL, 'active', ''),
(00000000100, 00000000099, '0100087', 00000000001, 1503312109, NULL, NULL, '10', NULL, NULL, NULL, NULL, 'active', ''),
(00000000101, 00000000100, '0100088', 00000000001, 1503312120, NULL, NULL, '10', NULL, NULL, NULL, NULL, 'active', ''),
(00000000102, 00000000101, '0100089', 00000000001, 1503312134, NULL, NULL, '10', NULL, NULL, NULL, NULL, 'active', ''),
(00000000103, 00000000102, '0100090', 00000000001, 1503312145, NULL, NULL, '10', NULL, NULL, NULL, NULL, 'active', ''),
(00000000104, 00000000103, '0100091', 00000000001, 1503312156, NULL, NULL, '10', NULL, NULL, NULL, NULL, 'active', ''),
(00000000105, 00000000104, '0100092', 00000000001, 1503312167, NULL, NULL, '10', NULL, NULL, NULL, NULL, 'active', ''),
(00000000106, 00000000105, '0100093', 00000000001, 1503312185, NULL, NULL, '10', NULL, NULL, NULL, NULL, 'active', ''),
(00000000107, 00000000106, '0100094', 00000000001, 1503312199, NULL, NULL, '10', NULL, NULL, NULL, NULL, 'active', ''),
(00000000108, 00000000107, '0100095', 00000000001, 1503312211, NULL, NULL, '10', NULL, NULL, NULL, NULL, 'active', ''),
(00000000109, 00000000108, '0100096', 00000000001, 1503312225, NULL, NULL, '10', NULL, NULL, NULL, NULL, 'active', ''),
(00000000110, 00000000109, '0100097', 00000000001, 1503312236, NULL, NULL, '10', NULL, NULL, NULL, NULL, 'active', ''),
(00000000111, 00000000110, '0100098', 00000000001, 1503312251, NULL, NULL, '10', NULL, NULL, NULL, NULL, 'active', ''),
(00000000112, 00000000111, '0100099', 00000000001, 1503312261, NULL, NULL, '10', NULL, NULL, NULL, NULL, 'active', ''),
(00000000113, 00000000112, '01000100', 00000000001, 1503312272, NULL, NULL, '10', NULL, NULL, NULL, NULL, 'active', ''),
(00000000114, 00000000113, '01000101', 00000000001, 1503312287, NULL, NULL, '10', NULL, NULL, NULL, NULL, 'active', ''),
(00000000115, 00000000114, '01000102', 00000000001, 1503312299, NULL, NULL, '10', NULL, NULL, NULL, NULL, 'active', ''),
(00000000116, 00000000115, '01000103', 00000000001, 1503312309, NULL, NULL, '10', NULL, NULL, NULL, NULL, 'active', ''),
(00000000117, 00000000116, '01000104', 00000000001, 1503312323, NULL, NULL, '10', NULL, NULL, NULL, NULL, 'active', ''),
(00000000118, 00000000117, '01000105', 00000000001, 1503312339, NULL, NULL, '10', NULL, NULL, NULL, NULL, 'active', ''),
(00000000119, 00000000118, '01000106', 00000000001, 1503312350, NULL, NULL, '10', NULL, NULL, NULL, NULL, 'active', ''),
(00000000120, 00000000119, '01000107', 00000000001, 1503312364, NULL, NULL, '10', NULL, NULL, NULL, NULL, 'active', ''),
(00000000121, 00000000120, '01000108', 00000000001, 1503312374, NULL, NULL, '10', NULL, NULL, NULL, NULL, 'active', ''),
(00000000122, 00000000121, '01000109', 00000000001, 1503312387, NULL, NULL, '10', NULL, NULL, NULL, NULL, 'active', ''),
(00000000123, 00000000122, '01000110', 00000000001, 1503312398, NULL, NULL, '10', NULL, NULL, NULL, NULL, 'active', ''),
(00000000124, 00000000123, '01000111', 00000000001, 1503312415, NULL, NULL, '10', NULL, NULL, NULL, NULL, 'active', ''),
(00000000125, 00000000124, '01000112', 00000000001, 1503312426, NULL, NULL, '10', NULL, NULL, NULL, NULL, 'active', ''),
(00000000126, 00000000125, '01000113', 00000000001, 1503312438, NULL, NULL, '10', NULL, NULL, NULL, NULL, 'active', ''),
(00000000127, 00000000126, '01000114', 00000000001, 1503312448, NULL, NULL, '10', NULL, NULL, NULL, NULL, 'active', ''),
(00000000128, 00000000127, '01000115', 00000000001, 1503312460, NULL, NULL, '10', NULL, NULL, NULL, NULL, 'active', ''),
(00000000129, 00000000128, '01000116', 00000000001, 1503312477, NULL, NULL, '10', NULL, NULL, NULL, NULL, 'active', ''),
(00000000130, 00000000129, '01000117', 00000000001, 1503312488, NULL, NULL, '10', NULL, NULL, NULL, NULL, 'active', ''),
(00000000131, 00000000130, '01000118', 00000000001, 1503312499, NULL, NULL, '10', NULL, NULL, NULL, NULL, 'active', ''),
(00000000132, 00000000131, '01000119', 00000000001, 1503312517, NULL, NULL, '10', NULL, NULL, NULL, NULL, 'active', ''),
(00000000133, 00000000132, '01000120', 00000000001, 1503312527, NULL, NULL, '10', NULL, NULL, NULL, NULL, 'active', ''),
(00000000134, 00000000133, '01000121', 00000000001, 1503312541, NULL, NULL, '10', NULL, NULL, NULL, NULL, 'active', ''),
(00000000135, 00000000134, '01000122', 00000000001, 1503312567, NULL, NULL, '10', NULL, NULL, NULL, NULL, 'active', ''),
(00000000136, 00000000135, '01000123', 00000000001, 1503312600, NULL, NULL, '10', NULL, NULL, NULL, NULL, 'active', ''),
(00000000137, 00000000136, '3213123', 00000000001, 1503312859, NULL, NULL, '10', NULL, NULL, NULL, NULL, 'active', '');

-- --------------------------------------------------------

--
-- Stand-in structure for view `cs_cases_full`
--
CREATE TABLE `cs_cases_full` (
`case_id` int(11) unsigned zerofill
,`reasons_id` int(11) unsigned zerofill
,`case_no` varchar(15)
,`case_created_on` int(11) unsigned
,`case_modified_on` int(11) unsigned
,`case_status` varchar(255)
,`case_reasons` text
,`violation_id` int(11) unsigned zerofill
,`id` int(11) unsigned zerofill
,`violations_category_id` int(11) unsigned zerofill
,`name` varchar(255)
,`level` enum('1','2','3','4','5','lifetime','none')
,`description` text
,`RepublicAct` varchar(255)
,`min_year` varchar(255)
,`max_year` varchar(255)
,`min_month` varchar(255)
,`max_month` varchar(255)
,`min_day` varchar(255)
,`max_day` varchar(255)
,`status` varchar(200)
,`created_on` int(11) unsigned
,`modified_on` int(11) unsigned
,`violation_category_id` int(11) unsigned zerofill
,`violation_category_name` varchar(255)
,`violation_category_description` text
);

-- --------------------------------------------------------

--
-- Table structure for table `cs_logs`
--

CREATE TABLE `cs_logs` (
  `id` int(11) UNSIGNED ZEROFILL NOT NULL,
  `linked_id` int(11) UNSIGNED ZEROFILL NOT NULL,
  `table_name` varchar(255) DEFAULT NULL,
  `table_field` varchar(255) DEFAULT NULL,
  `subject` text,
  `reasons` text,
  `update_by` int(11) UNSIGNED ZEROFILL NOT NULL,
  `action` varchar(255) DEFAULT NULL,
  `created_at` datetime DEFAULT NULL,
  `status` varchar(255) DEFAULT NULL
) ENGINE=InnoDB DEFAULT CHARSET=latin1;

--
-- Dumping data for table `cs_logs`
--

INSERT INTO `cs_logs` (`id`, `linked_id`, `table_name`, `table_field`, `subject`, `reasons`, `update_by`, `action`, `created_at`, `status`) VALUES
(00000000001, 00000000001, 'cs_violations', 'id', 'Add Violation', 'Violation "Violation 1" was added', 00000000001, 'add', '2017-07-24 09:23:35', 'active'),
(00000000002, 00000000123, 'inmate', 'id', 'Update Inmate', 'Change inmate status from "Active" to "Detainee"', 00000000001, 'update', '0000-00-00 00:00:00', 'active'),
(00000000003, 00001136136, 'inmate', 'id', 'Update Inmate', 'Change Period of stay to 3 years(s),  of Inmate ID: 1136136  with court order # 51252112', 00000000001, 'update', '0000-00-00 00:00:00', 'active'),
(00000000004, 00001136136, 'inmate', 'id', 'Update Inmate', 'Change inmate status from "Active" to "Convict"', 00000000001, 'update', '0000-00-00 00:00:00', 'active'),
(00000000005, 00001136136, 'inmate', 'id', 'Update Inmate', 'Change Period of stay to 3 years(s), 1 month(s), 2 day(s)  of Inmate ID: 1136136  with court order # 51252112', 00000000001, 'update', '0000-00-00 00:00:00', 'active'),
(00000000006, 00001136136, 'inmate', 'id', 'Update Inmate', 'Change inmate status from "" to "Convict"', 00000000001, 'update', '0000-00-00 00:00:00', 'active'),
(00000000007, 00001136136, 'inmate', 'id', 'Update Inmate', 'Change Period of stay to 3 years(s), 1 month(s), 2 day(s)  of Inmate ID: 1136136  with court order # 51252112', 00000000001, 'update', '0000-00-00 00:00:00', 'active'),
(00000000008, 00001136136, 'inmate', 'id', 'Update Inmate', 'Change inmate status from "" to "Convict"', 00000000001, 'update', '0000-00-00 00:00:00', 'active'),
(00000000009, 00000512125, 'inmate', 'id', 'Update Inmate', 'Change inmate status from "Active" to "Probation"', 00000000001, 'update', '0000-00-00 00:00:00', 'active'),
(00000000010, 00000000002, 'cs_violations', 'id', 'Add Violation', 'Violation "Violation 2" was added', 00000000001, 'add', '2017-07-24 10:26:35', 'active'),
(00000000011, 00000000004, 'cs_cases', 'id', 'Add New Case', 'Case # 3 - Violation 2 1 (124124) was added to Inmate ID : 123', 00000000001, 'add', '0000-00-00 00:00:00', 'active'),
(00000000012, 00000000002, 'court', 'court_id', 'Add Court', 'Court "RTC Branch 2" was added', 00000000001, 'add', '2017-07-24 10:34:00', 'active'),
(00000000013, 00000000001, 'court', 'court_id', 'Update Court', 'Court "RTC Branch 1" was updated', 00000000001, 'update', '2017-07-24 10:37:32', 'active'),
(00000000014, 00000000002, 'municipality', 'mun_id', 'Add Municipality', 'Municipality\n "Danao City" was added', 00000000001, 'add', '2017-07-24 10:40:15', 'active'),
(00000000015, 00000000001, 'municipality', 'mun_id', 'Update Municipality', 'Municipality "Danaoao City" was updated', 00000000001, 'update', '2017-07-24 10:42:12', 'active'),
(00000000016, 00000000001, 'municipality', 'mun_id', 'Update Municipality', 'Municipality "Danao City" was updated', 00000000001, 'update', '2017-07-24 10:42:55', 'active'),
(00000000017, 00000000001, 'municipality', 'mun_id', 'Update Municipality', 'Municipality "Cebu Cityu" was updated', 00000000001, 'update', '2017-07-24 10:43:34', 'active'),
(00000000018, 00000000001, 'municipality', 'mun_id', 'Update Municipality', 'Municipality "Cebu City" was updated', 00000000001, 'update', '2017-07-24 10:43:59', 'active'),
(00000000019, 00000000002, 'cell', 'cellId', 'Add Cell', 'Cell "546" was added', 00000000001, 'add', '2017-07-24 10:47:08', 'active'),
(00000000020, 00000000152, 'inmate', 'id', 'Update Inmate', 'Change inmate status from "Active" to "Probation"', 00000000001, 'update', '0000-00-00 00:00:00', 'active'),
(00000000021, 00163136163, 'inmate', 'id', 'Update Inmate', 'Change inmate status from "Active" to "Probation"', 00000000001, 'update', '0000-00-00 00:00:00', 'active'),
(00000000022, 00000000152, 'inmate', 'id', 'Update Inmate', 'Change inmate status from "" to "Probation"', 00000000001, 'update', '0000-00-00 00:00:00', 'active'),
(00000000023, 00000000001, 'cell', 'id', 'Delete Cell', 'Cell "2147483647" was deleted', 00000000001, 'delete', '2017-09-01 08:28:27', 'active'),
(00000000024, 00000000001, 'cell', 'id', 'Delete Cell', 'Cell "2147483647" was deleted', 00000000001, 'delete', '2017-09-01 08:31:14', 'active'),
(00000000025, 00000000001, 'cell', 'id', 'Update Cell', 'Cell "2147483647" was updated', 00000000001, 'update', '2017-09-01 08:33:28', 'active');

-- --------------------------------------------------------

--
-- Table structure for table `cs_reasons`
--

CREATE TABLE `cs_reasons` (
  `id` int(11) UNSIGNED ZEROFILL NOT NULL,
  `inmate_id` varchar(20) NOT NULL,
  `status` enum('Active') DEFAULT 'Active',
  `type` enum('Detainee','Convict','Probation','Pending') DEFAULT 'Pending',
  `start_date` datetime DEFAULT NULL,
  `release_date` datetime DEFAULT NULL,
  `number_of_years` float DEFAULT NULL,
  `number_of_months` float DEFAULT NULL,
  `number_of_days` float DEFAULT NULL,
  `court_order_number` varchar(255) NOT NULL,
  `is_read` int(2) NOT NULL,
  `created_on` int(11) UNSIGNED DEFAULT NULL,
  `modified_on` int(11) UNSIGNED DEFAULT NULL
) ENGINE=InnoDB DEFAULT CHARSET=latin1;

--
-- Dumping data for table `cs_reasons`
--

INSERT INTO `cs_reasons` (`id`, `inmate_id`, `status`, `type`, `start_date`, `release_date`, `number_of_years`, `number_of_months`, `number_of_days`, `court_order_number`, `is_read`, `created_on`, `modified_on`) VALUES
(00000000001, '123', 'Active', 'Detainee', '2017-07-24 00:00:00', '1971-01-01 00:00:00', 1, 0, NULL, '', 0, 1500902734, 1500902787),
(00000000002, '1136136', 'Active', 'Convict', '2017-07-24 00:00:00', '2020-08-26 00:00:00', 3, 1, 2, '51252112', 0, 1500904533, 1500905709),
(00000000003, '512125', 'Active', 'Probation', '2017-07-13 00:00:00', '1971-01-01 00:00:00', 1, 0, NULL, '', 0, 1500905878, 1500905930),
(00000000004, '152', 'Active', 'Probation', '2017-07-25 00:00:00', '2018-07-24 00:00:00', 1, 0, NULL, '', 0, 1500908318, 1500949615),
(00000000005, '163136163', 'Active', 'Probation', '2017-07-24 00:00:00', '2018-07-14 00:00:00', 1, 0, NULL, '', 0, 1500908405, 1500908563),
(00000000006, '6', 'Active', 'Detainee', '2017-07-18 00:00:00', '2017-07-04 00:00:00', 20, NULL, NULL, '', 0, 1500964619, NULL),
(00000000007, '7', 'Active', 'Detainee', '2017-07-03 00:00:00', '2017-07-03 00:00:00', 1, NULL, NULL, '', 0, 1500965382, NULL),
(00000000008, '7', 'Active', 'Detainee', '2017-07-24 00:00:00', '2017-07-11 00:00:00', 1, NULL, NULL, '', 0, 1500965439, NULL),
(00000000009, '1676593', 'Active', 'Pending', '2017-07-13 00:00:00', '2020-07-13 00:00:00', 10, NULL, NULL, '', 0, 1501167525, NULL),
(00000000010, '1516593', 'Active', 'Pending', '2017-07-13 00:00:00', '2020-07-13 00:00:00', 10, NULL, NULL, '', 0, 1501168790, NULL),
(00000000011, '953485', 'Active', 'Detainee', '2017-08-14 00:00:00', '2037-08-15 00:00:00', 20, NULL, NULL, '', 0, 1502708867, NULL),
(00000000012, '17456593', 'Active', 'Detainee', '2017-07-13 00:00:00', '2020-07-13 00:00:00', 10, NULL, NULL, '', 0, 1503310531, NULL),
(00000000013, '00001', 'Active', 'Detainee', '2017-07-13 00:00:00', '2020-07-13 00:00:00', 10, NULL, NULL, '', 0, 1503311102, NULL),
(00000000014, '00002', 'Active', 'Detainee', '2017-07-13 00:00:00', '2020-07-13 00:00:00', 10, NULL, NULL, '', 0, 1503311175, NULL),
(00000000015, '00003', 'Active', 'Detainee', '2017-07-13 00:00:00', '2020-07-13 00:00:00', 10, NULL, NULL, '', 0, 1503311187, NULL),
(00000000016, '00004', 'Active', 'Detainee', '2017-07-13 00:00:00', '2020-07-13 00:00:00', 10, NULL, NULL, '', 0, 1503311198, NULL),
(00000000017, '00005', 'Active', 'Detainee', '2017-07-13 00:00:00', '2020-07-13 00:00:00', 10, NULL, NULL, '', 0, 1503311208, NULL),
(00000000018, '00006', 'Active', 'Detainee', '2017-07-13 00:00:00', '2020-07-13 00:00:00', 10, NULL, NULL, '', 0, 1503311220, NULL),
(00000000019, '00007', 'Active', 'Detainee', '2017-07-13 00:00:00', '2020-07-13 00:00:00', 10, NULL, NULL, '', 0, 1503311230, NULL),
(00000000020, '00008', 'Active', 'Detainee', '2017-07-13 00:00:00', '2020-07-13 00:00:00', 10, NULL, NULL, '', 0, 1503311240, NULL),
(00000000021, '00009', 'Active', 'Detainee', '2017-07-13 00:00:00', '2020-07-13 00:00:00', 10, NULL, NULL, '', 0, 1503311251, NULL),
(00000000022, '000010', 'Active', 'Detainee', '2017-07-13 00:00:00', '2020-07-13 00:00:00', 10, NULL, NULL, '', 0, 1503311261, NULL),
(00000000023, '000011', 'Active', 'Detainee', '2017-07-13 00:00:00', '2020-07-13 00:00:00', 10, NULL, NULL, '', 0, 1503311270, NULL),
(00000000024, '000012', 'Active', 'Detainee', '2017-07-13 00:00:00', '2020-07-13 00:00:00', 10, NULL, NULL, '', 0, 1503311281, NULL),
(00000000025, '000013', 'Active', 'Detainee', '2017-07-13 00:00:00', '2020-07-13 00:00:00', 10, NULL, NULL, '', 0, 1503311292, NULL),
(00000000026, '000014', 'Active', 'Detainee', '2017-07-13 00:00:00', '2020-07-13 00:00:00', 10, NULL, NULL, '', 0, 1503311302, NULL),
(00000000027, '000015', 'Active', 'Detainee', '2017-07-13 00:00:00', '2020-07-13 00:00:00', 10, NULL, NULL, '', 0, 1503311311, NULL),
(00000000028, '000016', 'Active', 'Detainee', '2017-07-13 00:00:00', '2020-07-13 00:00:00', 10, NULL, NULL, '', 0, 1503311322, NULL),
(00000000029, '000017', 'Active', 'Detainee', '2017-07-13 00:00:00', '2020-07-13 00:00:00', 10, NULL, NULL, '', 0, 1503311332, NULL),
(00000000030, '000018', 'Active', 'Detainee', '2017-07-13 00:00:00', '2020-07-13 00:00:00', 10, NULL, NULL, '', 0, 1503311343, NULL),
(00000000031, '000019', 'Active', 'Detainee', '2017-07-13 00:00:00', '2020-07-13 00:00:00', 10, NULL, NULL, '', 0, 1503311353, NULL),
(00000000032, '000020', 'Active', 'Detainee', '2017-07-13 00:00:00', '2020-07-13 00:00:00', 10, NULL, NULL, '', 0, 1503311364, NULL),
(00000000033, '000021', 'Active', 'Detainee', '2017-07-13 00:00:00', '2020-07-13 00:00:00', 10, NULL, NULL, '', 0, 1503311375, NULL),
(00000000034, '000022', 'Active', 'Detainee', '2017-07-13 00:00:00', '2020-07-13 00:00:00', 10, NULL, NULL, '', 0, 1503311386, NULL),
(00000000035, '000023', 'Active', 'Detainee', '2017-07-13 00:00:00', '2020-07-13 00:00:00', 10, NULL, NULL, '', 0, 1503311398, NULL),
(00000000036, '000024', 'Active', 'Detainee', '2017-07-13 00:00:00', '2020-07-13 00:00:00', 10, NULL, NULL, '', 0, 1503311408, NULL),
(00000000037, '000025', 'Active', 'Detainee', '2017-07-13 00:00:00', '2020-07-13 00:00:00', 10, NULL, NULL, '', 0, 1503311419, NULL),
(00000000038, '000026', 'Active', 'Detainee', '2017-07-13 00:00:00', '2020-07-13 00:00:00', 10, NULL, NULL, '', 0, 1503311428, NULL),
(00000000039, '000027', 'Active', 'Detainee', '2017-07-13 00:00:00', '2020-07-13 00:00:00', 10, NULL, NULL, '', 0, 1503311437, NULL),
(00000000040, '000028', 'Active', 'Detainee', '2017-07-13 00:00:00', '2020-07-13 00:00:00', 10, NULL, NULL, '', 0, 1503311445, NULL),
(00000000041, '000029', 'Active', 'Detainee', '2017-07-13 00:00:00', '2020-07-13 00:00:00', 10, NULL, NULL, '', 0, 1503311454, NULL),
(00000000042, '000030', 'Active', 'Detainee', '2017-07-13 00:00:00', '2020-07-13 00:00:00', 10, NULL, NULL, '', 0, 1503311462, NULL),
(00000000043, '000031', 'Active', 'Detainee', '2017-07-13 00:00:00', '2020-07-13 00:00:00', 10, NULL, NULL, '', 0, 1503311471, NULL),
(00000000044, '000032', 'Active', 'Detainee', '2017-07-13 00:00:00', '2020-07-13 00:00:00', 10, NULL, NULL, '', 0, 1503311480, NULL),
(00000000045, '000033', 'Active', 'Detainee', '2017-07-13 00:00:00', '2020-07-13 00:00:00', 10, NULL, NULL, '', 0, 1503311490, NULL),
(00000000046, '000034', 'Active', 'Detainee', '2017-07-13 00:00:00', '2020-07-13 00:00:00', 10, NULL, NULL, '', 0, 1503311501, NULL),
(00000000047, '000035', 'Active', 'Detainee', '2017-07-13 00:00:00', '2020-07-13 00:00:00', 10, NULL, NULL, '', 0, 1503311510, NULL),
(00000000048, '000036', 'Active', 'Detainee', '2017-07-13 00:00:00', '2020-07-13 00:00:00', 10, NULL, NULL, '', 0, 1503311519, NULL),
(00000000049, '000037', 'Active', 'Detainee', '2017-07-13 00:00:00', '2020-07-13 00:00:00', 10, NULL, NULL, '', 0, 1503311531, NULL),
(00000000050, '000038', 'Active', 'Detainee', '2017-07-13 00:00:00', '2020-07-13 00:00:00', 10, NULL, NULL, '', 0, 1503311540, NULL),
(00000000051, '000039', 'Active', 'Detainee', '2017-07-13 00:00:00', '2020-07-13 00:00:00', 10, NULL, NULL, '', 0, 1503311554, NULL),
(00000000052, '000040', 'Active', 'Detainee', '2017-07-13 00:00:00', '2020-07-13 00:00:00', 10, NULL, NULL, '', 0, 1503311565, NULL),
(00000000053, '000041', 'Active', 'Detainee', '2017-07-13 00:00:00', '2020-07-13 00:00:00', 10, NULL, NULL, '', 0, 1503311580, NULL),
(00000000054, '000042', 'Active', 'Detainee', '2017-07-13 00:00:00', '2020-07-13 00:00:00', 10, NULL, NULL, '', 0, 1503311589, NULL),
(00000000055, '000043', 'Active', 'Detainee', '2017-07-13 00:00:00', '2020-07-13 00:00:00', 10, NULL, NULL, '', 0, 1503311611, NULL),
(00000000056, '000044', 'Active', 'Detainee', '2017-07-13 00:00:00', '2020-07-13 00:00:00', 10, NULL, NULL, '', 0, 1503311625, NULL),
(00000000057, '000045', 'Active', 'Detainee', '2017-07-13 00:00:00', '2020-07-13 00:00:00', 10, NULL, NULL, '', 0, 1503311635, NULL),
(00000000058, '000046', 'Active', 'Detainee', '2017-07-13 00:00:00', '2020-07-13 00:00:00', 10, NULL, NULL, '', 0, 1503311644, NULL),
(00000000059, '000047', 'Active', 'Detainee', '2017-07-13 00:00:00', '2020-07-13 00:00:00', 10, NULL, NULL, '', 0, 1503311654, NULL),
(00000000060, '000048', 'Active', 'Detainee', '2017-07-13 00:00:00', '2020-07-13 00:00:00', 10, NULL, NULL, '', 0, 1503311664, NULL),
(00000000061, '000049', 'Active', 'Detainee', '2017-07-13 00:00:00', '2020-07-13 00:00:00', 10, NULL, NULL, '', 0, 1503311674, NULL),
(00000000062, '000050', 'Active', 'Detainee', '2017-07-13 00:00:00', '2020-07-13 00:00:00', 10, NULL, NULL, '', 0, 1503311683, NULL),
(00000000063, '000051', 'Active', 'Detainee', '2017-07-13 00:00:00', '2020-07-13 00:00:00', 10, NULL, NULL, '', 0, 1503311692, NULL),
(00000000064, '000052', 'Active', 'Detainee', '2017-07-13 00:00:00', '2020-07-13 00:00:00', 10, NULL, NULL, '', 0, 1503311705, NULL),
(00000000065, '000053', 'Active', 'Detainee', '2017-07-13 00:00:00', '2020-07-13 00:00:00', 10, NULL, NULL, '', 0, 1503311715, NULL),
(00000000066, '000054', 'Active', 'Detainee', '2017-07-13 00:00:00', '2020-07-13 00:00:00', 10, NULL, NULL, '', 0, 1503311724, NULL),
(00000000067, '000055', 'Active', 'Detainee', '2017-07-13 00:00:00', '2020-07-13 00:00:00', 10, NULL, NULL, '', 0, 1503311735, NULL),
(00000000068, '000056', 'Active', 'Detainee', '2017-07-13 00:00:00', '2020-07-13 00:00:00', 10, NULL, NULL, '', 0, 1503311746, NULL),
(00000000069, '000057', 'Active', 'Detainee', '2017-07-13 00:00:00', '2020-07-13 00:00:00', 10, NULL, NULL, '', 0, 1503311754, NULL),
(00000000070, '000058', 'Active', 'Detainee', '2017-07-13 00:00:00', '2020-07-13 00:00:00', 10, NULL, NULL, '', 0, 1503311763, NULL),
(00000000071, '000059', 'Active', 'Detainee', '2017-07-13 00:00:00', '2020-07-13 00:00:00', 10, NULL, NULL, '', 0, 1503311772, NULL),
(00000000072, '000060', 'Active', 'Detainee', '2017-07-13 00:00:00', '2020-07-13 00:00:00', 10, NULL, NULL, '', 0, 1503311783, NULL),
(00000000073, '000061', 'Active', 'Detainee', '2017-07-13 00:00:00', '2020-07-13 00:00:00', 10, NULL, NULL, '', 0, 1503311795, NULL),
(00000000074, '000062', 'Active', 'Detainee', '2017-07-13 00:00:00', '2020-07-13 00:00:00', 10, NULL, NULL, '', 0, 1503311805, NULL),
(00000000075, '000063', 'Active', 'Detainee', '2017-07-13 00:00:00', '2020-07-13 00:00:00', 10, NULL, NULL, '', 0, 1503311816, NULL),
(00000000076, '000064', 'Active', 'Detainee', '2017-07-13 00:00:00', '2020-07-13 00:00:00', 10, NULL, NULL, '', 0, 1503311828, NULL),
(00000000077, '000065', 'Active', 'Detainee', '2017-07-13 00:00:00', '2020-07-13 00:00:00', 10, NULL, NULL, '', 0, 1503311838, NULL),
(00000000078, '000066', 'Active', 'Detainee', '2017-07-13 00:00:00', '2020-07-13 00:00:00', 10, NULL, NULL, '', 0, 1503311852, NULL),
(00000000079, '000067', 'Active', 'Detainee', '2017-07-13 00:00:00', '2020-07-13 00:00:00', 10, NULL, NULL, '', 0, 1503311863, NULL),
(00000000080, '000068', 'Active', 'Detainee', '2017-07-13 00:00:00', '2020-07-13 00:00:00', 10, NULL, NULL, '', 0, 1503311875, NULL),
(00000000081, '000069', 'Active', 'Detainee', '2017-07-13 00:00:00', '2020-07-13 00:00:00', 10, NULL, NULL, '', 0, 1503311886, NULL),
(00000000082, '000070', 'Active', 'Detainee', '2017-07-13 00:00:00', '2020-07-13 00:00:00', 10, NULL, NULL, '', 0, 1503311897, NULL),
(00000000083, '000071', 'Active', 'Detainee', '2017-07-13 00:00:00', '2020-07-13 00:00:00', 10, NULL, NULL, '', 0, 1503311910, NULL),
(00000000084, '000072', 'Active', 'Detainee', '2017-07-13 00:00:00', '2020-07-13 00:00:00', 10, NULL, NULL, '', 0, 1503311921, NULL),
(00000000085, '000073', 'Active', 'Detainee', '2017-07-13 00:00:00', '2020-07-13 00:00:00', 10, NULL, NULL, '', 0, 1503311933, NULL),
(00000000086, '000074', 'Active', 'Detainee', '2017-07-13 00:00:00', '2020-07-13 00:00:00', 10, NULL, NULL, '', 0, 1503311943, NULL),
(00000000087, '000075', 'Active', 'Detainee', '2017-07-13 00:00:00', '2020-07-13 00:00:00', 10, NULL, NULL, '', 0, 1503311958, NULL),
(00000000088, '000076', 'Active', 'Detainee', '2017-07-13 00:00:00', '2020-07-13 00:00:00', 10, NULL, NULL, '', 0, 1503311969, NULL),
(00000000089, '000077', 'Active', 'Detainee', '2017-07-13 00:00:00', '2020-07-13 00:00:00', 10, NULL, NULL, '', 0, 1503311985, NULL),
(00000000090, '000078', 'Active', 'Detainee', '2017-07-13 00:00:00', '2020-07-13 00:00:00', 10, NULL, NULL, '', 0, 1503311997, NULL),
(00000000091, '000079', 'Active', 'Detainee', '2017-07-13 00:00:00', '2020-07-13 00:00:00', 10, NULL, NULL, '', 0, 1503312008, NULL),
(00000000092, '000080', 'Active', 'Detainee', '2017-07-13 00:00:00', '2020-07-13 00:00:00', 10, NULL, NULL, '', 0, 1503312019, NULL),
(00000000093, '000081', 'Active', 'Detainee', '2017-07-13 00:00:00', '2020-07-13 00:00:00', 10, NULL, NULL, '', 0, 1503312031, NULL),
(00000000094, '000082', 'Active', 'Detainee', '2017-07-13 00:00:00', '2020-07-13 00:00:00', 10, NULL, NULL, '', 0, 1503312044, NULL),
(00000000095, '000083', 'Active', 'Detainee', '2017-07-13 00:00:00', '2020-07-13 00:00:00', 10, NULL, NULL, '', 0, 1503312055, NULL),
(00000000096, '000084', 'Active', 'Detainee', '2017-07-13 00:00:00', '2020-07-13 00:00:00', 10, NULL, NULL, '', 0, 1503312071, NULL),
(00000000097, '000085', 'Active', 'Detainee', '2017-07-13 00:00:00', '2020-07-13 00:00:00', 10, NULL, NULL, '', 0, 1503312082, NULL),
(00000000098, '000086', 'Active', 'Detainee', '2017-07-13 00:00:00', '2020-07-13 00:00:00', 10, NULL, NULL, '', 0, 1503312093, NULL),
(00000000099, '000087', 'Active', 'Detainee', '2017-07-13 00:00:00', '2020-07-13 00:00:00', 10, NULL, NULL, '', 0, 1503312109, NULL),
(00000000100, '000088', 'Active', 'Detainee', '2017-07-13 00:00:00', '2020-07-13 00:00:00', 10, NULL, NULL, '', 0, 1503312120, NULL),
(00000000101, '000089', 'Active', 'Detainee', '2017-07-13 00:00:00', '2020-07-13 00:00:00', 10, NULL, NULL, '', 0, 1503312134, NULL),
(00000000102, '000090', 'Active', 'Detainee', '2017-07-13 00:00:00', '2020-07-13 00:00:00', 10, NULL, NULL, '', 0, 1503312145, NULL),
(00000000103, '000091', 'Active', 'Detainee', '2017-07-13 00:00:00', '2020-07-13 00:00:00', 10, NULL, NULL, '', 0, 1503312156, NULL),
(00000000104, '000092', 'Active', 'Detainee', '2017-07-13 00:00:00', '2020-07-13 00:00:00', 10, NULL, NULL, '', 0, 1503312167, NULL),
(00000000105, '000093', 'Active', 'Detainee', '2017-07-13 00:00:00', '2020-07-13 00:00:00', 10, NULL, NULL, '', 0, 1503312185, NULL),
(00000000106, '000094', 'Active', 'Detainee', '2017-07-13 00:00:00', '2020-07-13 00:00:00', 10, NULL, NULL, '', 0, 1503312199, NULL),
(00000000107, '000095', 'Active', 'Detainee', '2017-07-13 00:00:00', '2020-07-13 00:00:00', 10, NULL, NULL, '', 0, 1503312211, NULL),
(00000000108, '000096', 'Active', 'Detainee', '2017-07-13 00:00:00', '2020-07-13 00:00:00', 10, NULL, NULL, '', 0, 1503312225, NULL),
(00000000109, '000097', 'Active', 'Detainee', '2017-07-13 00:00:00', '2020-07-13 00:00:00', 10, NULL, NULL, '', 0, 1503312236, NULL),
(00000000110, '000098', 'Active', 'Detainee', '2017-07-13 00:00:00', '2020-07-13 00:00:00', 10, NULL, NULL, '', 0, 1503312251, NULL),
(00000000111, '000099', 'Active', 'Detainee', '2017-07-13 00:00:00', '2020-07-13 00:00:00', 10, NULL, NULL, '', 0, 1503312261, NULL),
(00000000112, '0000100', 'Active', 'Detainee', '2017-07-13 00:00:00', '2020-07-13 00:00:00', 10, NULL, NULL, '', 0, 1503312272, NULL),
(00000000113, '0000101', 'Active', 'Detainee', '2017-07-13 00:00:00', '2020-07-13 00:00:00', 10, NULL, NULL, '', 0, 1503312287, NULL),
(00000000114, '0000102', 'Active', 'Detainee', '2017-07-13 00:00:00', '2020-07-13 00:00:00', 10, NULL, NULL, '', 0, 1503312299, NULL),
(00000000115, '0000103', 'Active', 'Detainee', '2017-07-13 00:00:00', '2020-07-13 00:00:00', 10, NULL, NULL, '', 0, 1503312309, NULL),
(00000000116, '0000104', 'Active', 'Detainee', '2017-07-13 00:00:00', '2020-07-13 00:00:00', 10, NULL, NULL, '', 0, 1503312323, NULL),
(00000000117, '0000105', 'Active', 'Detainee', '2017-07-13 00:00:00', '2020-07-13 00:00:00', 10, NULL, NULL, '', 0, 1503312339, NULL),
(00000000118, '0000106', 'Active', 'Detainee', '2017-07-13 00:00:00', '2020-07-13 00:00:00', 10, NULL, NULL, '', 0, 1503312350, NULL),
(00000000119, '0000107', 'Active', 'Detainee', '2017-07-13 00:00:00', '2020-07-13 00:00:00', 10, NULL, NULL, '', 0, 1503312364, NULL),
(00000000120, '0000108', 'Active', 'Detainee', '2017-07-13 00:00:00', '2020-07-13 00:00:00', 10, NULL, NULL, '', 0, 1503312374, NULL),
(00000000121, '0000109', 'Active', 'Detainee', '2017-07-13 00:00:00', '2020-07-13 00:00:00', 10, NULL, NULL, '', 0, 1503312387, NULL),
(00000000122, '0000110', 'Active', 'Detainee', '2017-07-13 00:00:00', '2020-07-13 00:00:00', 10, NULL, NULL, '', 0, 1503312398, NULL),
(00000000123, '0000111', 'Active', 'Detainee', '2017-07-13 00:00:00', '2020-07-13 00:00:00', 10, NULL, NULL, '', 0, 1503312415, NULL),
(00000000124, '0000112', 'Active', 'Detainee', '2017-07-13 00:00:00', '2020-07-13 00:00:00', 10, NULL, NULL, '', 0, 1503312426, NULL),
(00000000125, '0000113', 'Active', 'Detainee', '2017-07-13 00:00:00', '2020-07-13 00:00:00', 10, NULL, NULL, '', 0, 1503312438, NULL),
(00000000126, '0000114', 'Active', 'Detainee', '2017-07-13 00:00:00', '2020-07-13 00:00:00', 10, NULL, NULL, '', 0, 1503312448, NULL),
(00000000127, '0000115', 'Active', 'Detainee', '2017-07-13 00:00:00', '2020-07-13 00:00:00', 10, NULL, NULL, '', 0, 1503312460, NULL),
(00000000128, '0000116', 'Active', 'Detainee', '2017-07-13 00:00:00', '2020-07-13 00:00:00', 10, NULL, NULL, '', 0, 1503312477, NULL),
(00000000129, '0000117', 'Active', 'Detainee', '2017-07-13 00:00:00', '2020-07-13 00:00:00', 10, NULL, NULL, '', 0, 1503312488, NULL),
(00000000130, '0000118', 'Active', 'Detainee', '2017-07-13 00:00:00', '2020-07-13 00:00:00', 10, NULL, NULL, '', 0, 1503312499, NULL),
(00000000131, '0000119', 'Active', 'Detainee', '2017-07-13 00:00:00', '2020-07-13 00:00:00', 10, NULL, NULL, '', 0, 1503312517, NULL),
(00000000132, '0000120', 'Active', 'Detainee', '2017-07-13 00:00:00', '2020-07-13 00:00:00', 10, NULL, NULL, '', 0, 1503312527, NULL),
(00000000133, '0000121', 'Active', 'Detainee', '2017-07-13 00:00:00', '2020-07-13 00:00:00', 10, NULL, NULL, '', 0, 1503312541, NULL),
(00000000134, '0000122', 'Active', 'Detainee', '2017-07-13 00:00:00', '2020-07-13 00:00:00', 10, NULL, NULL, '', 0, 1503312567, NULL),
(00000000135, '0000123', 'Active', 'Detainee', '2017-07-13 00:00:00', '2020-07-13 00:00:00', 10, NULL, NULL, '', 0, 1503312600, NULL),
(00000000136, '0000124', 'Active', 'Detainee', '2017-08-31 00:00:00', '2017-08-30 00:00:00', 10, NULL, NULL, '', 0, 1503312859, NULL);

-- --------------------------------------------------------

--
-- Table structure for table `cs_sessions`
--

CREATE TABLE `cs_sessions` (
  `session_id` varchar(40) NOT NULL DEFAULT '0',
  `ip_address` varchar(45) NOT NULL DEFAULT '0',
  `user_agent` varchar(120) NOT NULL,
  `last_activity` int(10) UNSIGNED NOT NULL DEFAULT '0',
  `user_data` text NOT NULL
) ENGINE=InnoDB DEFAULT CHARSET=latin1;

--
-- Dumping data for table `cs_sessions`
--

INSERT INTO `cs_sessions` (`session_id`, `ip_address`, `user_agent`, `last_activity`, `user_data`) VALUES
('6b93b55290a09a61ad604dc4484c0543', '::1', 'Mozilla/5.0 (Windows NT 10.0; Win64; x64) AppleWebKit/537.36 (KHTML, like Gecko) Chrome/60.0.3112.113 Safari/537.36', 1504267417, 'a:5:{s:9:"user_data";s:0:"";s:12:"is_logged_in";b:1;s:9:"user_type";s:20:"Warden Administrator";s:7:"user_id";s:11:"00000000001";s:9:"logged_in";a:6:{s:8:"username";s:5:"admin";s:8:"password";s:128:"08f9ef3c42adfe2fbb0e979604c7eb30aa12705fac8b1a9ead899e67b46fd7348c0041721d2be1d64902b66535380e6ff68ee4ed1e9baebf7a7d3dc4285e5391";s:5:"fname";s:5:"CPDRC";s:5:"lname";s:13:"Administrator";s:4:"type";s:20:"Warden Administrator";s:7:"user_id";s:11:"00000000001";}}');

-- --------------------------------------------------------

--
-- Table structure for table `cs_users`
--

CREATE TABLE `cs_users` (
  `id` int(11) UNSIGNED ZEROFILL NOT NULL,
  `email` varchar(254) NOT NULL,
  `first_name` varchar(50) NOT NULL,
  `middle_name` varchar(50) NOT NULL,
  `last_name` varchar(50) NOT NULL,
  `gender` varchar(10) NOT NULL,
  `birthday` date NOT NULL,
  `position` enum('judge','lawyer') NOT NULL DEFAULT 'judge',
  `photo` varchar(50) DEFAULT NULL,
  `status` varchar(15) NOT NULL,
  `last_activity` int(11) UNSIGNED DEFAULT NULL,
  `created_on` int(11) UNSIGNED DEFAULT NULL,
  `modified_on` int(11) UNSIGNED DEFAULT NULL,
  `deleted_on` int(11) UNSIGNED DEFAULT NULL
) ENGINE=InnoDB DEFAULT CHARSET=latin1;

-- --------------------------------------------------------

--
-- Table structure for table `cs_violations`
--

CREATE TABLE `cs_violations` (
  `id` int(11) UNSIGNED ZEROFILL NOT NULL,
  `violations_category_id` int(11) UNSIGNED ZEROFILL NOT NULL,
  `name` varchar(255) NOT NULL,
  `level` enum('1','2','3','4','5','lifetime','none') DEFAULT NULL,
  `description` text,
  `RepublicAct` varchar(255) DEFAULT NULL,
  `min_year` varchar(255) DEFAULT NULL,
  `max_year` varchar(255) DEFAULT NULL,
  `min_month` varchar(255) DEFAULT NULL,
  `max_month` varchar(255) DEFAULT NULL,
  `min_day` varchar(255) DEFAULT NULL,
  `max_day` varchar(255) DEFAULT NULL,
  `status` varchar(200) NOT NULL DEFAULT 'active',
  `created_on` int(11) UNSIGNED DEFAULT NULL,
  `modified_on` int(11) UNSIGNED DEFAULT NULL
) ENGINE=InnoDB DEFAULT CHARSET=latin1;

--
-- Dumping data for table `cs_violations`
--

INSERT INTO `cs_violations` (`id`, `violations_category_id`, `name`, `level`, `description`, `RepublicAct`, `min_year`, `max_year`, `min_month`, `max_month`, `min_day`, `max_day`, `status`, `created_on`, `modified_on`) VALUES
(00000000001, 00000000001, 'Violation 1', '1', 'Violation 1 description', '15', '4', '12', '', '', '', '', 'active', 1500902615, NULL),
(00000000002, 00000000001, 'Violation 2', '1', 'Violation 2 description', '124124', '4', '10', '', '', '', '', 'active', 1500906395, NULL);

-- --------------------------------------------------------

--
-- Table structure for table `cs_violations_categories`
--

CREATE TABLE `cs_violations_categories` (
  `id` int(11) UNSIGNED ZEROFILL NOT NULL,
  `name` varchar(255) NOT NULL,
  `description` text,
  `status` varchar(200) NOT NULL DEFAULT 'active',
  `created_on` int(11) UNSIGNED DEFAULT NULL,
  `modified_on` int(11) UNSIGNED DEFAULT NULL
) ENGINE=InnoDB DEFAULT CHARSET=latin1;

--
-- Dumping data for table `cs_violations_categories`
--

INSERT INTO `cs_violations_categories` (`id`, `name`, `description`, `status`, `created_on`, `modified_on`) VALUES
(00000000001, 'Category 1', 'Category 1 description', 'active', 1500902597, 1500902597);

-- --------------------------------------------------------

--
-- Table structure for table `file`
--

CREATE TABLE `file` (
  `inmate_id` varchar(255) DEFAULT NULL,
  `filename` varchar(255) DEFAULT '192x192.jpg',
  `added_by` int(11) UNSIGNED ZEROFILL NOT NULL,
  `img_set` enum('0','1') NOT NULL DEFAULT '0'
) ENGINE=InnoDB DEFAULT CHARSET=latin1;

--
-- Dumping data for table `file`
--

INSERT INTO `file` (`inmate_id`, `filename`, `added_by`, `img_set`) VALUES
('123', '192x192.jpg', 00000000001, '1'),
('1136136', '192x192.jpg', 00000000001, '1'),
('512125', '192x192.jpg', 00000000001, '1'),
('152', '192x192.jpg', 00000000001, '1'),
('163136163', '192x192.jpg', 00000000001, '1'),
('6', '192x192.jpg', 00000000001, '1'),
('7', '192x192.jpg', 00000000001, '1'),
('1676593', 'paul.jpg', 00000000001, '1'),
('1516593', 'inmate1.jpg', 00000000001, '1'),
('953485', '1.jpg', 00000000001, '1'),
('1746593', 'inmate12.jpg', 00000000001, '1'),
('17456593', 'inmate13.jpg', 00000000001, '1'),
('00001', '192x192.jpg', 00000000001, '1'),
('00002', '192x192.jpg', 00000000001, '1'),
('00003', '192x192.jpg', 00000000001, '1'),
('00004', '192x192.jpg', 00000000001, '1'),
('00005', '192x192.jpg', 00000000001, '1'),
('00006', '192x192.jpg', 00000000001, '1'),
('00007', '192x192.jpg', 00000000001, '1'),
('00008', '192x192.jpg', 00000000001, '1'),
('00009', '192x192.jpg', 00000000001, '1'),
('000010', '192x192.jpg', 00000000001, '1'),
('000011', '192x192.jpg', 00000000001, '1'),
('000012', '192x192.jpg', 00000000001, '1'),
('000013', '192x192.jpg', 00000000001, '1'),
('000014', '192x192.jpg', 00000000001, '1'),
('000015', '192x192.jpg', 00000000001, '1'),
('000016', '192x192.jpg', 00000000001, '1'),
('000017', '192x192.jpg', 00000000001, '1'),
('000018', '192x192.jpg', 00000000001, '1'),
('000019', '192x192.jpg', 00000000001, '1'),
('000020', '192x192.jpg', 00000000001, '1'),
('000021', '192x192.jpg', 00000000001, '1'),
('000022', '192x192.jpg', 00000000001, '1'),
('000023', '192x192.jpg', 00000000001, '1'),
('000024', '192x192.jpg', 00000000001, '1'),
('000025', '192x192.jpg', 00000000001, '1'),
('000026', '192x192.jpg', 00000000001, '1'),
('000027', '192x192.jpg', 00000000001, '1'),
('000028', '192x192.jpg', 00000000001, '1'),
('000029', '192x192.jpg', 00000000001, '1'),
('000030', '192x192.jpg', 00000000001, '1'),
('000031', '192x192.jpg', 00000000001, '1'),
('000032', '192x192.jpg', 00000000001, '1'),
('000033', '192x192.jpg', 00000000001, '1'),
('000034', '192x192.jpg', 00000000001, '1'),
('000035', '192x192.jpg', 00000000001, '1'),
('000036', '192x192.jpg', 00000000001, '1'),
('000037', '192x192.jpg', 00000000001, '1'),
('000038', '192x192.jpg', 00000000001, '1'),
('000039', '192x192.jpg', 00000000001, '1'),
('000040', '192x192.jpg', 00000000001, '1'),
('000041', '192x192.jpg', 00000000001, '1'),
('000042', '192x192.jpg', 00000000001, '1'),
('000043', '192x192.jpg', 00000000001, '1'),
('000044', '192x192.jpg', 00000000001, '1'),
('000045', '192x192.jpg', 00000000001, '1'),
('000046', '192x192.jpg', 00000000001, '1'),
('000047', '192x192.jpg', 00000000001, '1'),
('000048', '192x192.jpg', 00000000001, '1'),
('000049', '192x192.jpg', 00000000001, '1'),
('000050', '192x192.jpg', 00000000001, '1'),
('000051', '192x192.jpg', 00000000001, '1'),
('000052', '192x192.jpg', 00000000001, '1'),
('000053', '192x192.jpg', 00000000001, '1'),
('000054', '192x192.jpg', 00000000001, '1'),
('000055', '192x192.jpg', 00000000001, '1'),
('000056', '192x192.jpg', 00000000001, '1'),
('000057', '192x192.jpg', 00000000001, '1'),
('000058', '192x192.jpg', 00000000001, '1'),
('000059', '192x192.jpg', 00000000001, '1'),
('000060', '192x192.jpg', 00000000001, '1'),
('000061', '192x192.jpg', 00000000001, '1'),
('000062', '192x192.jpg', 00000000001, '1'),
('000063', '192x192.jpg', 00000000001, '1'),
('000064', '192x192.jpg', 00000000001, '1'),
('000065', '192x192.jpg', 00000000001, '1'),
('000066', '192x192.jpg', 00000000001, '1'),
('000067', '192x192.jpg', 00000000001, '1'),
('000068', '192x192.jpg', 00000000001, '1'),
('000069', '192x192.jpg', 00000000001, '1'),
('000070', '192x192.jpg', 00000000001, '1'),
('000071', '192x192.jpg', 00000000001, '1'),
('000072', '192x192.jpg', 00000000001, '1'),
('000073', '192x192.jpg', 00000000001, '1'),
('000074', '192x192.jpg', 00000000001, '1'),
('000075', '192x192.jpg', 00000000001, '1'),
('000076', '192x192.jpg', 00000000001, '1'),
('000077', '192x192.jpg', 00000000001, '1'),
('000078', '192x192.jpg', 00000000001, '1'),
('000079', '192x192.jpg', 00000000001, '1'),
('000080', '192x192.jpg', 00000000001, '1'),
('000081', '192x192.jpg', 00000000001, '1'),
('000082', '192x192.jpg', 00000000001, '1'),
('000083', '192x192.jpg', 00000000001, '1'),
('000084', '192x192.jpg', 00000000001, '1'),
('000085', '192x192.jpg', 00000000001, '1'),
('000086', '192x192.jpg', 00000000001, '1'),
('000087', '192x192.jpg', 00000000001, '1'),
('000088', '192x192.jpg', 00000000001, '1'),
('000089', '192x192.jpg', 00000000001, '1'),
('000090', '192x192.jpg', 00000000001, '1'),
('000091', '192x192.jpg', 00000000001, '1'),
('000092', '192x192.jpg', 00000000001, '1'),
('000093', '192x192.jpg', 00000000001, '1'),
('000094', '192x192.jpg', 00000000001, '1'),
('000095', '192x192.jpg', 00000000001, '1'),
('000096', '192x192.jpg', 00000000001, '1'),
('000097', '192x192.jpg', 00000000001, '1'),
('000098', '192x192.jpg', 00000000001, '1'),
('000099', '192x192.jpg', 00000000001, '1'),
('0000100', '192x192.jpg', 00000000001, '1'),
('0000101', '192x192.jpg', 00000000001, '1'),
('0000102', '192x192.jpg', 00000000001, '1'),
('0000103', '192x192.jpg', 00000000001, '1'),
('0000104', '192x192.jpg', 00000000001, '1'),
('0000105', '192x192.jpg', 00000000001, '1'),
('0000106', '192x192.jpg', 00000000001, '1'),
('0000107', '192x192.jpg', 00000000001, '1'),
('0000108', '192x192.jpg', 00000000001, '1'),
('0000109', '192x192.jpg', 00000000001, '1'),
('0000110', '192x192.jpg', 00000000001, '1'),
('0000111', '192x192.jpg', 00000000001, '1'),
('0000112', '192x192.jpg', 00000000001, '1'),
('0000113', '192x192.jpg', 00000000001, '1'),
('0000114', '192x192.jpg', 00000000001, '1'),
('0000115', '192x192.jpg', 00000000001, '1'),
('0000116', '192x192.jpg', 00000000001, '1'),
('0000117', '192x192.jpg', 00000000001, '1'),
('0000118', '192x192.jpg', 00000000001, '1'),
('0000119', '192x192.jpg', 00000000001, '1'),
('0000120', '192x192.jpg', 00000000001, '1'),
('0000121', '192x192.jpg', 00000000001, '1'),
('0000122', '192x192.jpg', 00000000001, '1'),
('0000123', '192x192.jpg', 00000000001, '1'),
('0000124', '192x192.jpg', 00000000001, '1');

-- --------------------------------------------------------

--
-- Table structure for table `inmate`
--

CREATE TABLE `inmate` (
  `ref_formid` varchar(255) NOT NULL,
  `inmate_id` varchar(255) NOT NULL,
  `cell_no` varchar(255) NOT NULL,
  `inmate_fname` varchar(255) NOT NULL,
  `inmate_lname` varchar(255) NOT NULL,
  `inmate_mi` varchar(255) NOT NULL,
  `inmate_alias` varchar(255) NOT NULL,
  `status` enum('Active','Released','Transfer','Pending') CHARACTER SET latin1 COLLATE latin1_spanish_ci DEFAULT 'Pending',
  `inmate_type` enum('Pending','Detainee','Convict','Probation') NOT NULL DEFAULT 'Pending',
  `date_detained` datetime NOT NULL,
  `date_convicted` datetime NOT NULL,
  `date_probation` datetime NOT NULL,
  `datetime_added` timestamp NOT NULL DEFAULT CURRENT_TIMESTAMP,
  `is_read` int(2) NOT NULL,
  `added_by` int(11) UNSIGNED ZEROFILL NOT NULL
) ENGINE=InnoDB DEFAULT CHARSET=latin1;

--
-- Dumping data for table `inmate`
--

INSERT INTO `inmate` (`ref_formid`, `inmate_id`, `cell_no`, `inmate_fname`, `inmate_lname`, `inmate_mi`, `inmate_alias`, `status`, `inmate_type`, `date_detained`, `date_convicted`, `date_probation`, `datetime_added`, `is_read`, `added_by`) VALUES
('10101', '00001', '2', 'First Name_1', 'Last Name_1', 'Middle Name_1', 'Alias_1', 'Active', 'Detainee', '2017-07-13 00:00:00', '0000-00-00 00:00:00', '0000-00-00 00:00:00', '2017-08-21 10:24:56', 0, 00000000001),
('101010', '000010', '2', 'First Name_10', 'Last Name_10', 'Middle Name_10', 'Alias_10', 'Active', 'Detainee', '2017-07-13 00:00:00', '0000-00-00 00:00:00', '0000-00-00 00:00:00', '2017-08-21 10:27:35', 0, 00000000001),
('1010100', '0000100', '2', 'First Name_100', 'Last Name_100', 'Middle Name_100', 'Alias_100', 'Active', 'Detainee', '2017-07-13 00:00:00', '0000-00-00 00:00:00', '0000-00-00 00:00:00', '2017-08-21 10:44:25', 0, 00000000001),
('1010101', '0000101', '2', 'First Name_101', 'Last Name_101', 'Middle Name_101', 'Alias_101', 'Active', 'Detainee', '2017-07-13 00:00:00', '0000-00-00 00:00:00', '0000-00-00 00:00:00', '2017-08-21 10:44:42', 0, 00000000001),
('1010102', '0000102', '2', 'First Name_102', 'Last Name_102', 'Middle Name_102', 'Alias_102', 'Active', 'Detainee', '2017-07-13 00:00:00', '0000-00-00 00:00:00', '0000-00-00 00:00:00', '2017-08-21 10:44:52', 0, 00000000001),
('1010103', '0000103', '2', 'First Name_103', 'Last Name_103', 'Middle Name_103', 'Alias_103', 'Active', 'Detainee', '2017-07-13 00:00:00', '0000-00-00 00:00:00', '0000-00-00 00:00:00', '2017-08-21 10:45:02', 0, 00000000001),
('1010104', '0000104', '2', 'First Name_104', 'Last Name_104', 'Middle Name_104', 'Alias_104', 'Active', 'Detainee', '2017-07-13 00:00:00', '0000-00-00 00:00:00', '0000-00-00 00:00:00', '2017-08-21 10:45:13', 0, 00000000001),
('1010105', '0000105', '2', 'First Name_105', 'Last Name_105', 'Middle Name_105', 'Alias_105', 'Active', 'Detainee', '2017-07-13 00:00:00', '0000-00-00 00:00:00', '0000-00-00 00:00:00', '2017-08-21 10:45:32', 0, 00000000001),
('1010106', '0000106', '2', 'First Name_106', 'Last Name_106', 'Middle Name_106', 'Alias_106', 'Active', 'Detainee', '2017-07-13 00:00:00', '0000-00-00 00:00:00', '0000-00-00 00:00:00', '2017-08-21 10:45:42', 0, 00000000001),
('1010107', '0000107', '2', 'First Name_107', 'Last Name_107', 'Middle Name_107', 'Alias_107', 'Active', 'Detainee', '2017-07-13 00:00:00', '0000-00-00 00:00:00', '0000-00-00 00:00:00', '2017-08-21 10:45:53', 0, 00000000001),
('1010108', '0000108', '2', 'First Name_108', 'Last Name_108', 'Middle Name_108', 'Alias_108', 'Active', 'Detainee', '2017-07-13 00:00:00', '0000-00-00 00:00:00', '0000-00-00 00:00:00', '2017-08-21 10:46:08', 0, 00000000001),
('1010109', '0000109', '2', 'First Name_109', 'Last Name_109', 'Middle Name_109', 'Alias_109', 'Active', 'Detainee', '2017-07-13 00:00:00', '0000-00-00 00:00:00', '0000-00-00 00:00:00', '2017-08-21 10:46:20', 0, 00000000001),
('101011', '000011', '2', 'First Name_11', 'Last Name_11', 'Middle Name_11', 'Alias_11', 'Active', 'Detainee', '2017-07-13 00:00:00', '0000-00-00 00:00:00', '0000-00-00 00:00:00', '2017-08-21 10:27:45', 0, 00000000001),
('1010110', '0000110', '2', 'First Name_110', 'Last Name_110', 'Middle Name_110', 'Alias_110', 'Active', 'Detainee', '2017-07-13 00:00:00', '0000-00-00 00:00:00', '0000-00-00 00:00:00', '2017-08-21 10:46:31', 0, 00000000001),
('1010111', '0000111', '2', 'First Name_111', 'Last Name_111', 'Middle Name_111', 'Alias_111', 'Active', 'Detainee', '2017-07-13 00:00:00', '0000-00-00 00:00:00', '0000-00-00 00:00:00', '2017-08-21 10:46:47', 0, 00000000001),
('1010112', '0000112', '2', 'First Name_112', 'Last Name_112', 'Middle Name_112', 'Alias_112', 'Active', 'Detainee', '2017-07-13 00:00:00', '0000-00-00 00:00:00', '0000-00-00 00:00:00', '2017-08-21 10:46:58', 0, 00000000001),
('1010113', '0000113', '2', 'First Name_113', 'Last Name_113', 'Middle Name_113', 'Alias_113', 'Active', 'Detainee', '2017-07-13 00:00:00', '0000-00-00 00:00:00', '0000-00-00 00:00:00', '2017-08-21 10:47:10', 0, 00000000001),
('1010114', '0000114', '2', 'First Name_114', 'Last Name_114', 'Middle Name_114', 'Alias_114', 'Active', 'Detainee', '2017-07-13 00:00:00', '0000-00-00 00:00:00', '0000-00-00 00:00:00', '2017-08-21 10:47:23', 0, 00000000001),
('1010115', '0000115', '2', 'First Name_115', 'Last Name_115', 'Middle Name_115', 'Alias_115', 'Active', 'Detainee', '2017-07-13 00:00:00', '0000-00-00 00:00:00', '0000-00-00 00:00:00', '2017-08-21 10:47:33', 0, 00000000001),
('1010116', '0000116', '2', 'First Name_116', 'Last Name_116', 'Middle Name_116', 'Alias_116', 'Active', 'Detainee', '2017-07-13 00:00:00', '0000-00-00 00:00:00', '0000-00-00 00:00:00', '2017-08-21 10:47:49', 0, 00000000001),
('1010117', '0000117', '2', 'First Name_117', 'Last Name_117', 'Middle Name_117', 'Alias_117', 'Active', 'Detainee', '2017-07-13 00:00:00', '0000-00-00 00:00:00', '0000-00-00 00:00:00', '2017-08-21 10:48:01', 0, 00000000001),
('1010118', '0000118', '2', 'First Name_118', 'Last Name_118', 'Middle Name_118', 'Alias_118', 'Active', 'Detainee', '2017-07-13 00:00:00', '0000-00-00 00:00:00', '0000-00-00 00:00:00', '2017-08-21 10:48:12', 0, 00000000001),
('1010119', '0000119', '2', 'First Name_119', 'Last Name_119', 'Middle Name_119', 'Alias_119', 'Active', 'Detainee', '2017-07-13 00:00:00', '0000-00-00 00:00:00', '0000-00-00 00:00:00', '2017-08-21 10:48:28', 0, 00000000001),
('101012', '000012', '2', 'First Name_12', 'Last Name_12', 'Middle Name_12', 'Alias_12', 'Active', 'Detainee', '2017-07-13 00:00:00', '0000-00-00 00:00:00', '0000-00-00 00:00:00', '2017-08-21 10:27:55', 0, 00000000001),
('1010120', '0000120', '2', 'First Name_120', 'Last Name_120', 'Middle Name_120', 'Alias_120', 'Active', 'Detainee', '2017-07-13 00:00:00', '0000-00-00 00:00:00', '0000-00-00 00:00:00', '2017-08-21 10:48:41', 0, 00000000001),
('1010121', '0000121', '2', 'First Name_121', 'Last Name_121', 'Middle Name_121', 'Alias_121', 'Active', 'Detainee', '2017-07-13 00:00:00', '0000-00-00 00:00:00', '0000-00-00 00:00:00', '2017-08-21 10:48:50', 0, 00000000001),
('1010122', '0000122', '2', 'First Name_122', 'Last Name_122', 'Middle Name_122', 'Alias_122', 'Active', 'Detainee', '2017-07-13 00:00:00', '0000-00-00 00:00:00', '0000-00-00 00:00:00', '2017-08-21 10:49:22', 0, 00000000001),
('1010123', '0000123', '2', 'First Name_123', 'Last Name_123', 'Middle Name_123', 'Alias_123', 'Active', 'Detainee', '2017-07-13 00:00:00', '0000-00-00 00:00:00', '0000-00-00 00:00:00', '2017-08-21 10:49:51', 0, 00000000001),
('1010124', '0000124', '2', 'First Name_124', 'Last Name_124', 'Middle Name_124', 'Alias_124', 'Active', 'Detainee', '2017-08-31 00:00:00', '0000-00-00 00:00:00', '0000-00-00 00:00:00', '2017-08-21 10:50:04', 0, 00000000001),
('101013', '000013', '2', 'First Name_13', 'Last Name_13', 'Middle Name_13', 'Alias_13', 'Active', 'Detainee', '2017-07-13 00:00:00', '0000-00-00 00:00:00', '0000-00-00 00:00:00', '2017-08-21 10:28:05', 0, 00000000001),
('101014', '000014', '2', 'First Name_14', 'Last Name_14', 'Middle Name_14', 'Alias_14', 'Active', 'Detainee', '2017-07-13 00:00:00', '0000-00-00 00:00:00', '0000-00-00 00:00:00', '2017-08-21 10:28:16', 0, 00000000001),
('101015', '000015', '2', 'First Name_15', 'Last Name_15', 'Middle Name_15', 'Alias_15', 'Active', 'Detainee', '2017-07-13 00:00:00', '0000-00-00 00:00:00', '0000-00-00 00:00:00', '2017-08-21 10:28:26', 0, 00000000001),
('101016', '000016', '2', 'First Name_16', 'Last Name_16', 'Middle Name_16', 'Alias_16', 'Active', 'Detainee', '2017-07-13 00:00:00', '0000-00-00 00:00:00', '0000-00-00 00:00:00', '2017-08-21 10:28:34', 0, 00000000001),
('101017', '000017', '2', 'First Name_17', 'Last Name_17', 'Middle Name_17', 'Alias_17', 'Active', 'Detainee', '2017-07-13 00:00:00', '0000-00-00 00:00:00', '0000-00-00 00:00:00', '2017-08-21 10:28:46', 0, 00000000001),
('101018', '000018', '2', 'First Name_18', 'Last Name_18', 'Middle Name_18', 'Alias_18', 'Active', 'Detainee', '2017-07-13 00:00:00', '0000-00-00 00:00:00', '0000-00-00 00:00:00', '2017-08-21 10:28:57', 0, 00000000001),
('101019', '000019', '2', 'First Name_19', 'Last Name_19', 'Middle Name_19', 'Alias_19', 'Active', 'Detainee', '2017-07-13 00:00:00', '0000-00-00 00:00:00', '0000-00-00 00:00:00', '2017-08-21 10:29:07', 0, 00000000001),
('10102', '00002', '2', 'First Name_2', 'Last Name_2', 'Middle Name_2', 'Alias_2', 'Active', 'Detainee', '2017-07-13 00:00:00', '0000-00-00 00:00:00', '0000-00-00 00:00:00', '2017-08-21 10:26:08', 0, 00000000001),
('101020', '000020', '2', 'First Name_20', 'Last Name_20', 'Middle Name_20', 'Alias_20', 'Active', 'Detainee', '2017-07-13 00:00:00', '0000-00-00 00:00:00', '0000-00-00 00:00:00', '2017-08-21 10:29:18', 0, 00000000001),
('101021', '000021', '2', 'First Name_21', 'Last Name_21', 'Middle Name_21', 'Alias_21', 'Active', 'Detainee', '2017-07-13 00:00:00', '0000-00-00 00:00:00', '0000-00-00 00:00:00', '2017-08-21 10:29:28', 0, 00000000001),
('101022', '000022', '2', 'First Name_22', 'Last Name_22', 'Middle Name_22', 'Alias_22', 'Active', 'Detainee', '2017-07-13 00:00:00', '0000-00-00 00:00:00', '0000-00-00 00:00:00', '2017-08-21 10:29:40', 0, 00000000001),
('101023', '000023', '2', 'First Name_23', 'Last Name_23', 'Middle Name_23', 'Alias_23', 'Active', 'Detainee', '2017-07-13 00:00:00', '0000-00-00 00:00:00', '0000-00-00 00:00:00', '2017-08-21 10:29:51', 0, 00000000001),
('101024', '000024', '2', 'First Name_24', 'Last Name_24', 'Middle Name_24', 'Alias_24', 'Active', 'Detainee', '2017-07-13 00:00:00', '0000-00-00 00:00:00', '0000-00-00 00:00:00', '2017-08-21 10:30:02', 0, 00000000001),
('101025', '000025', '2', 'First Name_25', 'Last Name_25', 'Middle Name_25', 'Alias_25', 'Active', 'Detainee', '2017-07-13 00:00:00', '0000-00-00 00:00:00', '0000-00-00 00:00:00', '2017-08-21 10:30:13', 0, 00000000001),
('101026', '000026', '2', 'First Name_26', 'Last Name_26', 'Middle Name_26', 'Alias_26', 'Active', 'Detainee', '2017-07-13 00:00:00', '0000-00-00 00:00:00', '0000-00-00 00:00:00', '2017-08-21 10:30:22', 0, 00000000001),
('101027', '000027', '2', 'First Name_27', 'Last Name_27', 'Middle Name_27', 'Alias_27', 'Active', 'Detainee', '2017-07-13 00:00:00', '0000-00-00 00:00:00', '0000-00-00 00:00:00', '2017-08-21 10:30:32', 0, 00000000001),
('101028', '000028', '2', 'First Name_28', 'Last Name_28', 'Middle Name_28', 'Alias_28', 'Active', 'Detainee', '2017-07-13 00:00:00', '0000-00-00 00:00:00', '0000-00-00 00:00:00', '2017-08-21 10:30:41', 0, 00000000001),
('101029', '000029', '2', 'First Name_29', 'Last Name_29', 'Middle Name_29', 'Alias_29', 'Active', 'Detainee', '2017-07-13 00:00:00', '0000-00-00 00:00:00', '0000-00-00 00:00:00', '2017-08-21 10:30:48', 0, 00000000001),
('10103', '00003', '2', 'First Name_3', 'Last Name_3', 'Middle Name_3', 'Alias_3', 'Active', 'Detainee', '2017-07-13 00:00:00', '0000-00-00 00:00:00', '0000-00-00 00:00:00', '2017-08-21 10:26:20', 0, 00000000001),
('101030', '000030', '2', 'First Name_30', 'Last Name_30', 'Middle Name_30', 'Alias_30', 'Active', 'Detainee', '2017-07-13 00:00:00', '0000-00-00 00:00:00', '0000-00-00 00:00:00', '2017-08-21 10:30:57', 0, 00000000001),
('101031', '000031', '2', 'First Name_31', 'Last Name_31', 'Middle Name_31', 'Alias_31', 'Active', 'Detainee', '2017-07-13 00:00:00', '0000-00-00 00:00:00', '0000-00-00 00:00:00', '2017-08-21 10:31:06', 0, 00000000001),
('101032', '000032', '2', 'First Name_32', 'Last Name_32', 'Middle Name_32', 'Alias_32', 'Active', 'Detainee', '2017-07-13 00:00:00', '0000-00-00 00:00:00', '0000-00-00 00:00:00', '2017-08-21 10:31:16', 0, 00000000001),
('101033', '000033', '2', 'First Name_33', 'Last Name_33', 'Middle Name_33', 'Alias_33', 'Active', 'Detainee', '2017-07-13 00:00:00', '0000-00-00 00:00:00', '0000-00-00 00:00:00', '2017-08-21 10:31:24', 0, 00000000001),
('101034', '000034', '2', 'First Name_34', 'Last Name_34', 'Middle Name_34', 'Alias_34', 'Active', 'Detainee', '2017-07-13 00:00:00', '0000-00-00 00:00:00', '0000-00-00 00:00:00', '2017-08-21 10:31:34', 0, 00000000001),
('101035', '000035', '2', 'First Name_35', 'Last Name_35', 'Middle Name_35', 'Alias_35', 'Active', 'Detainee', '2017-07-13 00:00:00', '0000-00-00 00:00:00', '0000-00-00 00:00:00', '2017-08-21 10:31:45', 0, 00000000001),
('101036', '000036', '2', 'First Name_36', 'Last Name_36', 'Middle Name_36', 'Alias_36', 'Active', 'Detainee', '2017-07-13 00:00:00', '0000-00-00 00:00:00', '0000-00-00 00:00:00', '2017-08-21 10:31:53', 0, 00000000001),
('101037', '000037', '2', 'First Name_37', 'Last Name_37', 'Middle Name_37', 'Alias_37', 'Active', 'Detainee', '2017-07-13 00:00:00', '0000-00-00 00:00:00', '0000-00-00 00:00:00', '2017-08-21 10:32:04', 0, 00000000001),
('101038', '000038', '2', 'First Name_38', 'Last Name_38', 'Middle Name_38', 'Alias_38', 'Active', 'Detainee', '2017-07-13 00:00:00', '0000-00-00 00:00:00', '0000-00-00 00:00:00', '2017-08-21 10:32:15', 0, 00000000001),
('101039', '000039', '2', 'First Name_39', 'Last Name_39', 'Middle Name_39', 'Alias_39', 'Active', 'Detainee', '2017-07-13 00:00:00', '0000-00-00 00:00:00', '0000-00-00 00:00:00', '2017-08-21 10:32:28', 0, 00000000001),
('10104', '00004', '2', 'First Name_4', 'Last Name_4', 'Middle Name_4', 'Alias_4', 'Active', 'Detainee', '2017-07-13 00:00:00', '0000-00-00 00:00:00', '0000-00-00 00:00:00', '2017-08-21 10:26:31', 0, 00000000001),
('101040', '000040', '2', 'First Name_40', 'Last Name_40', 'Middle Name_40', 'Alias_40', 'Active', 'Detainee', '2017-07-13 00:00:00', '0000-00-00 00:00:00', '0000-00-00 00:00:00', '2017-08-21 10:32:38', 0, 00000000001),
('101041', '000041', '2', 'First Name_41', 'Last Name_41', 'Middle Name_41', 'Alias_41', 'Active', 'Detainee', '2017-07-13 00:00:00', '0000-00-00 00:00:00', '0000-00-00 00:00:00', '2017-08-21 10:32:53', 0, 00000000001),
('101042', '000042', '2', 'First Name_42', 'Last Name_42', 'Middle Name_42', 'Alias_42', 'Active', 'Detainee', '2017-07-13 00:00:00', '0000-00-00 00:00:00', '0000-00-00 00:00:00', '2017-08-21 10:33:04', 0, 00000000001),
('101043', '000043', '2', 'First Name_43', 'Last Name_43', 'Middle Name_43', 'Alias_43', 'Active', 'Detainee', '2017-07-13 00:00:00', '0000-00-00 00:00:00', '0000-00-00 00:00:00', '2017-08-21 10:33:22', 0, 00000000001),
('101044', '000044', '2', 'First Name_44', 'Last Name_44', 'Middle Name_44', 'Alias_44', 'Active', 'Detainee', '2017-07-13 00:00:00', '0000-00-00 00:00:00', '0000-00-00 00:00:00', '2017-08-21 10:33:38', 0, 00000000001),
('101045', '000045', '2', 'First Name_45', 'Last Name_45', 'Middle Name_45', 'Alias_45', 'Active', 'Detainee', '2017-07-13 00:00:00', '0000-00-00 00:00:00', '0000-00-00 00:00:00', '2017-08-21 10:33:49', 0, 00000000001),
('101046', '000046', '2', 'First Name_46', 'Last Name_46', 'Middle Name_46', 'Alias_46', 'Active', 'Detainee', '2017-07-13 00:00:00', '0000-00-00 00:00:00', '0000-00-00 00:00:00', '2017-08-21 10:33:59', 0, 00000000001),
('101047', '000047', '2', 'First Name_47', 'Last Name_47', 'Middle Name_47', 'Alias_47', 'Active', 'Detainee', '2017-07-13 00:00:00', '0000-00-00 00:00:00', '0000-00-00 00:00:00', '2017-08-21 10:34:07', 0, 00000000001),
('101048', '000048', '2', 'First Name_48', 'Last Name_48', 'Middle Name_48', 'Alias_48', 'Active', 'Detainee', '2017-07-13 00:00:00', '0000-00-00 00:00:00', '0000-00-00 00:00:00', '2017-08-21 10:34:20', 0, 00000000001),
('101049', '000049', '2', 'First Name_49', 'Last Name_49', 'Middle Name_49', 'Alias_49', 'Active', 'Detainee', '2017-07-13 00:00:00', '0000-00-00 00:00:00', '0000-00-00 00:00:00', '2017-08-21 10:34:28', 0, 00000000001),
('10105', '00005', '2', 'First Name_5', 'Last Name_5', 'Middle Name_5', 'Alias_5', 'Active', 'Detainee', '2017-07-13 00:00:00', '0000-00-00 00:00:00', '0000-00-00 00:00:00', '2017-08-21 10:26:42', 0, 00000000001),
('101050', '000050', '2', 'First Name_50', 'Last Name_50', 'Middle Name_50', 'Alias_50', 'Active', 'Detainee', '2017-07-13 00:00:00', '0000-00-00 00:00:00', '0000-00-00 00:00:00', '2017-08-21 10:34:37', 0, 00000000001),
('101051', '000051', '2', 'First Name_51', 'Last Name_51', 'Middle Name_51', 'Alias_51', 'Active', 'Detainee', '2017-07-13 00:00:00', '0000-00-00 00:00:00', '0000-00-00 00:00:00', '2017-08-21 10:34:47', 0, 00000000001),
('101052', '000052', '2', 'First Name_52', 'Last Name_52', 'Middle Name_52', 'Alias_52', 'Active', 'Detainee', '2017-07-13 00:00:00', '0000-00-00 00:00:00', '0000-00-00 00:00:00', '2017-08-21 10:34:58', 0, 00000000001),
('101053', '000053', '2', 'First Name_53', 'Last Name_53', 'Middle Name_53', 'Alias_53', 'Active', 'Detainee', '2017-07-13 00:00:00', '0000-00-00 00:00:00', '0000-00-00 00:00:00', '2017-08-21 10:35:08', 0, 00000000001),
('101054', '000054', '2', 'First Name_54', 'Last Name_54', 'Middle Name_54', 'Alias_54', 'Active', 'Detainee', '2017-07-13 00:00:00', '0000-00-00 00:00:00', '0000-00-00 00:00:00', '2017-08-21 10:35:19', 0, 00000000001),
('101055', '000055', '2', 'First Name_55', 'Last Name_55', 'Middle Name_55', 'Alias_55', 'Active', 'Detainee', '2017-07-13 00:00:00', '0000-00-00 00:00:00', '0000-00-00 00:00:00', '2017-08-21 10:35:30', 0, 00000000001),
('101056', '000056', '2', 'First Name_56', 'Last Name_56', 'Middle Name_56', 'Alias_56', 'Active', 'Detainee', '2017-07-13 00:00:00', '0000-00-00 00:00:00', '0000-00-00 00:00:00', '2017-08-21 10:35:39', 0, 00000000001),
('101057', '000057', '2', 'First Name_57', 'Last Name_57', 'Middle Name_57', 'Alias_57', 'Active', 'Detainee', '2017-07-13 00:00:00', '0000-00-00 00:00:00', '0000-00-00 00:00:00', '2017-08-21 10:35:49', 0, 00000000001),
('101058', '000058', '2', 'First Name_58', 'Last Name_58', 'Middle Name_58', 'Alias_58', 'Active', 'Detainee', '2017-07-13 00:00:00', '0000-00-00 00:00:00', '0000-00-00 00:00:00', '2017-08-21 10:35:57', 0, 00000000001),
('101059', '000059', '2', 'First Name_59', 'Last Name_59', 'Middle Name_59', 'Alias_59', 'Active', 'Detainee', '2017-07-13 00:00:00', '0000-00-00 00:00:00', '0000-00-00 00:00:00', '2017-08-21 10:36:06', 0, 00000000001),
('10106', '00006', '2', 'First Name_6', 'Last Name_6', 'Middle Name_6', 'Alias_6', 'Active', 'Detainee', '2017-07-13 00:00:00', '0000-00-00 00:00:00', '0000-00-00 00:00:00', '2017-08-21 10:26:53', 0, 00000000001),
('101060', '000060', '2', 'First Name_60', 'Last Name_60', 'Middle Name_60', 'Alias_60', 'Active', 'Detainee', '2017-07-13 00:00:00', '0000-00-00 00:00:00', '0000-00-00 00:00:00', '2017-08-21 10:36:18', 0, 00000000001),
('101061', '000061', '2', 'First Name_61', 'Last Name_61', 'Middle Name_61', 'Alias_61', 'Active', 'Detainee', '2017-07-13 00:00:00', '0000-00-00 00:00:00', '0000-00-00 00:00:00', '2017-08-21 10:36:27', 0, 00000000001),
('101062', '000062', '2', 'First Name_62', 'Last Name_62', 'Middle Name_62', 'Alias_62', 'Active', 'Detainee', '2017-07-13 00:00:00', '0000-00-00 00:00:00', '0000-00-00 00:00:00', '2017-08-21 10:36:38', 0, 00000000001),
('101063', '000063', '2', 'First Name_63', 'Last Name_63', 'Middle Name_63', 'Alias_63', 'Active', 'Detainee', '2017-07-13 00:00:00', '0000-00-00 00:00:00', '0000-00-00 00:00:00', '2017-08-21 10:36:52', 0, 00000000001),
('101064', '000064', '2', 'First Name_64', 'Last Name_64', 'Middle Name_64', 'Alias_64', 'Active', 'Detainee', '2017-07-13 00:00:00', '0000-00-00 00:00:00', '0000-00-00 00:00:00', '2017-08-21 10:37:01', 0, 00000000001),
('101065', '000065', '2', 'First Name_65', 'Last Name_65', 'Middle Name_65', 'Alias_65', 'Active', 'Detainee', '2017-07-13 00:00:00', '0000-00-00 00:00:00', '0000-00-00 00:00:00', '2017-08-21 10:37:12', 0, 00000000001),
('101066', '000066', '2', 'First Name_66', 'Last Name_66', 'Middle Name_66', 'Alias_66', 'Active', 'Detainee', '2017-07-13 00:00:00', '0000-00-00 00:00:00', '0000-00-00 00:00:00', '2017-08-21 10:37:24', 0, 00000000001),
('101067', '000067', '2', 'First Name_67', 'Last Name_67', 'Middle Name_67', 'Alias_67', 'Active', 'Detainee', '2017-07-13 00:00:00', '0000-00-00 00:00:00', '0000-00-00 00:00:00', '2017-08-21 10:37:38', 0, 00000000001),
('101068', '000068', '2', 'First Name_68', 'Last Name_68', 'Middle Name_68', 'Alias_68', 'Active', 'Detainee', '2017-07-13 00:00:00', '0000-00-00 00:00:00', '0000-00-00 00:00:00', '2017-08-21 10:37:47', 0, 00000000001),
('101069', '000069', '2', 'First Name_69', 'Last Name_69', 'Middle Name_69', 'Alias_69', 'Active', 'Detainee', '2017-07-13 00:00:00', '0000-00-00 00:00:00', '0000-00-00 00:00:00', '2017-08-21 10:37:58', 0, 00000000001),
('10107', '00007', '2', 'First Name_7', 'Last Name_7', 'Middle Name_7', 'Alias_7', 'Active', 'Detainee', '2017-07-13 00:00:00', '0000-00-00 00:00:00', '0000-00-00 00:00:00', '2017-08-21 10:27:04', 0, 00000000001),
('101070', '000070', '2', 'First Name_70', 'Last Name_70', 'Middle Name_70', 'Alias_70', 'Active', 'Detainee', '2017-07-13 00:00:00', '0000-00-00 00:00:00', '0000-00-00 00:00:00', '2017-08-21 10:38:13', 0, 00000000001),
('101071', '000071', '2', 'First Name_71', 'Last Name_71', 'Middle Name_71', 'Alias_71', 'Active', 'Detainee', '2017-07-13 00:00:00', '0000-00-00 00:00:00', '0000-00-00 00:00:00', '2017-08-21 10:38:24', 0, 00000000001),
('101072', '000072', '2', 'First Name_72', 'Last Name_72', 'Middle Name_72', 'Alias_72', 'Active', 'Detainee', '2017-07-13 00:00:00', '0000-00-00 00:00:00', '0000-00-00 00:00:00', '2017-08-21 10:38:34', 0, 00000000001),
('101073', '000073', '2', 'First Name_73', 'Last Name_73', 'Middle Name_73', 'Alias_73', 'Active', 'Detainee', '2017-07-13 00:00:00', '0000-00-00 00:00:00', '0000-00-00 00:00:00', '2017-08-21 10:38:44', 0, 00000000001),
('101074', '000074', '2', 'First Name_74', 'Last Name_74', 'Middle Name_74', 'Alias_74', 'Active', 'Detainee', '2017-07-13 00:00:00', '0000-00-00 00:00:00', '0000-00-00 00:00:00', '2017-08-21 10:38:56', 0, 00000000001),
('101075', '000075', '2', 'First Name_75', 'Last Name_75', 'Middle Name_75', 'Alias_75', 'Active', 'Detainee', '2017-07-13 00:00:00', '0000-00-00 00:00:00', '0000-00-00 00:00:00', '2017-08-21 10:39:11', 0, 00000000001),
('101076', '000076', '2', 'First Name_76', 'Last Name_76', 'Middle Name_76', 'Alias_76', 'Active', 'Detainee', '2017-07-13 00:00:00', '0000-00-00 00:00:00', '0000-00-00 00:00:00', '2017-08-21 10:39:21', 0, 00000000001),
('101077', '000077', '2', 'First Name_77', 'Last Name_77', 'Middle Name_77', 'Alias_77', 'Active', 'Detainee', '2017-07-13 00:00:00', '0000-00-00 00:00:00', '0000-00-00 00:00:00', '2017-08-21 10:39:37', 0, 00000000001),
('101078', '000078', '2', 'First Name_78', 'Last Name_78', 'Middle Name_78', 'Alias_78', 'Active', 'Detainee', '2017-07-13 00:00:00', '0000-00-00 00:00:00', '0000-00-00 00:00:00', '2017-08-21 10:39:52', 0, 00000000001),
('101079', '000079', '2', 'First Name_79', 'Last Name_79', 'Middle Name_79', 'Alias_79', 'Active', 'Detainee', '2017-07-13 00:00:00', '0000-00-00 00:00:00', '0000-00-00 00:00:00', '2017-08-21 10:40:01', 0, 00000000001),
('10108', '00008', '2', 'First Name_8', 'Last Name_8', 'Middle Name_8', 'Alias_8', 'Active', 'Detainee', '2017-07-13 00:00:00', '0000-00-00 00:00:00', '0000-00-00 00:00:00', '2017-08-21 10:27:14', 0, 00000000001),
('101080', '000080', '2', 'First Name_80', 'Last Name_80', 'Middle Name_80', 'Alias_80', 'Active', 'Detainee', '2017-07-13 00:00:00', '0000-00-00 00:00:00', '0000-00-00 00:00:00', '2017-08-21 10:40:12', 0, 00000000001),
('101081', '000081', '2', 'First Name_81', 'Last Name_81', 'Middle Name_81', 'Alias_81', 'Active', 'Detainee', '2017-07-13 00:00:00', '0000-00-00 00:00:00', '0000-00-00 00:00:00', '2017-08-21 10:40:26', 0, 00000000001),
('101082', '000082', '2', 'First Name_82', 'Last Name_82', 'Middle Name_82', 'Alias_82', 'Active', 'Detainee', '2017-07-13 00:00:00', '0000-00-00 00:00:00', '0000-00-00 00:00:00', '2017-08-21 10:40:37', 0, 00000000001),
('101083', '000083', '2', 'First Name_83', 'Last Name_83', 'Middle Name_83', 'Alias_83', 'Active', 'Detainee', '2017-07-13 00:00:00', '0000-00-00 00:00:00', '0000-00-00 00:00:00', '2017-08-21 10:40:48', 0, 00000000001),
('101084', '000084', '2', 'First Name_84', 'Last Name_84', 'Middle Name_84', 'Alias_84', 'Active', 'Detainee', '2017-07-13 00:00:00', '0000-00-00 00:00:00', '0000-00-00 00:00:00', '2017-08-21 10:41:02', 0, 00000000001),
('101085', '000085', '2', 'First Name_85', 'Last Name_85', 'Middle Name_85', 'Alias_85', 'Active', 'Detainee', '2017-07-13 00:00:00', '0000-00-00 00:00:00', '0000-00-00 00:00:00', '2017-08-21 10:41:15', 0, 00000000001),
('101086', '000086', '2', 'First Name_86', 'Last Name_86', 'Middle Name_86', 'Alias_86', 'Active', 'Detainee', '2017-07-13 00:00:00', '0000-00-00 00:00:00', '0000-00-00 00:00:00', '2017-08-21 10:41:26', 0, 00000000001),
('101087', '000087', '2', 'First Name_87', 'Last Name_87', 'Middle Name_87', 'Alias_87', 'Active', 'Detainee', '2017-07-13 00:00:00', '0000-00-00 00:00:00', '0000-00-00 00:00:00', '2017-08-21 10:41:42', 0, 00000000001),
('101088', '000088', '2', 'First Name_88', 'Last Name_88', 'Middle Name_88', 'Alias_88', 'Active', 'Detainee', '2017-07-13 00:00:00', '0000-00-00 00:00:00', '0000-00-00 00:00:00', '2017-08-21 10:41:53', 0, 00000000001),
('101089', '000089', '2', 'First Name_89', 'Last Name_89', 'Middle Name_89', 'Alias_89', 'Active', 'Detainee', '2017-07-13 00:00:00', '0000-00-00 00:00:00', '0000-00-00 00:00:00', '2017-08-21 10:42:08', 0, 00000000001),
('10109', '00009', '2', 'First Name_9', 'Last Name_9', 'Middle Name_9', 'Alias_9', 'Active', 'Detainee', '2017-07-13 00:00:00', '0000-00-00 00:00:00', '0000-00-00 00:00:00', '2017-08-21 10:27:24', 0, 00000000001),
('101090', '000090', '2', 'First Name_90', 'Last Name_90', 'Middle Name_90', 'Alias_90', 'Active', 'Detainee', '2017-07-13 00:00:00', '0000-00-00 00:00:00', '0000-00-00 00:00:00', '2017-08-21 10:42:18', 0, 00000000001),
('101091', '000091', '2', 'First Name_91', 'Last Name_91', 'Middle Name_91', 'Alias_91', 'Active', 'Detainee', '2017-07-13 00:00:00', '0000-00-00 00:00:00', '0000-00-00 00:00:00', '2017-08-21 10:42:29', 0, 00000000001),
('101092', '000092', '2', 'First Name_92', 'Last Name_92', 'Middle Name_92', 'Alias_92', 'Active', 'Detainee', '2017-07-13 00:00:00', '0000-00-00 00:00:00', '0000-00-00 00:00:00', '2017-08-21 10:42:41', 0, 00000000001),
('101093', '000093', '2', 'First Name_93', 'Last Name_93', 'Middle Name_93', 'Alias_93', 'Active', 'Detainee', '2017-07-13 00:00:00', '0000-00-00 00:00:00', '0000-00-00 00:00:00', '2017-08-21 10:42:56', 0, 00000000001),
('101094', '000094', '2', 'First Name_94', 'Last Name_94', 'Middle Name_94', 'Alias_94', 'Active', 'Detainee', '2017-07-13 00:00:00', '0000-00-00 00:00:00', '0000-00-00 00:00:00', '2017-08-21 10:43:14', 0, 00000000001),
('101095', '000095', '2', 'First Name_95', 'Last Name_95', 'Middle Name_95', 'Alias_95', 'Active', 'Detainee', '2017-07-13 00:00:00', '0000-00-00 00:00:00', '0000-00-00 00:00:00', '2017-08-21 10:43:25', 0, 00000000001),
('101096', '000096', '2', 'First Name_96', 'Last Name_96', 'Middle Name_96', 'Alias_96', 'Active', 'Detainee', '2017-07-13 00:00:00', '0000-00-00 00:00:00', '0000-00-00 00:00:00', '2017-08-21 10:43:35', 0, 00000000001),
('101097', '000097', '2', 'First Name_97', 'Last Name_97', 'Middle Name_97', 'Alias_97', 'Active', 'Detainee', '2017-07-13 00:00:00', '0000-00-00 00:00:00', '0000-00-00 00:00:00', '2017-08-21 10:43:48', 0, 00000000001),
('101098', '000098', '2', 'First Name_98', 'Last Name_98', 'Middle Name_98', 'Alias_98', 'Active', 'Detainee', '2017-07-13 00:00:00', '0000-00-00 00:00:00', '0000-00-00 00:00:00', '2017-08-21 10:44:04', 0, 00000000001),
('101099', '000099', '2', 'First Name_99', 'Last Name_99', 'Middle Name_99', 'Alias_99', 'Active', 'Detainee', '2017-07-13 00:00:00', '0000-00-00 00:00:00', '0000-00-00 00:00:00', '2017-08-21 10:44:15', 0, 00000000001),
('234', '1136136', '1', '2nd', '2nd', '2nd', '2nd', 'Active', 'Convict', '2017-07-19 00:00:00', '2017-07-24 00:00:00', '0000-00-00 00:00:00', '2017-07-24 13:54:50', 0, 00000000001),
('115', '123', '1', '1st', '1st', '1st', '1st', 'Active', 'Detainee', '2017-07-24 00:00:00', '0000-00-00 00:00:00', '0000-00-00 00:00:00', '2017-07-24 13:24:55', 0, 00000000001),
('103232', '1516593', '2', 'John', 'Roa', 'Godinez', 'J-Go', 'Active', 'Detainee', '2017-07-13 00:00:00', '0000-00-00 00:00:00', '0000-00-00 00:00:00', '2017-07-27 15:19:41', 0, 00000000001),
('152', '152', '2', '4th', '4th', '4th', '4th', 'Released', 'Probation', '2017-07-18 00:00:00', '0000-00-00 00:00:00', '2017-07-25 00:00:00', '2017-07-24 14:56:56', 0, 00000000001),
('5163', '163136163', '1', '5th', '5th', '5th', '5th', 'Active', 'Probation', '2017-07-14 00:00:00', '0000-00-00 00:00:00', '2017-07-24 00:00:00', '2017-07-24 14:59:22', 0, 00000000001),
('105332', '1676593', '2', 'Paul', 'Ocampo', 'Rodriguez', 'P-Rod', 'Active', 'Detainee', '2017-07-13 00:00:00', '0000-00-00 00:00:00', '0000-00-00 00:00:00', '2017-07-27 14:49:39', 0, 00000000001),
('17272', '17456593', '2', 'Mark', 'Roa', 'Go', 'M-Go', 'Active', 'Detainee', '2017-07-13 00:00:00', '0000-00-00 00:00:00', '0000-00-00 00:00:00', '2017-08-21 10:13:45', 0, 00000000001),
('10534232', '1746593', '2', 'John', 'Roa', 'Godinez', 'J-Go', 'Pending', 'Pending', '0000-00-00 00:00:00', '0000-00-00 00:00:00', '0000-00-00 00:00:00', '2017-08-21 10:10:24', 0, 00000000001),
('14', '512125', '1', '3rd', '3rd', '3rd', '3rd', 'Active', 'Probation', '2017-07-12 00:00:00', '0000-00-00 00:00:00', '2017-07-13 00:00:00', '2017-07-24 14:17:22', 0, 00000000001),
('6', '6', '1', '6th', '6th', '6th', '6th', 'Active', 'Detainee', '2017-07-18 00:00:00', '0000-00-00 00:00:00', '0000-00-00 00:00:00', '2017-07-25 06:35:16', 0, 00000000001),
('7', '7', '1', '7th', '7th', '7th', '7th', 'Active', 'Detainee', '2017-07-24 00:00:00', '0000-00-00 00:00:00', '0000-00-00 00:00:00', '2017-07-25 06:48:56', 0, 00000000001),
('198334', '953485', '1', 'Stephanie', 'Morales', 'Yu', 'Pani', 'Active', 'Detainee', '2017-08-14 00:00:00', '0000-00-00 00:00:00', '0000-00-00 00:00:00', '2017-08-14 11:04:37', 0, 00000000001);

-- --------------------------------------------------------

--
-- Stand-in structure for view `inmates_full`
--
CREATE TABLE `inmates_full` (
`inmate_id` varchar(255)
,`cell_no` varchar(255)
,`inmate_fname` varchar(255)
,`inmate_lname` varchar(255)
,`inmate_mi` varchar(255)
,`inmate_alias` varchar(255)
,`status` enum('Active','Released','Transfer','Pending')
,`inmate_type` enum('Pending','Detainee','Convict','Probation')
,`date_detained` datetime
,`date_convicted` datetime
,`date_probation` datetime
,`datetime_added` timestamp
,`added_by` int(11) unsigned zerofill
,`i_is_read` int(2)
,`nationality` varchar(255)
,`inmate_info_status` enum('Single','Married','Widow','Widower')
,`birthdate` date
,`age` int(11)
,`gender` enum('Male','Female','','')
,`born_in` varchar(255)
,`home_add` varchar(255)
,`province_add` varchar(255)
,`occupation` varchar(255)
,`father` varchar(255)
,`mother` varchar(255)
,`relative` varchar(255)
,`address` varchar(255)
,`filename` varchar(255)
,`file_added_by` int(11) unsigned zerofill
,`img_set` enum('0','1')
,`file_no` int(11)
,`taken_by` varchar(255)
,`date` date
,`classified_by` varchar(255)
,`verified_by` varchar(255)
,`r_thumb` varchar(255)
,`r_index` varchar(255)
,`r_middle` varchar(255)
,`r_ring` varchar(255)
,`r_little` varchar(255)
,`l_thumb` varchar(255)
,`l_index` varchar(255)
,`l_middle` varchar(255)
,`l_ring` varchar(255)
,`l_little` varchar(255)
,`l_amp` varchar(255)
,`r_amp` varchar(255)
,`left_thumb` varchar(255)
,`right_thumb` varchar(255)
,`left_hand` varchar(255)
,`right_hand` varchar(255)
);

-- --------------------------------------------------------

--
-- Table structure for table `inmate_2d`
--

CREATE TABLE `inmate_2d` (
  `id` int(11) NOT NULL,
  `inmate_id` varchar(255) NOT NULL,
  `x_coor` int(11) NOT NULL,
  `y_coor` int(11) NOT NULL,
  `mark_name` varchar(255) NOT NULL,
  `mark_desc` text NOT NULL,
  `mark_type` enum('G1F','G2F','G3F','G4F','G5F','G6F','G1B','G2B','G3B','G4B','G5B','G6B','G1L','G2L','G3L','G1R','G2R','G3R','B1F','B2F','B3F','B4F','B5F','B6F','B1B','B2B','B3B','B4B','B5B','B6B','B1L','B2L','B3L','B1R','B2R','B3R') NOT NULL,
  `mark_filename` varchar(255) NOT NULL,
  `mark_img_set` int(11) NOT NULL,
  `mark_img_source` varchar(255) NOT NULL,
  `mark_addedby` bigint(20) UNSIGNED ZEROFILL NOT NULL,
  `markType` enum('scars','tattoo','birthmark','others') NOT NULL
) ENGINE=InnoDB DEFAULT CHARSET=latin1;

--
-- Dumping data for table `inmate_2d`
--

INSERT INTO `inmate_2d` (`id`, `inmate_id`, `x_coor`, `y_coor`, `mark_name`, `mark_desc`, `mark_type`, `mark_filename`, `mark_img_set`, `mark_img_source`, `mark_addedby`, `markType`) VALUES
(1, '123', 0, 0, '1st', '1st', 'B1F', '19850772_837068786443217_1622990895_o.jpg', 1, 'malefront.jpg', 00000000000000000001, 'birthmark'),
(2, '1136136', 0, 0, '2nd', '2nd', 'B1F', '19893857_837068699776559_428676278_o.jpg', 1, 'malefront.jpg', 00000000000000000001, ''),
(3, '512125', 0, 0, '3rd', '3rd', 'B1F', '19897860_837068706443225_1242639055_o.jpg', 1, 'malefront.jpg', 00000000000000000001, 'birthmark'),
(4, '152', 0, 0, '4th', '4th', 'B1F', '19875949_837068759776553_1423494345_o.jpg', 1, 'malefront.jpg', 00000000000000000001, 'others'),
(5, '163136163', 0, 0, '5th', '5th', 'B1F', '19875947_837068719776557_939756437_o.jpg', 1, 'malefront.jpg', 00000000000000000001, ''),
(6, '6', 0, 0, 'a', 'a', 'B2B', 'images.jpg', 1, 'maleback.jpg', 00000000000000000001, '');

-- --------------------------------------------------------

--
-- Table structure for table `inmate_auth_visitor`
--

CREATE TABLE `inmate_auth_visitor` (
  `id` bigint(20) NOT NULL,
  `inmate_id` varchar(255) DEFAULT NULL,
  `datetime` timestamp NOT NULL DEFAULT CURRENT_TIMESTAMP,
  `fullname` varchar(255) NOT NULL,
  `relation` varchar(255) NOT NULL,
  `address` varchar(255) NOT NULL,
  `contact_number` varchar(255) NOT NULL,
  `added_by` int(10) UNSIGNED ZEROFILL NOT NULL,
  `visit_filename` varchar(255) NOT NULL DEFAULT '192x192.jpg',
  `img_set` enum('0','1') NOT NULL DEFAULT '0'
) ENGINE=InnoDB DEFAULT CHARSET=latin1;

-- --------------------------------------------------------

--
-- Table structure for table `inmate_build`
--

CREATE TABLE `inmate_build` (
  `inmate_id` varchar(255) NOT NULL,
  `height` int(11) NOT NULL,
  `weight` int(11) NOT NULL,
  `complexion` varchar(255) NOT NULL,
  `build` text NOT NULL,
  `hair` varchar(255) NOT NULL,
  `hair_peculiarities` text NOT NULL
) ENGINE=InnoDB DEFAULT CHARSET=latin1;

--
-- Dumping data for table `inmate_build`
--

INSERT INTO `inmate_build` (`inmate_id`, `height`, `weight`, `complexion`, `build`, `hair`, `hair_peculiarities`) VALUES
('00001', 167, 155, 'Body_Complexion_1', 'Body_Build_1', 'Hair_1', 'Hair_Pec_1'),
('000010', 167, 155, 'Body_Complexion_10', 'Body_Build_10', 'Hair_10', 'Hair_Pec_10'),
('0000100', 167, 155, 'Body_Complexion_100', 'Body_Build_100', 'Hair_100', 'Hair_Pec_100'),
('0000101', 167, 155, 'Body_Complexion_101', 'Body_Build_101', 'Hair_101', 'Hair_Pec_101'),
('0000102', 167, 155, 'Body_Complexion_102', 'Body_Build_102', 'Hair_102', 'Hair_Pec_102'),
('0000103', 167, 155, 'Body_Complexion_103', 'Body_Build_103', 'Hair_103', 'Hair_Pec_103'),
('0000104', 167, 155, 'Body_Complexion_104', 'Body_Build_104', 'Hair_104', 'Hair_Pec_104'),
('0000105', 167, 155, 'Body_Complexion_105', 'Body_Build_105', 'Hair_105', 'Hair_Pec_105'),
('0000106', 167, 155, 'Body_Complexion_106', 'Body_Build_106', 'Hair_106', 'Hair_Pec_106'),
('0000107', 167, 155, 'Body_Complexion_107', 'Body_Build_107', 'Hair_107', 'Hair_Pec_107'),
('0000108', 167, 155, 'Body_Complexion_108', 'Body_Build_108', 'Hair_108', 'Hair_Pec_108'),
('0000109', 167, 155, 'Body_Complexion_109', 'Body_Build_109', 'Hair_109', 'Hair_Pec_109'),
('000011', 167, 155, 'Body_Complexion_11', 'Body_Build_11', 'Hair_11', 'Hair_Pec_11'),
('0000110', 167, 155, 'Body_Complexion_110', 'Body_Build_110', 'Hair_110', 'Hair_Pec_110'),
('0000111', 167, 155, 'Body_Complexion_111', 'Body_Build_111', 'Hair_111', 'Hair_Pec_111'),
('0000112', 167, 155, 'Body_Complexion_112', 'Body_Build_112', 'Hair_112', 'Hair_Pec_112'),
('0000113', 167, 155, 'Body_Complexion_113', 'Body_Build_113', 'Hair_113', 'Hair_Pec_113'),
('0000114', 167, 155, 'Body_Complexion_114', 'Body_Build_114', 'Hair_114', 'Hair_Pec_114'),
('0000115', 167, 155, 'Body_Complexion_115', 'Body_Build_115', 'Hair_115', 'Hair_Pec_115'),
('0000116', 167, 155, 'Body_Complexion_116', 'Body_Build_116', 'Hair_116', 'Hair_Pec_116'),
('0000117', 167, 155, 'Body_Complexion_117', 'Body_Build_117', 'Hair_117', 'Hair_Pec_117'),
('0000118', 167, 155, 'Body_Complexion_118', 'Body_Build_118', 'Hair_118', 'Hair_Pec_118'),
('0000119', 167, 155, 'Body_Complexion_119', 'Body_Build_119', 'Hair_119', 'Hair_Pec_119'),
('000012', 167, 155, 'Body_Complexion_12', 'Body_Build_12', 'Hair_12', 'Hair_Pec_12'),
('0000120', 167, 155, 'Body_Complexion_120', 'Body_Build_120', 'Hair_120', 'Hair_Pec_120'),
('0000121', 167, 155, 'Body_Complexion_121', 'Body_Build_121', 'Hair_121', 'Hair_Pec_121'),
('0000122', 167, 155, 'Body_Complexion_122', 'Body_Build_122', 'Hair_122', 'Hair_Pec_122'),
('0000123', 167, 155, 'Body_Complexion_123', 'Body_Build_123', 'Hair_123', 'Hair_Pec_123'),
('0000124', 167, 155, 'Body_Complexion_124', 'Body_Build_124', 'Hair_124', 'Hair_Pec_124'),
('000013', 167, 155, 'Body_Complexion_13', 'Body_Build_13', 'Hair_13', 'Hair_Pec_13'),
('000014', 167, 155, 'Body_Complexion_14', 'Body_Build_14', 'Hair_14', 'Hair_Pec_14'),
('000015', 167, 155, 'Body_Complexion_15', 'Body_Build_15', 'Hair_15', 'Hair_Pec_15'),
('000016', 167, 155, 'Body_Complexion_16', 'Body_Build_16', 'Hair_16', 'Hair_Pec_16'),
('000017', 167, 155, 'Body_Complexion_17', 'Body_Build_17', 'Hair_17', 'Hair_Pec_17'),
('000018', 167, 155, 'Body_Complexion_18', 'Body_Build_18', 'Hair_18', 'Hair_Pec_18'),
('000019', 167, 155, 'Body_Complexion_19', 'Body_Build_19', 'Hair_19', 'Hair_Pec_19'),
('00002', 167, 155, 'Body_Complexion_2', 'Body_Build_2', 'Hair_2', 'Hair_Pec_2'),
('000020', 167, 155, 'Body_Complexion_20', 'Body_Build_20', 'Hair_20', 'Hair_Pec_20'),
('000021', 167, 155, 'Body_Complexion_21', 'Body_Build_21', 'Hair_21', 'Hair_Pec_21'),
('000022', 167, 155, 'Body_Complexion_22', 'Body_Build_22', 'Hair_22', 'Hair_Pec_22'),
('000023', 167, 155, 'Body_Complexion_23', 'Body_Build_23', 'Hair_23', 'Hair_Pec_23'),
('000024', 167, 155, 'Body_Complexion_24', 'Body_Build_24', 'Hair_24', 'Hair_Pec_24'),
('000025', 167, 155, 'Body_Complexion_25', 'Body_Build_25', 'Hair_25', 'Hair_Pec_25'),
('000026', 167, 155, 'Body_Complexion_26', 'Body_Build_26', 'Hair_26', 'Hair_Pec_26'),
('000027', 167, 155, 'Body_Complexion_27', 'Body_Build_27', 'Hair_27', 'Hair_Pec_27'),
('000028', 167, 155, 'Body_Complexion_28', 'Body_Build_28', 'Hair_28', 'Hair_Pec_28'),
('000029', 167, 155, 'Body_Complexion_29', 'Body_Build_29', 'Hair_29', 'Hair_Pec_29'),
('00003', 167, 155, 'Body_Complexion_3', 'Body_Build_3', 'Hair_3', 'Hair_Pec_3'),
('000030', 167, 155, 'Body_Complexion_30', 'Body_Build_30', 'Hair_30', 'Hair_Pec_30'),
('000031', 167, 155, 'Body_Complexion_31', 'Body_Build_31', 'Hair_31', 'Hair_Pec_31'),
('000032', 167, 155, 'Body_Complexion_32', 'Body_Build_32', 'Hair_32', 'Hair_Pec_32'),
('000033', 167, 155, 'Body_Complexion_33', 'Body_Build_33', 'Hair_33', 'Hair_Pec_33'),
('000034', 167, 155, 'Body_Complexion_34', 'Body_Build_34', 'Hair_34', 'Hair_Pec_34'),
('000035', 167, 155, 'Body_Complexion_35', 'Body_Build_35', 'Hair_35', 'Hair_Pec_35'),
('000036', 167, 155, 'Body_Complexion_36', 'Body_Build_36', 'Hair_36', 'Hair_Pec_36'),
('000037', 167, 155, 'Body_Complexion_37', 'Body_Build_37', 'Hair_37', 'Hair_Pec_37'),
('000038', 167, 155, 'Body_Complexion_38', 'Body_Build_38', 'Hair_38', 'Hair_Pec_38'),
('000039', 167, 155, 'Body_Complexion_39', 'Body_Build_39', 'Hair_39', 'Hair_Pec_39'),
('00004', 167, 155, 'Body_Complexion_4', 'Body_Build_4', 'Hair_4', 'Hair_Pec_4'),
('000040', 167, 155, 'Body_Complexion_40', 'Body_Build_40', 'Hair_40', 'Hair_Pec_40'),
('000041', 167, 155, 'Body_Complexion_41', 'Body_Build_41', 'Hair_41', 'Hair_Pec_41'),
('000042', 167, 155, 'Body_Complexion_42', 'Body_Build_42', 'Hair_42', 'Hair_Pec_42'),
('000043', 167, 155, 'Body_Complexion_43', 'Body_Build_43', 'Hair_43', 'Hair_Pec_43'),
('000044', 167, 155, 'Body_Complexion_44', 'Body_Build_44', 'Hair_44', 'Hair_Pec_44'),
('000045', 167, 155, 'Body_Complexion_45', 'Body_Build_45', 'Hair_45', 'Hair_Pec_45'),
('000046', 167, 155, 'Body_Complexion_46', 'Body_Build_46', 'Hair_46', 'Hair_Pec_46'),
('000047', 167, 155, 'Body_Complexion_47', 'Body_Build_47', 'Hair_47', 'Hair_Pec_47'),
('000048', 167, 155, 'Body_Complexion_48', 'Body_Build_48', 'Hair_48', 'Hair_Pec_48'),
('000049', 167, 155, 'Body_Complexion_49', 'Body_Build_49', 'Hair_49', 'Hair_Pec_49'),
('00005', 167, 155, 'Body_Complexion_5', 'Body_Build_5', 'Hair_5', 'Hair_Pec_5'),
('000050', 167, 155, 'Body_Complexion_50', 'Body_Build_50', 'Hair_50', 'Hair_Pec_50'),
('000051', 167, 155, 'Body_Complexion_51', 'Body_Build_51', 'Hair_51', 'Hair_Pec_51'),
('000052', 167, 155, 'Body_Complexion_52', 'Body_Build_52', 'Hair_52', 'Hair_Pec_52'),
('000053', 167, 155, 'Body_Complexion_53', 'Body_Build_53', 'Hair_53', 'Hair_Pec_53'),
('000054', 167, 155, 'Body_Complexion_54', 'Body_Build_54', 'Hair_54', 'Hair_Pec_54'),
('000055', 167, 155, 'Body_Complexion_55', 'Body_Build_55', 'Hair_55', 'Hair_Pec_55'),
('000056', 167, 155, 'Body_Complexion_56', 'Body_Build_56', 'Hair_56', 'Hair_Pec_56'),
('000057', 167, 155, 'Body_Complexion_57', 'Body_Build_57', 'Hair_57', 'Hair_Pec_57'),
('000058', 167, 155, 'Body_Complexion_58', 'Body_Build_58', 'Hair_58', 'Hair_Pec_58'),
('000059', 167, 155, 'Body_Complexion_59', 'Body_Build_59', 'Hair_59', 'Hair_Pec_59'),
('00006', 167, 155, 'Body_Complexion_6', 'Body_Build_6', 'Hair_6', 'Hair_Pec_6'),
('000060', 167, 155, 'Body_Complexion_60', 'Body_Build_60', 'Hair_60', 'Hair_Pec_60'),
('000061', 167, 155, 'Body_Complexion_61', 'Body_Build_61', 'Hair_61', 'Hair_Pec_61'),
('000062', 167, 155, 'Body_Complexion_62', 'Body_Build_62', 'Hair_62', 'Hair_Pec_62'),
('000063', 167, 155, 'Body_Complexion_63', 'Body_Build_63', 'Hair_63', 'Hair_Pec_63'),
('000064', 167, 155, 'Body_Complexion_64', 'Body_Build_64', 'Hair_64', 'Hair_Pec_64'),
('000065', 167, 155, 'Body_Complexion_65', 'Body_Build_65', 'Hair_65', 'Hair_Pec_65'),
('000066', 167, 155, 'Body_Complexion_66', 'Body_Build_66', 'Hair_66', 'Hair_Pec_66'),
('000067', 167, 155, 'Body_Complexion_67', 'Body_Build_67', 'Hair_67', 'Hair_Pec_67'),
('000068', 167, 155, 'Body_Complexion_68', 'Body_Build_68', 'Hair_68', 'Hair_Pec_68'),
('000069', 167, 155, 'Body_Complexion_69', 'Body_Build_69', 'Hair_69', 'Hair_Pec_69'),
('00007', 167, 155, 'Body_Complexion_7', 'Body_Build_7', 'Hair_7', 'Hair_Pec_7'),
('000070', 167, 155, 'Body_Complexion_70', 'Body_Build_70', 'Hair_70', 'Hair_Pec_70'),
('000071', 167, 155, 'Body_Complexion_71', 'Body_Build_71', 'Hair_71', 'Hair_Pec_71'),
('000072', 167, 155, 'Body_Complexion_72', 'Body_Build_72', 'Hair_72', 'Hair_Pec_72'),
('000073', 167, 155, 'Body_Complexion_73', 'Body_Build_73', 'Hair_73', 'Hair_Pec_73'),
('000074', 167, 155, 'Body_Complexion_74', 'Body_Build_74', 'Hair_74', 'Hair_Pec_74'),
('000075', 167, 155, 'Body_Complexion_75', 'Body_Build_75', 'Hair_75', 'Hair_Pec_75'),
('000076', 167, 155, 'Body_Complexion_76', 'Body_Build_76', 'Hair_76', 'Hair_Pec_76'),
('000077', 167, 155, 'Body_Complexion_77', 'Body_Build_77', 'Hair_77', 'Hair_Pec_77'),
('000078', 167, 155, 'Body_Complexion_78', 'Body_Build_78', 'Hair_78', 'Hair_Pec_78'),
('000079', 167, 155, 'Body_Complexion_79', 'Body_Build_79', 'Hair_79', 'Hair_Pec_79'),
('00008', 167, 155, 'Body_Complexion_8', 'Body_Build_8', 'Hair_8', 'Hair_Pec_8'),
('000080', 167, 155, 'Body_Complexion_80', 'Body_Build_80', 'Hair_80', 'Hair_Pec_80'),
('000081', 167, 155, 'Body_Complexion_81', 'Body_Build_81', 'Hair_81', 'Hair_Pec_81'),
('000082', 167, 155, 'Body_Complexion_82', 'Body_Build_82', 'Hair_82', 'Hair_Pec_82'),
('000083', 167, 155, 'Body_Complexion_83', 'Body_Build_83', 'Hair_83', 'Hair_Pec_83'),
('000084', 167, 155, 'Body_Complexion_84', 'Body_Build_84', 'Hair_84', 'Hair_Pec_84'),
('000085', 167, 155, 'Body_Complexion_85', 'Body_Build_85', 'Hair_85', 'Hair_Pec_85'),
('000086', 167, 155, 'Body_Complexion_86', 'Body_Build_86', 'Hair_86', 'Hair_Pec_86'),
('000087', 167, 155, 'Body_Complexion_87', 'Body_Build_87', 'Hair_87', 'Hair_Pec_87'),
('000088', 167, 155, 'Body_Complexion_88', 'Body_Build_88', 'Hair_88', 'Hair_Pec_88'),
('000089', 167, 155, 'Body_Complexion_89', 'Body_Build_89', 'Hair_89', 'Hair_Pec_89'),
('00009', 167, 155, 'Body_Complexion_9', 'Body_Build_9', 'Hair_9', 'Hair_Pec_9'),
('000090', 167, 155, 'Body_Complexion_90', 'Body_Build_90', 'Hair_90', 'Hair_Pec_90'),
('000091', 167, 155, 'Body_Complexion_91', 'Body_Build_91', 'Hair_91', 'Hair_Pec_91'),
('000092', 167, 155, 'Body_Complexion_92', 'Body_Build_92', 'Hair_92', 'Hair_Pec_92'),
('000093', 167, 155, 'Body_Complexion_93', 'Body_Build_93', 'Hair_93', 'Hair_Pec_93'),
('000094', 167, 155, 'Body_Complexion_94', 'Body_Build_94', 'Hair_94', 'Hair_Pec_94'),
('000095', 167, 155, 'Body_Complexion_95', 'Body_Build_95', 'Hair_95', 'Hair_Pec_95'),
('000096', 167, 155, 'Body_Complexion_96', 'Body_Build_96', 'Hair_96', 'Hair_Pec_96'),
('000097', 167, 155, 'Body_Complexion_97', 'Body_Build_97', 'Hair_97', 'Hair_Pec_97'),
('000098', 167, 155, 'Body_Complexion_98', 'Body_Build_98', 'Hair_98', 'Hair_Pec_98'),
('000099', 167, 155, 'Body_Complexion_99', 'Body_Build_99', 'Hair_99', 'Hair_Pec_99'),
('1136136', 125, 512, '2nd', '2nd', '2nd', '2nd'),
('123', 2, 512, '1st', '1st', '1st', '1st'),
('1516593', 167, 155, 'Light Brown', 'Average', 'Black', 'None'),
('152', 7898, 789, '4th', '4th', '4th', '4th'),
('163136163', 136, 613, '5th', '5th', '5th', '5th'),
('1676593', 1675, 155, 'Light Brown', 'Average', 'Black', 'None'),
('17456593', 167, 155, 'Light Brown', 'Average', 'Black', 'None'),
('512125', 16324735, 162473, '3rd', '3rd', '3rd', '3rd'),
('6', 23, 23, '6th', '6th', '6th', '6th'),
('7', 12, 12, 'asdf', 'asdf', 'asdf', 'asdf'),
('953485', 156, 139, 'White', 'Small', 'Black', 'None');

-- --------------------------------------------------------

--
-- Table structure for table `inmate_case_info`
--

CREATE TABLE `inmate_case_info` (
  `cid` int(11) NOT NULL,
  `inmate_id` varchar(255) NOT NULL,
  `case_no` varchar(255) NOT NULL,
  `court_name` varchar(255) NOT NULL,
  `date_confinment` date NOT NULL,
  `crime` text NOT NULL,
  `sentence` text NOT NULL,
  `commencing` varchar(255) NOT NULL,
  `expire_good` date NOT NULL,
  `expire_bad` date NOT NULL,
  `time_added` timestamp NOT NULL DEFAULT CURRENT_TIMESTAMP,
  `case_status` enum('0','1') NOT NULL DEFAULT '0'
) ENGINE=InnoDB DEFAULT CHARSET=latin1;

--
-- Dumping data for table `inmate_case_info`
--

INSERT INTO `inmate_case_info` (`cid`, `inmate_id`, `case_no`, `court_name`, `date_confinment`, `crime`, `sentence`, `commencing`, `expire_good`, `expire_bad`, `time_added`, `case_status`) VALUES
(1, '123', '1', 'RTC Branch 1', '2017-07-19', '00000000001', '1st', '1st', '2017-07-07', '2017-08-30', '2017-07-24 13:25:34', '0'),
(2, '1136136', '1', 'RTC Branch 1', '2017-07-19', '00000000001', '2nd', '2nd', '2017-06-29', '2017-07-14', '2017-07-24 13:55:33', '0'),
(3, '512125', '613', 'RTC Branch 1', '2017-07-12', '00000000001', '3rd', '3rd', '2017-07-11', '2017-08-03', '2017-07-24 14:17:58', '0'),
(4, '152', '3', 'RTC Branch 1', '2017-07-18', '00000000001', '4th', '4th', '2017-07-12', '2017-07-19', '2017-07-24 14:58:38', '1'),
(5, '163136163', '515512', 'RTC Branch 2', '2017-07-14', '00000000002', '5th', '5th', '2017-07-20', '2017-07-26', '2017-07-24 15:00:05', '0'),
(6, '6', '23', 'RTC Branch 1', '2017-07-18', '00000000001', '6th', '6th', '2017-07-04', '2017-07-17', '2017-07-25 06:36:59', '0'),
(7, '7', '12', 'RTC Branch 1', '2017-07-03', '00000000001', 'asf', 'asf', '2017-07-03', '2017-07-03', '2017-07-25 06:49:42', '0'),
(8, '7', '7th', 'RTC Branch 1, Cebu City', '2017-07-24', '00000000001', 'asdf', 'asdf', '2017-07-11', '2017-07-11', '2017-07-25 06:50:40', '0'),
(9, '1676593', '16323', 'RTC Branch 2', '2017-07-13', '00000000001', 'Kidnapping', 'None', '2020-07-13', '2030-07-13', '2017-07-27 14:58:45', '0'),
(10, '1516593', '15323', 'RTC Branch 2', '2017-07-13', '00000000001', 'Kidnapping', 'None', '2020-07-13', '2030-07-13', '2017-07-27 15:19:50', '0'),
(11, '953485', '52423', 'RTC Branch 2', '2017-08-14', '00000000002', 'Attempted Homicide', 'Next week', '2037-08-15', '2040-08-15', '2017-08-14 11:07:47', '0'),
(12, '17456593', '613', 'RTC Branch 2', '2017-07-13', '00000000001', 'Kidnapping', 'None', '2020-07-13', '2030-07-13', '2017-08-21 10:15:31', '0'),
(13, '00001', '010001', 'RTC Branch 2', '2017-07-13', '00000000001', 'Sentence_1', 'Commencing_1', '2020-07-13', '2030-07-13', '2017-08-21 10:25:03', '0'),
(14, '00002', '010002', 'RTC Branch 2', '2017-07-13', '00000000001', 'Sentence_2', 'Commencing_2', '2020-07-13', '2030-07-13', '2017-08-21 10:26:15', '0'),
(15, '00003', '010003', 'RTC Branch 2', '2017-07-13', '00000000001', 'Sentence_3', 'Commencing_3', '2020-07-13', '2030-07-13', '2017-08-21 10:26:27', '0'),
(16, '00004', '010004', 'RTC Branch 2', '2017-07-13', '00000000001', 'Sentence_4', 'Commencing_4', '2020-07-13', '2030-07-13', '2017-08-21 10:26:38', '0'),
(17, '00005', '010005', 'RTC Branch 2', '2017-07-13', '00000000001', 'Sentence_5', 'Commencing_5', '2020-07-13', '2030-07-13', '2017-08-21 10:26:49', '0'),
(18, '00006', '010006', 'RTC Branch 2', '2017-07-13', '00000000001', 'Sentence_6', 'Commencing_6', '2020-07-13', '2030-07-13', '2017-08-21 10:27:00', '0'),
(19, '00007', '010007', 'RTC Branch 2', '2017-07-13', '00000000001', 'Sentence_7', 'Commencing_7', '2020-07-13', '2030-07-13', '2017-08-21 10:27:10', '0'),
(20, '00008', '010008', 'RTC Branch 2', '2017-07-13', '00000000001', 'Sentence_8', 'Commencing_8', '2020-07-13', '2030-07-13', '2017-08-21 10:27:20', '0'),
(21, '00009', '010009', 'RTC Branch 2', '2017-07-13', '00000000001', 'Sentence_9', 'Commencing_9', '2020-07-13', '2030-07-13', '2017-08-21 10:27:31', '0'),
(22, '000010', '0100010', 'RTC Branch 2', '2017-07-13', '00000000001', 'Sentence_10', 'Commencing_10', '2020-07-13', '2030-07-13', '2017-08-21 10:27:41', '0'),
(23, '000011', '0100011', 'RTC Branch 2', '2017-07-13', '00000000001', 'Sentence_11', 'Commencing_11', '2020-07-13', '2030-07-13', '2017-08-21 10:27:50', '0'),
(24, '000012', '0100012', 'RTC Branch 2', '2017-07-13', '00000000001', 'Sentence_12', 'Commencing_12', '2020-07-13', '2030-07-13', '2017-08-21 10:28:01', '0'),
(25, '000013', '0100013', 'RTC Branch 2', '2017-07-13', '00000000001', 'Sentence_13', 'Commencing_13', '2020-07-13', '2030-07-13', '2017-08-21 10:28:12', '0'),
(26, '000014', '0100014', 'RTC Branch 2', '2017-07-13', '00000000001', 'Sentence_14', 'Commencing_14', '2020-07-13', '2030-07-13', '2017-08-21 10:28:22', '0'),
(27, '000015', '0100015', 'RTC Branch 2', '2017-07-13', '00000000001', 'Sentence_15', 'Commencing_15', '2020-07-13', '2030-07-13', '2017-08-21 10:28:31', '0'),
(28, '000016', '0100016', 'RTC Branch 2', '2017-07-13', '00000000001', 'Sentence_16', 'Commencing_16', '2020-07-13', '2030-07-13', '2017-08-21 10:28:42', '0'),
(29, '000017', '0100017', 'RTC Branch 2', '2017-07-13', '00000000001', 'Sentence_17', 'Commencing_17', '2020-07-13', '2030-07-13', '2017-08-21 10:28:52', '0'),
(30, '000018', '0100018', 'RTC Branch 2', '2017-07-13', '00000000001', 'Sentence_18', 'Commencing_18', '2020-07-13', '2030-07-13', '2017-08-21 10:29:03', '0'),
(31, '000019', '0100019', 'RTC Branch 2', '2017-07-13', '00000000001', 'Sentence_19', 'Commencing_19', '2020-07-13', '2030-07-13', '2017-08-21 10:29:14', '0'),
(32, '000020', '0100020', 'RTC Branch 2', '2017-07-13', '00000000001', 'Sentence_20', 'Commencing_20', '2020-07-13', '2030-07-13', '2017-08-21 10:29:25', '0'),
(33, '000021', '0100021', 'RTC Branch 2', '2017-07-13', '00000000001', 'Sentence_21', 'Commencing_21', '2020-07-13', '2030-07-13', '2017-08-21 10:29:35', '0'),
(34, '000022', '0100022', 'RTC Branch 2', '2017-07-13', '00000000001', 'Sentence_22', 'Commencing_22', '2020-07-13', '2030-07-13', '2017-08-21 10:29:46', '0'),
(35, '000023', '0100023', 'RTC Branch 2', '2017-07-13', '00000000001', 'Sentence_23', 'Commencing_23', '2020-07-13', '2030-07-13', '2017-08-21 10:29:58', '0'),
(36, '000024', '0100024', 'RTC Branch 2', '2017-07-13', '00000000001', 'Sentence_24', 'Commencing_24', '2020-07-13', '2030-07-13', '2017-08-21 10:30:08', '0'),
(37, '000025', '0100025', 'RTC Branch 2', '2017-07-13', '00000000001', 'Sentence_25', 'Commencing_25', '2020-07-13', '2030-07-13', '2017-08-21 10:30:19', '0'),
(38, '000026', '0100026', 'RTC Branch 2', '2017-07-13', '00000000001', 'Sentence_26', 'Commencing_26', '2020-07-13', '2030-07-13', '2017-08-21 10:30:28', '0'),
(39, '000027', '0100027', 'RTC Branch 2', '2017-07-13', '00000000001', 'Sentence_27', 'Commencing_27', '2020-07-13', '2030-07-13', '2017-08-21 10:30:37', '0'),
(40, '000028', '0100028', 'RTC Branch 2', '2017-07-13', '00000000001', 'Sentence_28', 'Commencing_28', '2020-07-13', '2030-07-13', '2017-08-21 10:30:45', '0'),
(41, '000029', '0100029', 'RTC Branch 2', '2017-07-13', '00000000001', 'Sentence_29', 'Commencing_29', '2020-07-13', '2030-07-13', '2017-08-21 10:30:54', '0'),
(42, '000030', '0100030', 'RTC Branch 2', '2017-07-13', '00000000001', 'Sentence_30', 'Commencing_30', '2020-07-13', '2030-07-13', '2017-08-21 10:31:02', '0'),
(43, '000031', '0100031', 'RTC Branch 2', '2017-07-13', '00000000001', 'Sentence_31', 'Commencing_31', '2020-07-13', '2030-07-13', '2017-08-21 10:31:11', '0'),
(44, '000032', '0100032', 'RTC Branch 2', '2017-07-13', '00000000001', 'Sentence_32', 'Commencing_32', '2020-07-13', '2030-07-13', '2017-08-21 10:31:21', '0'),
(45, '000033', '0100033', 'RTC Branch 2', '2017-07-13', '00000000001', 'Sentence_33', 'Commencing_33', '2020-07-13', '2030-07-13', '2017-08-21 10:31:30', '0'),
(46, '000034', '0100034', 'RTC Branch 2', '2017-07-13', '00000000001', 'Sentence_34', 'Commencing_34', '2020-07-13', '2030-07-13', '2017-08-21 10:31:41', '0'),
(47, '000035', '0100035', 'RTC Branch 2', '2017-07-13', '00000000001', 'Sentence_35', 'Commencing_35', '2020-07-13', '2030-07-13', '2017-08-21 10:31:50', '0'),
(48, '000036', '0100036', 'RTC Branch 2', '2017-07-13', '00000000001', 'Sentence_36', 'Commencing_36', '2020-07-13', '2030-07-13', '2017-08-21 10:31:59', '0'),
(49, '000037', '0100037', 'RTC Branch 2', '2017-07-13', '00000000001', 'Sentence_37', 'Commencing_37', '2020-07-13', '2030-07-13', '2017-08-21 10:32:11', '0'),
(50, '000038', '0100038', 'RTC Branch 2', '2017-07-13', '00000000001', 'Sentence_38', 'Commencing_38', '2020-07-13', '2030-07-13', '2017-08-21 10:32:21', '0'),
(51, '000039', '0100039', 'RTC Branch 2', '2017-07-13', '00000000001', 'Sentence_39', 'Commencing_39', '2020-07-13', '2030-07-13', '2017-08-21 10:32:34', '0'),
(52, '000040', '0100040', 'RTC Branch 2', '2017-07-13', '00000000001', 'Sentence_40', 'Commencing_40', '2020-07-13', '2030-07-13', '2017-08-21 10:32:45', '0'),
(53, '000041', '0100041', 'RTC Branch 2', '2017-07-13', '00000000001', 'Sentence_41', 'Commencing_41', '2020-07-13', '2030-07-13', '2017-08-21 10:33:00', '0'),
(54, '000042', '0100042', 'RTC Branch 2', '2017-07-13', '00000000001', 'Sentence_42', 'Commencing_42', '2020-07-13', '2030-07-13', '2017-08-21 10:33:10', '0'),
(55, '000043', '0100043', 'RTC Branch 2', '2017-07-13', '00000000001', 'Sentence_43', 'Commencing_43', '2020-07-13', '2030-07-13', '2017-08-21 10:33:32', '0'),
(56, '000044', '0100044', 'RTC Branch 2', '2017-07-13', '00000000001', 'Sentence_44', 'Commencing_44', '2020-07-13', '2030-07-13', '2017-08-21 10:33:46', '0'),
(57, '000045', '0100045', 'RTC Branch 2', '2017-07-13', '00000000001', 'Sentence_45', 'Commencing_45', '2020-07-13', '2030-07-13', '2017-08-21 10:33:55', '0'),
(58, '000046', '0100046', 'RTC Branch 2', '2017-07-13', '00000000001', 'Sentence_46', 'Commencing_46', '2020-07-13', '2030-07-13', '2017-08-21 10:34:04', '0'),
(59, '000047', '0100047', 'RTC Branch 2', '2017-07-13', '00000000001', 'Sentence_47', 'Commencing_47', '2020-07-13', '2030-07-13', '2017-08-21 10:34:14', '0'),
(60, '000048', '0100048', 'RTC Branch 2', '2017-07-13', '00000000001', 'Sentence_48', 'Commencing_48', '2020-07-13', '2030-07-13', '2017-08-21 10:34:25', '0'),
(61, '000049', '0100049', 'RTC Branch 2', '2017-07-13', '00000000001', 'Sentence_49', 'Commencing_49', '2020-07-13', '2030-07-13', '2017-08-21 10:34:34', '0'),
(62, '000050', '0100050', 'RTC Branch 2', '2017-07-13', '00000000001', 'Sentence_50', 'Commencing_50', '2020-07-13', '2030-07-13', '2017-08-21 10:34:43', '0'),
(63, '000051', '0100051', 'RTC Branch 2', '2017-07-13', '00000000001', 'Sentence_51', 'Commencing_51', '2020-07-13', '2030-07-13', '2017-08-21 10:34:52', '0'),
(64, '000052', '0100052', 'RTC Branch 2', '2017-07-13', '00000000001', 'Sentence_52', 'Commencing_52', '2020-07-13', '2030-07-13', '2017-08-21 10:35:06', '0'),
(65, '000053', '0100053', 'RTC Branch 2', '2017-07-13', '00000000001', 'Sentence_53', 'Commencing_53', '2020-07-13', '2030-07-13', '2017-08-21 10:35:15', '0'),
(66, '000054', '0100054', 'RTC Branch 2', '2017-07-13', '00000000001', 'Sentence_54', 'Commencing_54', '2020-07-13', '2030-07-13', '2017-08-21 10:35:24', '0'),
(67, '000055', '0100055', 'RTC Branch 2', '2017-07-13', '00000000001', 'Sentence_55', 'Commencing_55', '2020-07-13', '2030-07-13', '2017-08-21 10:35:35', '0'),
(68, '000056', '0100056', 'RTC Branch 2', '2017-07-13', '00000000001', 'Sentence_56', 'Commencing_56', '2020-07-13', '2030-07-13', '2017-08-21 10:35:46', '0'),
(69, '000057', '0100057', 'RTC Branch 2', '2017-07-13', '00000000001', 'Sentence_57', 'Commencing_57', '2020-07-13', '2030-07-13', '2017-08-21 10:35:54', '0'),
(70, '000058', '0100058', 'RTC Branch 2', '2017-07-13', '00000000001', 'Sentence_58', 'Commencing_58', '2020-07-13', '2030-07-13', '2017-08-21 10:36:03', '0'),
(71, '000059', '0100059', 'RTC Branch 2', '2017-07-13', '00000000001', 'Sentence_59', 'Commencing_59', '2020-07-13', '2030-07-13', '2017-08-21 10:36:12', '0'),
(72, '000060', '0100060', 'RTC Branch 2', '2017-07-13', '00000000001', 'Sentence_60', 'Commencing_60', '2020-07-13', '2030-07-13', '2017-08-21 10:36:23', '0'),
(73, '000061', '0100061', 'RTC Branch 2', '2017-07-13', '00000000001', 'Sentence_61', 'Commencing_61', '2020-07-13', '2030-07-13', '2017-08-21 10:36:35', '0'),
(74, '000062', '0100062', 'RTC Branch 2', '2017-07-13', '00000000001', 'Sentence_62', 'Commencing_62', '2020-07-13', '2030-07-13', '2017-08-21 10:36:46', '0'),
(75, '000063', '0100063', 'RTC Branch 2', '2017-07-13', '00000000001', 'Sentence_63', 'Commencing_63', '2020-07-13', '2030-07-13', '2017-08-21 10:36:56', '0'),
(76, '000064', '0100064', 'RTC Branch 2', '2017-07-13', '00000000001', 'Sentence_64', 'Commencing_64', '2020-07-13', '2030-07-13', '2017-08-21 10:37:08', '0'),
(77, '000065', '0100065', 'RTC Branch 2', '2017-07-13', '00000000001', 'Sentence_65', 'Commencing_65', '2020-07-13', '2030-07-13', '2017-08-21 10:37:18', '0'),
(78, '000066', '0100066', 'RTC Branch 2', '2017-07-13', '00000000001', 'Sentence_66', 'Commencing_66', '2020-07-13', '2030-07-13', '2017-08-21 10:37:32', '0'),
(79, '000067', '0100067', 'RTC Branch 2', '2017-07-13', '00000000001', 'Sentence_67', 'Commencing_67', '2020-07-13', '2030-07-13', '2017-08-21 10:37:43', '0'),
(80, '000068', '0100068', 'RTC Branch 2', '2017-07-13', '00000000001', 'Sentence_68', 'Commencing_68', '2020-07-13', '2030-07-13', '2017-08-21 10:37:55', '0'),
(81, '000069', '0100069', 'RTC Branch 2', '2017-07-13', '00000000001', 'Sentence_69', 'Commencing_69', '2020-07-13', '2030-07-13', '2017-08-21 10:38:06', '0'),
(82, '000070', '0100070', 'RTC Branch 2', '2017-07-13', '00000000001', 'Sentence_70', 'Commencing_70', '2020-07-13', '2030-07-13', '2017-08-21 10:38:17', '0'),
(83, '000071', '0100071', 'RTC Branch 2', '2017-07-13', '00000000001', 'Sentence_71', 'Commencing_71', '2020-07-13', '2030-07-13', '2017-08-21 10:38:30', '0'),
(84, '000072', '0100072', 'RTC Branch 2', '2017-07-13', '00000000001', 'Sentence_72', 'Commencing_72', '2020-07-13', '2030-07-13', '2017-08-21 10:38:41', '0'),
(85, '000073', '0100073', 'RTC Branch 2', '2017-07-13', '00000000001', 'Sentence_73', 'Commencing_73', '2020-07-13', '2030-07-13', '2017-08-21 10:38:53', '0'),
(86, '000074', '0100074', 'RTC Branch 2', '2017-07-13', '00000000001', 'Sentence_74', 'Commencing_74', '2020-07-13', '2030-07-13', '2017-08-21 10:39:04', '0'),
(87, '000075', '0100075', 'RTC Branch 2', '2017-07-13', '00000000001', 'Sentence_75', 'Commencing_75', '2020-07-13', '2030-07-13', '2017-08-21 10:39:18', '0'),
(88, '000076', '0100076', 'RTC Branch 2', '2017-07-13', '00000000001', 'Sentence_76', 'Commencing_76', '2020-07-13', '2030-07-13', '2017-08-21 10:39:30', '0'),
(89, '000077', '0100077', 'RTC Branch 2', '2017-07-13', '00000000001', 'Sentence_77', 'Commencing_77', '2020-07-13', '2030-07-13', '2017-08-21 10:39:46', '0'),
(90, '000078', '0100078', 'RTC Branch 2', '2017-07-13', '00000000001', 'Sentence_78', 'Commencing_78', '2020-07-13', '2030-07-13', '2017-08-21 10:39:58', '0'),
(91, '000079', '0100079', 'RTC Branch 2', '2017-07-13', '00000000001', 'Sentence_79', 'Commencing_79', '2020-07-13', '2030-07-13', '2017-08-21 10:40:08', '0'),
(92, '000080', '0100080', 'RTC Branch 2', '2017-07-13', '00000000001', 'Sentence_80', 'Commencing_80', '2020-07-13', '2030-07-13', '2017-08-21 10:40:19', '0'),
(93, '000081', '0100081', 'RTC Branch 2', '2017-07-13', '00000000001', 'Sentence_81', 'Commencing_81', '2020-07-13', '2030-07-13', '2017-08-21 10:40:31', '0'),
(94, '000082', '0100082', 'RTC Branch 2', '2017-07-13', '00000000001', 'Sentence_82', 'Commencing_82', '2020-07-13', '2030-07-13', '2017-08-21 10:40:44', '0'),
(95, '000083', '0100083', 'RTC Branch 2', '2017-07-13', '00000000001', 'Sentence_83', 'Commencing_83', '2020-07-13', '2030-07-13', '2017-08-21 10:40:55', '0'),
(96, '000084', '0100084', 'RTC Branch 2', '2017-07-13', '00000000001', 'Sentence_84', 'Commencing_84', '2020-07-13', '2030-07-13', '2017-08-21 10:41:11', '0'),
(97, '000085', '0100085', 'RTC Branch 2', '2017-07-13', '00000000001', 'Sentence_85', 'Commencing_85', '2020-07-13', '2030-07-13', '2017-08-21 10:41:22', '0'),
(98, '000086', '0100086', 'RTC Branch 2', '2017-07-13', '00000000001', 'Sentence_86', 'Commencing_86', '2020-07-13', '2030-07-13', '2017-08-21 10:41:33', '0'),
(99, '000087', '0100087', 'RTC Branch 2', '2017-07-13', '00000000001', 'Sentence_87', 'Commencing_87', '2020-07-13', '2030-07-13', '2017-08-21 10:41:49', '0'),
(100, '000088', '0100088', 'RTC Branch 2', '2017-07-13', '00000000001', 'Sentence_88', 'Commencing_88', '2020-07-13', '2030-07-13', '2017-08-21 10:42:00', '0'),
(101, '000089', '0100089', 'RTC Branch 2', '2017-07-13', '00000000001', 'Sentence_89', 'Commencing_89', '2020-07-13', '2030-07-13', '2017-08-21 10:42:14', '0'),
(102, '000090', '0100090', 'RTC Branch 2', '2017-07-13', '00000000001', 'Sentence_90', 'Commencing_90', '2020-07-13', '2030-07-13', '2017-08-21 10:42:25', '0'),
(103, '000091', '0100091', 'RTC Branch 2', '2017-07-13', '00000000001', 'Sentence_91', 'Commencing_91', '2020-07-13', '2030-07-13', '2017-08-21 10:42:36', '0'),
(104, '000092', '0100092', 'RTC Branch 2', '2017-07-13', '00000000001', 'Sentence_92', 'Commencing_92', '2020-07-13', '2030-07-13', '2017-08-21 10:42:48', '0'),
(105, '000093', '0100093', 'RTC Branch 2', '2017-07-13', '00000000001', 'Sentence_93', 'Commencing_93', '2020-07-13', '2030-07-13', '2017-08-21 10:43:06', '0'),
(106, '000094', '0100094', 'RTC Branch 2', '2017-07-13', '00000000001', 'Sentence_94', 'Commencing_94', '2020-07-13', '2030-07-13', '2017-08-21 10:43:19', '0'),
(107, '000095', '0100095', 'RTC Branch 2', '2017-07-13', '00000000001', 'Sentence_95', 'Commencing_95', '2020-07-13', '2030-07-13', '2017-08-21 10:43:31', '0'),
(108, '000096', '0100096', 'RTC Branch 2', '2017-07-13', '00000000001', 'Sentence_96', 'Commencing_96', '2020-07-13', '2030-07-13', '2017-08-21 10:43:45', '0'),
(109, '000097', '0100097', 'RTC Branch 2', '2017-07-13', '00000000001', 'Sentence_97', 'Commencing_97', '2020-07-13', '2030-07-13', '2017-08-21 10:43:56', '0'),
(110, '000098', '0100098', 'RTC Branch 2', '2017-07-13', '00000000001', 'Sentence_98', 'Commencing_98', '2020-07-13', '2030-07-13', '2017-08-21 10:44:11', '0'),
(111, '000099', '0100099', 'RTC Branch 2', '2017-07-13', '00000000001', 'Sentence_99', 'Commencing_99', '2020-07-13', '2030-07-13', '2017-08-21 10:44:21', '0'),
(112, '0000100', '01000100', 'RTC Branch 2', '2017-07-13', '00000000001', 'Sentence_100', 'Commencing_100', '2020-07-13', '2030-07-13', '2017-08-21 10:44:33', '0'),
(113, '0000101', '01000101', 'RTC Branch 2', '2017-07-13', '00000000001', 'Sentence_101', 'Commencing_101', '2020-07-13', '2030-07-13', '2017-08-21 10:44:48', '0'),
(114, '0000102', '01000102', 'RTC Branch 2', '2017-07-13', '00000000001', 'Sentence_102', 'Commencing_102', '2020-07-13', '2030-07-13', '2017-08-21 10:44:59', '0'),
(115, '0000103', '01000103', 'RTC Branch 2', '2017-07-13', '00000000001', 'Sentence_103', 'Commencing_103', '2020-07-13', '2030-07-13', '2017-08-21 10:45:09', '0'),
(116, '0000104', '01000104', 'RTC Branch 2', '2017-07-13', '00000000001', 'Sentence_104', 'Commencing_104', '2020-07-13', '2030-07-13', '2017-08-21 10:45:23', '0'),
(117, '0000105', '01000105', 'RTC Branch 2', '2017-07-13', '00000000001', 'Sentence_105', 'Commencing_105', '2020-07-13', '2030-07-13', '2017-08-21 10:45:39', '0'),
(118, '0000106', '01000106', 'RTC Branch 2', '2017-07-13', '00000000001', 'Sentence_106', 'Commencing_106', '2020-07-13', '2030-07-13', '2017-08-21 10:45:50', '0'),
(119, '0000107', '01000107', 'RTC Branch 2', '2017-07-13', '00000000001', 'Sentence_107', 'Commencing_107', '2020-07-13', '2030-07-13', '2017-08-21 10:46:04', '0'),
(120, '0000108', '01000108', 'RTC Branch 2', '2017-07-13', '00000000001', 'Sentence_108', 'Commencing_108', '2020-07-13', '2030-07-13', '2017-08-21 10:46:14', '0'),
(121, '0000109', '01000109', 'RTC Branch 2', '2017-07-13', '00000000001', 'Sentence_109', 'Commencing_109', '2020-07-13', '2030-07-13', '2017-08-21 10:46:27', '0'),
(122, '0000110', '01000110', 'RTC Branch 2', '2017-07-13', '00000000001', 'Sentence_110', 'Commencing_110', '2020-07-13', '2030-07-13', '2017-08-21 10:46:38', '0'),
(123, '0000111', '01000111', 'RTC Branch 2', '2017-07-13', '00000000001', 'Sentence_111', 'Commencing_111', '2020-07-13', '2030-07-13', '2017-08-21 10:46:55', '0'),
(124, '0000112', '01000112', 'RTC Branch 2', '2017-07-13', '00000000001', 'Sentence_112', 'Commencing_112', '2020-07-13', '2030-07-13', '2017-08-21 10:47:06', '0'),
(125, '0000113', '01000113', 'RTC Branch 2', '2017-07-13', '00000000001', 'Sentence_113', 'Commencing_113', '2020-07-13', '2030-07-13', '2017-08-21 10:47:18', '0'),
(126, '0000114', '01000114', 'RTC Branch 2', '2017-07-13', '00000000001', 'Sentence_114', 'Commencing_114', '2020-07-13', '2030-07-13', '2017-08-21 10:47:29', '0'),
(127, '0000115', '01000115', 'RTC Branch 2', '2017-07-13', '00000000001', 'Sentence_115', 'Commencing_115', '2020-07-13', '2030-07-13', '2017-08-21 10:47:40', '0'),
(128, '0000116', '01000116', 'RTC Branch 2', '2017-07-13', '00000000001', 'Sentence_116', 'Commencing_116', '2020-07-13', '2030-07-13', '2017-08-21 10:47:57', '0'),
(129, '0000117', '01000117', 'RTC Branch 2', '2017-07-13', '00000000001', 'Sentence_117', 'Commencing_117', '2020-07-13', '2030-07-13', '2017-08-21 10:48:08', '0'),
(130, '0000118', '01000118', 'RTC Branch 2', '2017-07-13', '00000000001', 'Sentence_118', 'Commencing_118', '2020-07-13', '2030-07-13', '2017-08-21 10:48:19', '0'),
(131, '0000119', '01000119', 'RTC Branch 2', '2017-07-13', '00000000001', 'Sentence_119', 'Commencing_119', '2020-07-13', '2030-07-13', '2017-08-21 10:48:37', '0'),
(132, '0000120', '01000120', 'RTC Branch 2', '2017-07-13', '00000000001', 'Sentence_120', 'Commencing_120', '2020-07-13', '2030-07-13', '2017-08-21 10:48:47', '0'),
(133, '0000121', '01000121', 'RTC Branch 2', '2017-07-13', '00000000001', 'Sentence_121', 'Commencing_121', '2020-07-13', '2030-07-13', '2017-08-21 10:49:01', '0'),
(134, '0000122', '01000122', 'RTC Branch 2', '2017-07-13', '00000000001', 'Sentence_122', 'Commencing_122', '2020-07-13', '2030-07-13', '2017-08-21 10:49:27', '0'),
(135, '0000123', '01000123', 'RTC Branch 2', '2017-07-13', '00000000001', 'Sentence_123', 'Commencing_123', '2020-07-13', '2030-07-13', '2017-08-21 10:50:00', '0'),
(136, '0000124', '3213123', 'RTC Branch 1', '2017-08-31', '00000000001', 'Sentence_124', 'Commencing_124', '2017-08-30', '2017-08-30', '2017-08-21 10:54:19', '0');

-- --------------------------------------------------------

--
-- Table structure for table `inmate_conduct_rec`
--

CREATE TABLE `inmate_conduct_rec` (
  `id` int(11) NOT NULL,
  `inmate_id` varchar(255) NOT NULL,
  `date_occur` date NOT NULL,
  `rec_type` enum('Bad Conduct','Good Conduct','','') NOT NULL,
  `punishment` text NOT NULL,
  `cause` text NOT NULL,
  `warden_id` int(11) UNSIGNED ZEROFILL NOT NULL
) ENGINE=InnoDB DEFAULT CHARSET=latin1;

-- --------------------------------------------------------

--
-- Table structure for table `inmate_fp`
--

CREATE TABLE `inmate_fp` (
  `inmate_id` varchar(255) NOT NULL,
  `file_no` int(11) NOT NULL,
  `taken_by` varchar(255) NOT NULL,
  `date` date NOT NULL,
  `classified_by` varchar(255) NOT NULL,
  `verified_by` varchar(255) NOT NULL,
  `r_thumb` varchar(255) NOT NULL,
  `r_index` varchar(255) NOT NULL,
  `r_middle` varchar(255) NOT NULL,
  `r_ring` varchar(255) NOT NULL,
  `r_little` varchar(255) NOT NULL,
  `l_thumb` varchar(255) NOT NULL,
  `l_index` varchar(255) NOT NULL,
  `l_middle` varchar(255) NOT NULL,
  `l_ring` varchar(255) NOT NULL,
  `l_little` varchar(255) NOT NULL,
  `l_amp` varchar(255) NOT NULL,
  `r_amp` varchar(255) NOT NULL,
  `left_thumb` varchar(255) NOT NULL,
  `right_thumb` varchar(255) NOT NULL,
  `left_hand` varchar(255) NOT NULL,
  `right_hand` varchar(255) NOT NULL
) ENGINE=InnoDB DEFAULT CHARSET=latin1;

-- --------------------------------------------------------

--
-- Table structure for table `inmate_info`
--

CREATE TABLE `inmate_info` (
  `inmate_id` varchar(255) NOT NULL,
  `nationality` varchar(255) NOT NULL,
  `status` enum('Single','Married','Widow','Widower') NOT NULL,
  `birthdate` date NOT NULL,
  `age` int(11) NOT NULL,
  `gender` enum('Male','Female','','') NOT NULL,
  `born_in` varchar(255) NOT NULL,
  `home_add` varchar(255) NOT NULL,
  `province_add` varchar(255) NOT NULL,
  `occupation` varchar(255) NOT NULL,
  `father` varchar(255) NOT NULL,
  `mother` varchar(255) NOT NULL,
  `relative` varchar(255) NOT NULL,
  `relation` varchar(255) NOT NULL,
  `address` varchar(255) NOT NULL,
  `place` varchar(50) NOT NULL
) ENGINE=InnoDB DEFAULT CHARSET=latin1;

--
-- Dumping data for table `inmate_info`
--

INSERT INTO `inmate_info` (`inmate_id`, `nationality`, `status`, `birthdate`, `age`, `gender`, `born_in`, `home_add`, `province_add`, `occupation`, `father`, `mother`, `relative`, `relation`, `address`, `place`) VALUES
('00001', 'filipino', 'Married', '1987-07-13', 18, 'Male', 'Talisay, Cebu', 'Home_Street_1 Home_Brgy_1, Cebu City', 'Home_Province_1', 'Occupation_1', 'Name_Father_1', 'Name_Mother_1', 'Name_Relative_1', 'Relation_1', 'Current_Street_1 Current_Brgy_1, Cebu City', 'Cebu City'),
('000010', 'filipino', 'Married', '1987-07-13', 18, 'Male', 'Talisay, Cebu', 'Home_Street_10 Home_Brgy_10, Cebu City', 'Home_Province_10', 'Occupation_10', 'Name_Father_10', 'Name_Mother_10', 'Name_Relative_10', 'Relation_10', 'Current_Street_10 Current_Brgy_10, Cebu City', 'Cebu City'),
('0000100', 'filipino', 'Married', '1987-07-13', 18, 'Male', 'Talisay, Cebu', 'Home_Street_100 Home_Brgy_100, Cebu City', 'Home_Province_100', 'Occupation_100', 'Name_Father_100', 'Name_Mother_100', 'Name_Relative_100', 'Relation_100', 'Current_Street_100 Current_Brgy_100, Cebu City', 'Cebu City'),
('0000101', 'filipino', 'Married', '1987-07-13', 18, 'Male', 'Talisay, Cebu', 'Home_Street_101 Home_Brgy_101, Cebu City', 'Home_Province_101', 'Occupation_101', 'Name_Father_101', 'Name_Mother_101', 'Name_Relative_101', 'Relation_101', 'Current_Street_101 Current_Brgy_101, Cebu City', 'Cebu City'),
('0000102', 'filipino', 'Married', '1987-07-13', 18, 'Male', 'Talisay, Cebu', 'Home_Street_102 Home_Brgy_102, Cebu City', 'Home_Province_102', 'Occupation_102', 'Name_Father_102', 'Name_Mother_102', 'Name_Relative_102', 'Relation_102', 'Current_Street_102 Current_Brgy_102, Cebu City', 'Cebu City'),
('0000103', 'filipino', 'Married', '1987-07-13', 18, 'Male', 'Talisay, Cebu', 'Home_Street_103 Home_Brgy_103, Cebu City', 'Home_Province_103', 'Occupation_103', 'Name_Father_103', 'Name_Mother_103', 'Name_Relative_103', 'Relation_103', 'Current_Street_103 Current_Brgy_103, Cebu City', 'Cebu City'),
('0000104', 'filipino', 'Married', '1987-07-13', 18, 'Male', 'Talisay, Cebu', 'Home_Street_104 Home_Brgy_104, Cebu City', 'Home_Province_104', 'Occupation_104', 'Name_Father_104', 'Name_Mother_104', 'Name_Relative_104', 'Relation_104', 'Current_Street_104 Current_Brgy_104, Cebu City', 'Cebu City'),
('0000105', 'filipino', 'Married', '1987-07-13', 18, 'Male', 'Talisay, Cebu', 'Home_Street_105 Home_Brgy_105, Cebu City', 'Home_Province_105', 'Occupation_105', 'Name_Father_105', 'Name_Mother_105', 'Name_Relative_105', 'Relation_105', 'Current_Street_105 Current_Brgy_105, Cebu City', 'Cebu City'),
('0000106', 'filipino', 'Married', '1987-07-13', 18, 'Male', 'Talisay, Cebu', 'Home_Street_106 Home_Brgy_106, Cebu City', 'Home_Province_106', 'Occupation_106', 'Name_Father_106', 'Name_Mother_106', 'Name_Relative_106', 'Relation_106', 'Current_Street_106 Current_Brgy_106, Cebu City', 'Cebu City'),
('0000107', 'filipino', 'Married', '1987-07-13', 18, 'Male', 'Talisay, Cebu', 'Home_Street_107 Home_Brgy_107, Cebu City', 'Home_Province_107', 'Occupation_107', 'Name_Father_107', 'Name_Mother_107', 'Name_Relative_107', 'Relation_107', 'Current_Street_107 Current_Brgy_107, Cebu City', 'Cebu City'),
('0000108', 'filipino', 'Married', '1987-07-13', 18, 'Male', 'Talisay, Cebu', 'Home_Street_108 Home_Brgy_108, Cebu City', 'Home_Province_108', 'Occupation_108', 'Name_Father_108', 'Name_Mother_108', 'Name_Relative_108', 'Relation_108', 'Current_Street_108 Current_Brgy_108, Cebu City', 'Cebu City'),
('0000109', 'filipino', 'Married', '1987-07-13', 18, 'Male', 'Talisay, Cebu', 'Home_Street_109 Home_Brgy_109, Cebu City', 'Home_Province_109', 'Occupation_109', 'Name_Father_109', 'Name_Mother_109', 'Name_Relative_109', 'Relation_109', 'Current_Street_109 Current_Brgy_109, Cebu City', 'Cebu City'),
('000011', 'filipino', 'Married', '1987-07-13', 18, 'Male', 'Talisay, Cebu', 'Home_Street_11 Home_Brgy_11, Cebu City', 'Home_Province_11', 'Occupation_11', 'Name_Father_11', 'Name_Mother_11', 'Name_Relative_11', 'Relation_11', 'Current_Street_11 Current_Brgy_11, Cebu City', 'Cebu City'),
('0000110', 'filipino', 'Married', '1987-07-13', 18, 'Male', 'Talisay, Cebu', 'Home_Street_110 Home_Brgy_110, Cebu City', 'Home_Province_110', 'Occupation_110', 'Name_Father_110', 'Name_Mother_110', 'Name_Relative_110', 'Relation_110', 'Current_Street_110 Current_Brgy_110, Cebu City', 'Cebu City'),
('0000111', 'filipino', 'Married', '1987-07-13', 18, 'Male', 'Talisay, Cebu', 'Home_Street_111 Home_Brgy_111, Cebu City', 'Home_Province_111', 'Occupation_111', 'Name_Father_111', 'Name_Mother_111', 'Name_Relative_111', 'Relation_111', 'Current_Street_111 Current_Brgy_111, Cebu City', 'Cebu City'),
('0000112', 'filipino', 'Married', '1987-07-13', 18, 'Male', 'Talisay, Cebu', 'Home_Street_112 Home_Brgy_112, Cebu City', 'Home_Province_112', 'Occupation_112', 'Name_Father_112', 'Name_Mother_112', 'Name_Relative_112', 'Relation_112', 'Current_Street_112 Current_Brgy_112, Cebu City', 'Cebu City'),
('0000113', 'filipino', 'Married', '1987-07-13', 18, 'Male', 'Talisay, Cebu', 'Home_Street_113 Home_Brgy_113, Cebu City', 'Home_Province_113', 'Occupation_113', 'Name_Father_113', 'Name_Mother_113', 'Name_Relative_113', 'Relation_113', 'Current_Street_113 Current_Brgy_113, Cebu City', 'Cebu City'),
('0000114', 'filipino', 'Married', '1987-07-13', 18, 'Male', 'Talisay, Cebu', 'Home_Street_114 Home_Brgy_114, Cebu City', 'Home_Province_114', 'Occupation_114', 'Name_Father_114', 'Name_Mother_114', 'Name_Relative_114', 'Relation_114', 'Current_Street_114 Current_Brgy_114, Cebu City', 'Cebu City'),
('0000115', 'filipino', 'Married', '1987-07-13', 18, 'Male', 'Talisay, Cebu', 'Home_Street_115 Home_Brgy_115, Cebu City', 'Home_Province_115', 'Occupation_115', 'Name_Father_115', 'Name_Mother_115', 'Name_Relative_115', 'Relation_115', 'Current_Street_115 Current_Brgy_115, Cebu City', 'Cebu City'),
('0000116', 'filipino', 'Married', '1987-07-13', 18, 'Male', 'Talisay, Cebu', 'Home_Street_116 Home_Brgy_116, Cebu City', 'Home_Province_116', 'Occupation_116', 'Name_Father_116', 'Name_Mother_116', 'Name_Relative_116', 'Relation_116', 'Current_Street_116 Current_Brgy_116, Cebu City', 'Cebu City'),
('0000117', 'filipino', 'Married', '1987-07-13', 18, 'Male', 'Talisay, Cebu', 'Home_Street_117 Home_Brgy_117, Cebu City', 'Home_Province_117', 'Occupation_117', 'Name_Father_117', 'Name_Mother_117', 'Name_Relative_117', 'Relation_117', 'Current_Street_117 Current_Brgy_117, Cebu City', 'Cebu City'),
('0000118', 'filipino', 'Married', '1987-07-13', 18, 'Male', 'Talisay, Cebu', 'Home_Street_118 Home_Brgy_118, Cebu City', 'Home_Province_118', 'Occupation_118', 'Name_Father_118', 'Name_Mother_118', 'Name_Relative_118', 'Relation_118', 'Current_Street_118 Current_Brgy_118, Cebu City', 'Cebu City'),
('0000119', 'filipino', 'Married', '1987-07-13', 18, 'Male', 'Talisay, Cebu', 'Home_Street_119 Home_Brgy_119, Cebu City', 'Home_Province_119', 'Occupation_119', 'Name_Father_119', 'Name_Mother_119', 'Name_Relative_119', 'Relation_119', 'Current_Street_119 Current_Brgy_119, Cebu City', 'Cebu City'),
('000012', 'filipino', 'Married', '1987-07-13', 18, 'Male', 'Talisay, Cebu', 'Home_Street_12 Home_Brgy_12, Cebu City', 'Home_Province_12', 'Occupation_12', 'Name_Father_12', 'Name_Mother_12', 'Name_Relative_12', 'Relation_12', 'Current_Street_12 Current_Brgy_12, Cebu City', 'Cebu City'),
('0000120', 'filipino', 'Married', '1987-07-13', 18, 'Male', 'Talisay, Cebu', 'Home_Street_120 Home_Brgy_120, Cebu City', 'Home_Province_120', 'Occupation_120', 'Name_Father_120', 'Name_Mother_120', 'Name_Relative_120', 'Relation_120', 'Current_Street_120 Current_Brgy_120, Cebu City', 'Cebu City'),
('0000121', 'filipino', 'Married', '1987-07-13', 18, 'Male', 'Talisay, Cebu', 'Home_Street_121 Home_Brgy_121, Cebu City', 'Home_Province_121', 'Occupation_121', 'Name_Father_121', 'Name_Mother_121', 'Name_Relative_121', 'Relation_121', 'Current_Street_121 Current_Brgy_121, Cebu City', 'Cebu City'),
('0000122', 'filipino', 'Married', '1987-07-13', 18, 'Male', 'Talisay, Cebu', 'Home_Street_122 Home_Brgy_122, Cebu City', 'Home_Province_122', 'Occupation_122', 'Name_Father_122', 'Name_Mother_122', 'Name_Relative_122', 'Relation_122', 'Current_Street_122 Current_Brgy_122, Cebu City', 'Cebu City'),
('0000123', 'filipino', 'Married', '1987-07-13', 18, 'Male', 'Talisay, Cebu', 'Home_Street_123 Home_Brgy_123, Cebu City', 'Home_Province_123', 'Occupation_123', 'Name_Father_123', 'Name_Mother_123', 'Name_Relative_123', 'Relation_123', 'Current_Street_123 Current_Brgy_123, Cebu City', 'Cebu City'),
('0000124', 'filipino', 'Married', '1987-07-13', 18, 'Male', 'Talisay, Cebu', 'Home_Street_124 Home_Brgy_124, Cebu City', 'Home_Province_124', 'Occupation_124', 'Name_Father_124', 'Name_Mother_124', 'Name_Relative_124', 'Relation_124', 'Current_Street_124 Current_Brgy_124, Cebu City', 'Cebu City'),
('000013', 'filipino', 'Married', '1987-07-13', 18, 'Male', 'Talisay, Cebu', 'Home_Street_13 Home_Brgy_13, Cebu City', 'Home_Province_13', 'Occupation_13', 'Name_Father_13', 'Name_Mother_13', 'Name_Relative_13', 'Relation_13', 'Current_Street_13 Current_Brgy_13, Cebu City', 'Cebu City'),
('000014', 'filipino', 'Married', '1987-07-13', 18, 'Male', 'Talisay, Cebu', 'Home_Street_14 Home_Brgy_14, Cebu City', 'Home_Province_14', 'Occupation_14', 'Name_Father_14', 'Name_Mother_14', 'Name_Relative_14', 'Relation_14', 'Current_Street_14 Current_Brgy_14, Cebu City', 'Cebu City'),
('000015', 'filipino', 'Married', '1987-07-13', 18, 'Male', 'Talisay, Cebu', 'Home_Street_15 Home_Brgy_15, Cebu City', 'Home_Province_15', 'Occupation_15', 'Name_Father_15', 'Name_Mother_15', 'Name_Relative_15', 'Relation_15', 'Current_Street_15 Current_Brgy_15, Cebu City', 'Cebu City'),
('000016', 'filipino', 'Married', '1987-07-13', 18, 'Male', 'Talisay, Cebu', 'Home_Street_16 Home_Brgy_16, Cebu City', 'Home_Province_16', 'Occupation_16', 'Name_Father_16', 'Name_Mother_16', 'Name_Relative_16', 'Relation_16', 'Current_Street_16 Current_Brgy_16, Cebu City', 'Cebu City'),
('000017', 'filipino', 'Married', '1987-07-13', 18, 'Male', 'Talisay, Cebu', 'Home_Street_17 Home_Brgy_17, Cebu City', 'Home_Province_17', 'Occupation_17', 'Name_Father_17', 'Name_Mother_17', 'Name_Relative_17', 'Relation_17', 'Current_Street_17 Current_Brgy_17, Cebu City', 'Cebu City'),
('000018', 'filipino', 'Married', '1987-07-13', 18, 'Male', 'Talisay, Cebu', 'Home_Street_18 Home_Brgy_18, Cebu City', 'Home_Province_18', 'Occupation_18', 'Name_Father_18', 'Name_Mother_18', 'Name_Relative_18', 'Relation_18', 'Current_Street_18 Current_Brgy_18, Cebu City', 'Cebu City'),
('000019', 'filipino', 'Married', '1987-07-13', 18, 'Male', 'Talisay, Cebu', 'Home_Street_19 Home_Brgy_19, Cebu City', 'Home_Province_19', 'Occupation_19', 'Name_Father_19', 'Name_Mother_19', 'Name_Relative_19', 'Relation_19', 'Current_Street_19 Current_Brgy_19, Cebu City', 'Cebu City'),
('00002', 'filipino', 'Married', '1987-07-13', 18, 'Male', 'Talisay, Cebu', 'Home_Street_2 Home_Brgy_2, Cebu City', 'Home_Province_2', 'Occupation_2', 'Name_Father_2', 'Name_Mother_2', 'Name_Relative_2', 'Relation_2', 'Current_Street_2 Current_Brgy_2, Cebu City', 'Cebu City'),
('000020', 'filipino', 'Married', '1987-07-13', 18, 'Male', 'Talisay, Cebu', 'Home_Street_20 Home_Brgy_20, Cebu City', 'Home_Province_20', 'Occupation_20', 'Name_Father_20', 'Name_Mother_20', 'Name_Relative_20', 'Relation_20', 'Current_Street_20 Current_Brgy_20, Cebu City', 'Cebu City'),
('000021', 'filipino', 'Married', '1987-07-13', 18, 'Male', 'Talisay, Cebu', 'Home_Street_21 Home_Brgy_21, Cebu City', 'Home_Province_21', 'Occupation_21', 'Name_Father_21', 'Name_Mother_21', 'Name_Relative_21', 'Relation_21', 'Current_Street_21 Current_Brgy_21, Cebu City', 'Cebu City'),
('000022', 'filipino', 'Married', '1987-07-13', 18, 'Male', 'Talisay, Cebu', 'Home_Street_22 Home_Brgy_22, Cebu City', 'Home_Province_22', 'Occupation_22', 'Name_Father_22', 'Name_Mother_22', 'Name_Relative_22', 'Relation_22', 'Current_Street_22 Current_Brgy_22, Cebu City', 'Cebu City'),
('000023', 'filipino', 'Married', '1987-07-13', 18, 'Male', 'Talisay, Cebu', 'Home_Street_23 Home_Brgy_23, Cebu City', 'Home_Province_23', 'Occupation_23', 'Name_Father_23', 'Name_Mother_23', 'Name_Relative_23', 'Relation_23', 'Current_Street_23 Current_Brgy_23, Cebu City', 'Cebu City'),
('000024', 'filipino', 'Married', '1987-07-13', 18, 'Male', 'Talisay, Cebu', 'Home_Street_24 Home_Brgy_24, Cebu City', 'Home_Province_24', 'Occupation_24', 'Name_Father_24', 'Name_Mother_24', 'Name_Relative_24', 'Relation_24', 'Current_Street_24 Current_Brgy_24, Cebu City', 'Cebu City'),
('000025', 'filipino', 'Married', '1987-07-13', 18, 'Male', 'Talisay, Cebu', 'Home_Street_25 Home_Brgy_25, Cebu City', 'Home_Province_25', 'Occupation_25', 'Name_Father_25', 'Name_Mother_25', 'Name_Relative_25', 'Relation_25', 'Current_Street_25 Current_Brgy_25, Cebu City', 'Cebu City'),
('000026', 'filipino', 'Married', '1987-07-13', 18, 'Male', 'Talisay, Cebu', 'Home_Street_26 Home_Brgy_26, Cebu City', 'Home_Province_26', 'Occupation_26', 'Name_Father_26', 'Name_Mother_26', 'Name_Relative_26', 'Relation_26', 'Current_Street_26 Current_Brgy_26, Cebu City', 'Cebu City'),
('000027', 'filipino', 'Married', '1987-07-13', 18, 'Male', 'Talisay, Cebu', 'Home_Street_27 Home_Brgy_27, Cebu City', 'Home_Province_27', 'Occupation_27', 'Name_Father_27', 'Name_Mother_27', 'Name_Relative_27', 'Relation_27', 'Current_Street_27 Current_Brgy_27, Cebu City', 'Cebu City'),
('000028', 'filipino', 'Married', '1987-07-13', 18, 'Male', 'Talisay, Cebu', 'Home_Street_28 Home_Brgy_28, Cebu City', 'Home_Province_28', 'Occupation_28', 'Name_Father_28', 'Name_Mother_28', 'Name_Relative_28', 'Relation_28', 'Current_Street_28 Current_Brgy_28, Cebu City', 'Cebu City'),
('000029', 'filipino', 'Married', '1987-07-13', 18, 'Male', 'Talisay, Cebu', 'Home_Street_29 Home_Brgy_29, Cebu City', 'Home_Province_29', 'Occupation_29', 'Name_Father_29', 'Name_Mother_29', 'Name_Relative_29', 'Relation_29', 'Current_Street_29 Current_Brgy_29, Cebu City', 'Cebu City'),
('00003', 'filipino', 'Married', '1987-07-13', 18, 'Male', 'Talisay, Cebu', 'Home_Street_3 Home_Brgy_3, Cebu City', 'Home_Province_3', 'Occupation_3', 'Name_Father_3', 'Name_Mother_3', 'Name_Relative_3', 'Relation_3', 'Current_Street_3 Current_Brgy_3, Cebu City', 'Cebu City'),
('000030', 'filipino', 'Married', '1987-07-13', 18, 'Male', 'Talisay, Cebu', 'Home_Street_30 Home_Brgy_30, Cebu City', 'Home_Province_30', 'Occupation_30', 'Name_Father_30', 'Name_Mother_30', 'Name_Relative_30', 'Relation_30', 'Current_Street_30 Current_Brgy_30, Cebu City', 'Cebu City'),
('000031', 'filipino', 'Married', '1987-07-13', 18, 'Male', 'Talisay, Cebu', 'Home_Street_31 Home_Brgy_31, Cebu City', 'Home_Province_31', 'Occupation_31', 'Name_Father_31', 'Name_Mother_31', 'Name_Relative_31', 'Relation_31', 'Current_Street_31 Current_Brgy_31, Cebu City', 'Cebu City'),
('000032', 'filipino', 'Married', '1987-07-13', 18, 'Male', 'Talisay, Cebu', 'Home_Street_32 Home_Brgy_32, Cebu City', 'Home_Province_32', 'Occupation_32', 'Name_Father_32', 'Name_Mother_32', 'Name_Relative_32', 'Relation_32', 'Current_Street_32 Current_Brgy_32, Cebu City', 'Cebu City'),
('000033', 'filipino', 'Married', '1987-07-13', 18, 'Male', 'Talisay, Cebu', 'Home_Street_33 Home_Brgy_33, Cebu City', 'Home_Province_33', 'Occupation_33', 'Name_Father_33', 'Name_Mother_33', 'Name_Relative_33', 'Relation_33', 'Current_Street_33 Current_Brgy_33, Cebu City', 'Cebu City'),
('000034', 'filipino', 'Married', '1987-07-13', 18, 'Male', 'Talisay, Cebu', 'Home_Street_34 Home_Brgy_34, Cebu City', 'Home_Province_34', 'Occupation_34', 'Name_Father_34', 'Name_Mother_34', 'Name_Relative_34', 'Relation_34', 'Current_Street_34 Current_Brgy_34, Cebu City', 'Cebu City'),
('000035', 'filipino', 'Married', '1987-07-13', 18, 'Male', 'Talisay, Cebu', 'Home_Street_35 Home_Brgy_35, Cebu City', 'Home_Province_35', 'Occupation_35', 'Name_Father_35', 'Name_Mother_35', 'Name_Relative_35', 'Relation_35', 'Current_Street_35 Current_Brgy_35, Cebu City', 'Cebu City'),
('000036', 'filipino', 'Married', '1987-07-13', 18, 'Male', 'Talisay, Cebu', 'Home_Street_36 Home_Brgy_36, Cebu City', 'Home_Province_36', 'Occupation_36', 'Name_Father_36', 'Name_Mother_36', 'Name_Relative_36', 'Relation_36', 'Current_Street_36 Current_Brgy_36, Cebu City', 'Cebu City'),
('000037', 'filipino', 'Married', '1987-07-13', 18, 'Male', 'Talisay, Cebu', 'Home_Street_37 Home_Brgy_37, Cebu City', 'Home_Province_37', 'Occupation_37', 'Name_Father_37', 'Name_Mother_37', 'Name_Relative_37', 'Relation_37', 'Current_Street_37 Current_Brgy_37, Cebu City', 'Cebu City'),
('000038', 'filipino', 'Married', '1987-07-13', 18, 'Male', 'Talisay, Cebu', 'Home_Street_38 Home_Brgy_38, Cebu City', 'Home_Province_38', 'Occupation_38', 'Name_Father_38', 'Name_Mother_38', 'Name_Relative_38', 'Relation_38', 'Current_Street_38 Current_Brgy_38, Cebu City', 'Cebu City'),
('000039', 'filipino', 'Married', '1987-07-13', 18, 'Male', 'Talisay, Cebu', 'Home_Street_39 Home_Brgy_39, Cebu City', 'Home_Province_39', 'Occupation_39', 'Name_Father_39', 'Name_Mother_39', 'Name_Relative_39', 'Relation_39', 'Current_Street_39 Current_Brgy_39, Cebu City', 'Cebu City'),
('00004', 'filipino', 'Married', '1987-07-13', 18, 'Male', 'Talisay, Cebu', 'Home_Street_4 Home_Brgy_4, Cebu City', 'Home_Province_4', 'Occupation_4', 'Name_Father_4', 'Name_Mother_4', 'Name_Relative_4', 'Relation_4', 'Current_Street_4 Current_Brgy_4, Cebu City', 'Cebu City'),
('000040', 'filipino', 'Married', '1987-07-13', 18, 'Male', 'Talisay, Cebu', 'Home_Street_40 Home_Brgy_40, Cebu City', 'Home_Province_40', 'Occupation_40', 'Name_Father_40', 'Name_Mother_40', 'Name_Relative_40', 'Relation_40', 'Current_Street_40 Current_Brgy_40, Cebu City', 'Cebu City'),
('000041', 'filipino', 'Married', '1987-07-13', 18, 'Male', 'Talisay, Cebu', 'Home_Street_41 Home_Brgy_41, Cebu City', 'Home_Province_41', 'Occupation_41', 'Name_Father_41', 'Name_Mother_41', 'Name_Relative_41', 'Relation_41', 'Current_Street_41 Current_Brgy_41, Cebu City', 'Cebu City'),
('000042', 'filipino', 'Married', '1987-07-13', 18, 'Male', 'Talisay, Cebu', 'Home_Street_42 Home_Brgy_42, Cebu City', 'Home_Province_42', 'Occupation_42', 'Name_Father_42', 'Name_Mother_42', 'Name_Relative_42', 'Relation_42', 'Current_Street_42 Current_Brgy_42, Cebu City', 'Cebu City'),
('000043', 'filipino', 'Married', '1987-07-13', 18, 'Male', 'Talisay, Cebu', 'Home_Street_43 Home_Brgy_43, Cebu City', 'Home_Province_43', 'Occupation_43', 'Name_Father_43', 'Name_Mother_43', 'Name_Relative_43', 'Relation_43', 'Current_Street_43 Current_Brgy_43, Cebu City', 'Cebu City'),
('000044', 'filipino', 'Married', '1987-07-13', 18, 'Male', 'Talisay, Cebu', 'Home_Street_44 Home_Brgy_44, Cebu City', 'Home_Province_44', 'Occupation_44', 'Name_Father_44', 'Name_Mother_44', 'Name_Relative_44', 'Relation_44', 'Current_Street_44 Current_Brgy_44, Cebu City', 'Cebu City'),
('000045', 'filipino', 'Married', '1987-07-13', 18, 'Male', 'Talisay, Cebu', 'Home_Street_45 Home_Brgy_45, Cebu City', 'Home_Province_45', 'Occupation_45', 'Name_Father_45', 'Name_Mother_45', 'Name_Relative_45', 'Relation_45', 'Current_Street_45 Current_Brgy_45, Cebu City', 'Cebu City'),
('000046', 'filipino', 'Married', '1987-07-13', 18, 'Male', 'Talisay, Cebu', 'Home_Street_46 Home_Brgy_46, Cebu City', 'Home_Province_46', 'Occupation_46', 'Name_Father_46', 'Name_Mother_46', 'Name_Relative_46', 'Relation_46', 'Current_Street_46 Current_Brgy_46, Cebu City', 'Cebu City'),
('000047', 'filipino', 'Married', '1987-07-13', 18, 'Male', 'Talisay, Cebu', 'Home_Street_47 Home_Brgy_47, Cebu City', 'Home_Province_47', 'Occupation_47', 'Name_Father_47', 'Name_Mother_47', 'Name_Relative_47', 'Relation_47', 'Current_Street_47 Current_Brgy_47, Cebu City', 'Cebu City'),
('000048', 'filipino', 'Married', '1987-07-13', 18, 'Male', 'Talisay, Cebu', 'Home_Street_48 Home_Brgy_48, Cebu City', 'Home_Province_48', 'Occupation_48', 'Name_Father_48', 'Name_Mother_48', 'Name_Relative_48', 'Relation_48', 'Current_Street_48 Current_Brgy_48, Cebu City', 'Cebu City'),
('000049', 'filipino', 'Married', '1987-07-13', 18, 'Male', 'Talisay, Cebu', 'Home_Street_49 Home_Brgy_49, Cebu City', 'Home_Province_49', 'Occupation_49', 'Name_Father_49', 'Name_Mother_49', 'Name_Relative_49', 'Relation_49', 'Current_Street_49 Current_Brgy_49, Cebu City', 'Cebu City'),
('00005', 'filipino', 'Married', '1987-07-13', 18, 'Male', 'Talisay, Cebu', 'Home_Street_5 Home_Brgy_5, Cebu City', 'Home_Province_5', 'Occupation_5', 'Name_Father_5', 'Name_Mother_5', 'Name_Relative_5', 'Relation_5', 'Current_Street_5 Current_Brgy_5, Cebu City', 'Cebu City'),
('000050', 'filipino', 'Married', '1987-07-13', 18, 'Male', 'Talisay, Cebu', 'Home_Street_50 Home_Brgy_50, Cebu City', 'Home_Province_50', 'Occupation_50', 'Name_Father_50', 'Name_Mother_50', 'Name_Relative_50', 'Relation_50', 'Current_Street_50 Current_Brgy_50, Cebu City', 'Cebu City'),
('000051', 'filipino', 'Married', '1987-07-13', 18, 'Male', 'Talisay, Cebu', 'Home_Street_51 Home_Brgy_51, Cebu City', 'Home_Province_51', 'Occupation_51', 'Name_Father_51', 'Name_Mother_51', 'Name_Relative_51', 'Relation_51', 'Current_Street_51 Current_Brgy_51, Cebu City', 'Cebu City'),
('000052', 'filipino', 'Married', '1987-07-13', 18, 'Male', 'Talisay, Cebu', 'Home_Street_52 Home_Brgy_52, Cebu City', 'Home_Province_52', 'Occupation_52', 'Name_Father_52', 'Name_Mother_52', 'Name_Relative_52', 'Relation_52', 'Current_Street_52 Current_Brgy_52, Cebu City', 'Cebu City'),
('000053', 'filipino', 'Married', '1987-07-13', 18, 'Male', 'Talisay, Cebu', 'Home_Street_53 Home_Brgy_53, Cebu City', 'Home_Province_53', 'Occupation_53', 'Name_Father_53', 'Name_Mother_53', 'Name_Relative_53', 'Relation_53', 'Current_Street_53 Current_Brgy_53, Cebu City', 'Cebu City'),
('000054', 'filipino', 'Married', '1987-07-13', 18, 'Male', 'Talisay, Cebu', 'Home_Street_54 Home_Brgy_54, Cebu City', 'Home_Province_54', 'Occupation_54', 'Name_Father_54', 'Name_Mother_54', 'Name_Relative_54', 'Relation_54', 'Current_Street_54 Current_Brgy_54, Cebu City', 'Cebu City'),
('000055', 'filipino', 'Married', '1987-07-13', 18, 'Male', 'Talisay, Cebu', 'Home_Street_55 Home_Brgy_55, Cebu City', 'Home_Province_55', 'Occupation_55', 'Name_Father_55', 'Name_Mother_55', 'Name_Relative_55', 'Relation_55', 'Current_Street_55 Current_Brgy_55, Cebu City', 'Cebu City'),
('000056', 'filipino', 'Married', '1987-07-13', 18, 'Male', 'Talisay, Cebu', 'Home_Street_56 Home_Brgy_56, Cebu City', 'Home_Province_56', 'Occupation_56', 'Name_Father_56', 'Name_Mother_56', 'Name_Relative_56', 'Relation_56', 'Current_Street_56 Current_Brgy_56, Cebu City', 'Cebu City'),
('000057', 'filipino', 'Married', '1987-07-13', 18, 'Male', 'Talisay, Cebu', 'Home_Street_57 Home_Brgy_57, Cebu City', 'Home_Province_57', 'Occupation_57', 'Name_Father_57', 'Name_Mother_57', 'Name_Relative_57', 'Relation_57', 'Current_Street_57 Current_Brgy_57, Cebu City', 'Cebu City'),
('000058', 'filipino', 'Married', '1987-07-13', 18, 'Male', 'Talisay, Cebu', 'Home_Street_58 Home_Brgy_58, Cebu City', 'Home_Province_58', 'Occupation_58', 'Name_Father_58', 'Name_Mother_58', 'Name_Relative_58', 'Relation_58', 'Current_Street_58 Current_Brgy_58, Cebu City', 'Cebu City'),
('000059', 'filipino', 'Married', '1987-07-13', 18, 'Male', 'Talisay, Cebu', 'Home_Street_59 Home_Brgy_59, Cebu City', 'Home_Province_59', 'Occupation_59', 'Name_Father_59', 'Name_Mother_59', 'Name_Relative_59', 'Relation_59', 'Current_Street_59 Current_Brgy_59, Cebu City', 'Cebu City'),
('00006', 'filipino', 'Married', '1987-07-13', 18, 'Male', 'Talisay, Cebu', 'Home_Street_6 Home_Brgy_6, Cebu City', 'Home_Province_6', 'Occupation_6', 'Name_Father_6', 'Name_Mother_6', 'Name_Relative_6', 'Relation_6', 'Current_Street_6 Current_Brgy_6, Cebu City', 'Cebu City'),
('000060', 'filipino', 'Married', '1987-07-13', 18, 'Male', 'Talisay, Cebu', 'Home_Street_60 Home_Brgy_60, Cebu City', 'Home_Province_60', 'Occupation_60', 'Name_Father_60', 'Name_Mother_60', 'Name_Relative_60', 'Relation_60', 'Current_Street_60 Current_Brgy_60, Cebu City', 'Cebu City'),
('000061', 'filipino', 'Married', '1987-07-13', 18, 'Male', 'Talisay, Cebu', 'Home_Street_61 Home_Brgy_61, Cebu City', 'Home_Province_61', 'Occupation_61', 'Name_Father_61', 'Name_Mother_61', 'Name_Relative_61', 'Relation_61', 'Current_Street_61 Current_Brgy_61, Cebu City', 'Cebu City'),
('000062', 'filipino', 'Married', '1987-07-13', 18, 'Male', 'Talisay, Cebu', 'Home_Street_62 Home_Brgy_62, Cebu City', 'Home_Province_62', 'Occupation_62', 'Name_Father_62', 'Name_Mother_62', 'Name_Relative_62', 'Relation_62', 'Current_Street_62 Current_Brgy_62, Cebu City', 'Cebu City'),
('000063', 'filipino', 'Married', '1987-07-13', 18, 'Male', 'Talisay, Cebu', 'Home_Street_63 Home_Brgy_63, Cebu City', 'Home_Province_63', 'Occupation_63', 'Name_Father_63', 'Name_Mother_63', 'Name_Relative_63', 'Relation_63', 'Current_Street_63 Current_Brgy_63, Cebu City', 'Cebu City'),
('000064', 'filipino', 'Married', '1987-07-13', 18, 'Male', 'Talisay, Cebu', 'Home_Street_64 Home_Brgy_64, Cebu City', 'Home_Province_64', 'Occupation_64', 'Name_Father_64', 'Name_Mother_64', 'Name_Relative_64', 'Relation_64', 'Current_Street_64 Current_Brgy_64, Cebu City', 'Cebu City'),
('000065', 'filipino', 'Married', '1987-07-13', 18, 'Male', 'Talisay, Cebu', 'Home_Street_65 Home_Brgy_65, Cebu City', 'Home_Province_65', 'Occupation_65', 'Name_Father_65', 'Name_Mother_65', 'Name_Relative_65', 'Relation_65', 'Current_Street_65 Current_Brgy_65, Cebu City', 'Cebu City'),
('000066', 'filipino', 'Married', '1987-07-13', 18, 'Male', 'Talisay, Cebu', 'Home_Street_66 Home_Brgy_66, Cebu City', 'Home_Province_66', 'Occupation_66', 'Name_Father_66', 'Name_Mother_66', 'Name_Relative_66', 'Relation_66', 'Current_Street_66 Current_Brgy_66, Cebu City', 'Cebu City'),
('000067', 'filipino', 'Married', '1987-07-13', 18, 'Male', 'Talisay, Cebu', 'Home_Street_67 Home_Brgy_67, Cebu City', 'Home_Province_67', 'Occupation_67', 'Name_Father_67', 'Name_Mother_67', 'Name_Relative_67', 'Relation_67', 'Current_Street_67 Current_Brgy_67, Cebu City', 'Cebu City'),
('000068', 'filipino', 'Married', '1987-07-13', 18, 'Male', 'Talisay, Cebu', 'Home_Street_68 Home_Brgy_68, Cebu City', 'Home_Province_68', 'Occupation_68', 'Name_Father_68', 'Name_Mother_68', 'Name_Relative_68', 'Relation_68', 'Current_Street_68 Current_Brgy_68, Cebu City', 'Cebu City'),
('000069', 'filipino', 'Married', '1987-07-13', 18, 'Male', 'Talisay, Cebu', 'Home_Street_69 Home_Brgy_69, Cebu City', 'Home_Province_69', 'Occupation_69', 'Name_Father_69', 'Name_Mother_69', 'Name_Relative_69', 'Relation_69', 'Current_Street_69 Current_Brgy_69, Cebu City', 'Cebu City'),
('00007', 'filipino', 'Married', '1987-07-13', 18, 'Male', 'Talisay, Cebu', 'Home_Street_7 Home_Brgy_7, Cebu City', 'Home_Province_7', 'Occupation_7', 'Name_Father_7', 'Name_Mother_7', 'Name_Relative_7', 'Relation_7', 'Current_Street_7 Current_Brgy_7, Cebu City', 'Cebu City'),
('000070', 'filipino', 'Married', '1987-07-13', 18, 'Male', 'Talisay, Cebu', 'Home_Street_70 Home_Brgy_70, Cebu City', 'Home_Province_70', 'Occupation_70', 'Name_Father_70', 'Name_Mother_70', 'Name_Relative_70', 'Relation_70', 'Current_Street_70 Current_Brgy_70, Cebu City', 'Cebu City'),
('000071', 'filipino', 'Married', '1987-07-13', 18, 'Male', 'Talisay, Cebu', 'Home_Street_71 Home_Brgy_71, Cebu City', 'Home_Province_71', 'Occupation_71', 'Name_Father_71', 'Name_Mother_71', 'Name_Relative_71', 'Relation_71', 'Current_Street_71 Current_Brgy_71, Cebu City', 'Cebu City'),
('000072', 'filipino', 'Married', '1987-07-13', 18, 'Male', 'Talisay, Cebu', 'Home_Street_72 Home_Brgy_72, Cebu City', 'Home_Province_72', 'Occupation_72', 'Name_Father_72', 'Name_Mother_72', 'Name_Relative_72', 'Relation_72', 'Current_Street_72 Current_Brgy_72, Cebu City', 'Cebu City'),
('000073', 'filipino', 'Married', '1987-07-13', 18, 'Male', 'Talisay, Cebu', 'Home_Street_73 Home_Brgy_73, Cebu City', 'Home_Province_73', 'Occupation_73', 'Name_Father_73', 'Name_Mother_73', 'Name_Relative_73', 'Relation_73', 'Current_Street_73 Current_Brgy_73, Cebu City', 'Cebu City'),
('000074', 'filipino', 'Married', '1987-07-13', 18, 'Male', 'Talisay, Cebu', 'Home_Street_74 Home_Brgy_74, Cebu City', 'Home_Province_74', 'Occupation_74', 'Name_Father_74', 'Name_Mother_74', 'Name_Relative_74', 'Relation_74', 'Current_Street_74 Current_Brgy_74, Cebu City', 'Cebu City'),
('000075', 'filipino', 'Married', '1987-07-13', 18, 'Male', 'Talisay, Cebu', 'Home_Street_75 Home_Brgy_75, Cebu City', 'Home_Province_75', 'Occupation_75', 'Name_Father_75', 'Name_Mother_75', 'Name_Relative_75', 'Relation_75', 'Current_Street_75 Current_Brgy_75, Cebu City', 'Cebu City'),
('000076', 'filipino', 'Married', '1987-07-13', 18, 'Male', 'Talisay, Cebu', 'Home_Street_76 Home_Brgy_76, Cebu City', 'Home_Province_76', 'Occupation_76', 'Name_Father_76', 'Name_Mother_76', 'Name_Relative_76', 'Relation_76', 'Current_Street_76 Current_Brgy_76, Cebu City', 'Cebu City'),
('000077', 'filipino', 'Married', '1987-07-13', 18, 'Male', 'Talisay, Cebu', 'Home_Street_77 Home_Brgy_77, Cebu City', 'Home_Province_77', 'Occupation_77', 'Name_Father_77', 'Name_Mother_77', 'Name_Relative_77', 'Relation_77', 'Current_Street_77 Current_Brgy_77, Cebu City', 'Cebu City'),
('000078', 'filipino', 'Married', '1987-07-13', 18, 'Male', 'Talisay, Cebu', 'Home_Street_78 Home_Brgy_78, Cebu City', 'Home_Province_78', 'Occupation_78', 'Name_Father_78', 'Name_Mother_78', 'Name_Relative_78', 'Relation_78', 'Current_Street_78 Current_Brgy_78, Cebu City', 'Cebu City'),
('000079', 'filipino', 'Married', '1987-07-13', 18, 'Male', 'Talisay, Cebu', 'Home_Street_79 Home_Brgy_79, Cebu City', 'Home_Province_79', 'Occupation_79', 'Name_Father_79', 'Name_Mother_79', 'Name_Relative_79', 'Relation_79', 'Current_Street_79 Current_Brgy_79, Cebu City', 'Cebu City'),
('00008', 'filipino', 'Married', '1987-07-13', 18, 'Male', 'Talisay, Cebu', 'Home_Street_8 Home_Brgy_8, Cebu City', 'Home_Province_8', 'Occupation_8', 'Name_Father_8', 'Name_Mother_8', 'Name_Relative_8', 'Relation_8', 'Current_Street_8 Current_Brgy_8, Cebu City', 'Cebu City'),
('000080', 'filipino', 'Married', '1987-07-13', 18, 'Male', 'Talisay, Cebu', 'Home_Street_80 Home_Brgy_80, Cebu City', 'Home_Province_80', 'Occupation_80', 'Name_Father_80', 'Name_Mother_80', 'Name_Relative_80', 'Relation_80', 'Current_Street_80 Current_Brgy_80, Cebu City', 'Cebu City'),
('000081', 'filipino', 'Married', '1987-07-13', 18, 'Male', 'Talisay, Cebu', 'Home_Street_81 Home_Brgy_81, Cebu City', 'Home_Province_81', 'Occupation_81', 'Name_Father_81', 'Name_Mother_81', 'Name_Relative_81', 'Relation_81', 'Current_Street_81 Current_Brgy_81, Cebu City', 'Cebu City'),
('000082', 'filipino', 'Married', '1987-07-13', 18, 'Male', 'Talisay, Cebu', 'Home_Street_82 Home_Brgy_82, Cebu City', 'Home_Province_82', 'Occupation_82', 'Name_Father_82', 'Name_Mother_82', 'Name_Relative_82', 'Relation_82', 'Current_Street_82 Current_Brgy_82, Cebu City', 'Cebu City'),
('000083', 'filipino', 'Married', '1987-07-13', 18, 'Male', 'Talisay, Cebu', 'Home_Street_83 Home_Brgy_83, Cebu City', 'Home_Province_83', 'Occupation_83', 'Name_Father_83', 'Name_Mother_83', 'Name_Relative_83', 'Relation_83', 'Current_Street_83 Current_Brgy_83, Cebu City', 'Cebu City'),
('000084', 'filipino', 'Married', '1987-07-13', 18, 'Male', 'Talisay, Cebu', 'Home_Street_84 Home_Brgy_84, Cebu City', 'Home_Province_84', 'Occupation_84', 'Name_Father_84', 'Name_Mother_84', 'Name_Relative_84', 'Relation_84', 'Current_Street_84 Current_Brgy_84, Cebu City', 'Cebu City'),
('000085', 'filipino', 'Married', '1987-07-13', 18, 'Male', 'Talisay, Cebu', 'Home_Street_85 Home_Brgy_85, Cebu City', 'Home_Province_85', 'Occupation_85', 'Name_Father_85', 'Name_Mother_85', 'Name_Relative_85', 'Relation_85', 'Current_Street_85 Current_Brgy_85, Cebu City', 'Cebu City'),
('000086', 'filipino', 'Married', '1987-07-13', 18, 'Male', 'Talisay, Cebu', 'Home_Street_86 Home_Brgy_86, Cebu City', 'Home_Province_86', 'Occupation_86', 'Name_Father_86', 'Name_Mother_86', 'Name_Relative_86', 'Relation_86', 'Current_Street_86 Current_Brgy_86, Cebu City', 'Cebu City'),
('000087', 'filipino', 'Married', '1987-07-13', 18, 'Male', 'Talisay, Cebu', 'Home_Street_87 Home_Brgy_87, Cebu City', 'Home_Province_87', 'Occupation_87', 'Name_Father_87', 'Name_Mother_87', 'Name_Relative_87', 'Relation_87', 'Current_Street_87 Current_Brgy_87, Cebu City', 'Cebu City'),
('000088', 'filipino', 'Married', '1987-07-13', 18, 'Male', 'Talisay, Cebu', 'Home_Street_88 Home_Brgy_88, Cebu City', 'Home_Province_88', 'Occupation_88', 'Name_Father_88', 'Name_Mother_88', 'Name_Relative_88', 'Relation_88', 'Current_Street_88 Current_Brgy_88, Cebu City', 'Cebu City'),
('000089', 'filipino', 'Married', '1987-07-13', 18, 'Male', 'Talisay, Cebu', 'Home_Street_89 Home_Brgy_89, Cebu City', 'Home_Province_89', 'Occupation_89', 'Name_Father_89', 'Name_Mother_89', 'Name_Relative_89', 'Relation_89', 'Current_Street_89 Current_Brgy_89, Cebu City', 'Cebu City'),
('00009', 'filipino', 'Married', '1987-07-13', 18, 'Male', 'Talisay, Cebu', 'Home_Street_9 Home_Brgy_9, Cebu City', 'Home_Province_9', 'Occupation_9', 'Name_Father_9', 'Name_Mother_9', 'Name_Relative_9', 'Relation_9', 'Current_Street_9 Current_Brgy_9, Cebu City', 'Cebu City'),
('000090', 'filipino', 'Married', '1987-07-13', 18, 'Male', 'Talisay, Cebu', 'Home_Street_90 Home_Brgy_90, Cebu City', 'Home_Province_90', 'Occupation_90', 'Name_Father_90', 'Name_Mother_90', 'Name_Relative_90', 'Relation_90', 'Current_Street_90 Current_Brgy_90, Cebu City', 'Cebu City'),
('000091', 'filipino', 'Married', '1987-07-13', 18, 'Male', 'Talisay, Cebu', 'Home_Street_91 Home_Brgy_91, Cebu City', 'Home_Province_91', 'Occupation_91', 'Name_Father_91', 'Name_Mother_91', 'Name_Relative_91', 'Relation_91', 'Current_Street_91 Current_Brgy_91, Cebu City', 'Cebu City'),
('000092', 'filipino', 'Married', '1987-07-13', 18, 'Male', 'Talisay, Cebu', 'Home_Street_92 Home_Brgy_92, Cebu City', 'Home_Province_92', 'Occupation_92', 'Name_Father_92', 'Name_Mother_92', 'Name_Relative_92', 'Relation_92', 'Current_Street_92 Current_Brgy_92, Cebu City', 'Cebu City'),
('000093', 'filipino', 'Married', '1987-07-13', 18, 'Male', 'Talisay, Cebu', 'Home_Street_93 Home_Brgy_93, Cebu City', 'Home_Province_93', 'Occupation_93', 'Name_Father_93', 'Name_Mother_93', 'Name_Relative_93', 'Relation_93', 'Current_Street_93 Current_Brgy_93, Cebu City', 'Cebu City'),
('000094', 'filipino', 'Married', '1987-07-13', 18, 'Male', 'Talisay, Cebu', 'Home_Street_94 Home_Brgy_94, Cebu City', 'Home_Province_94', 'Occupation_94', 'Name_Father_94', 'Name_Mother_94', 'Name_Relative_94', 'Relation_94', 'Current_Street_94 Current_Brgy_94, Cebu City', 'Cebu City'),
('000095', 'filipino', 'Married', '1987-07-13', 18, 'Male', 'Talisay, Cebu', 'Home_Street_95 Home_Brgy_95, Cebu City', 'Home_Province_95', 'Occupation_95', 'Name_Father_95', 'Name_Mother_95', 'Name_Relative_95', 'Relation_95', 'Current_Street_95 Current_Brgy_95, Cebu City', 'Cebu City'),
('000096', 'filipino', 'Married', '1987-07-13', 18, 'Male', 'Talisay, Cebu', 'Home_Street_96 Home_Brgy_96, Cebu City', 'Home_Province_96', 'Occupation_96', 'Name_Father_96', 'Name_Mother_96', 'Name_Relative_96', 'Relation_96', 'Current_Street_96 Current_Brgy_96, Cebu City', 'Cebu City'),
('000097', 'filipino', 'Married', '1987-07-13', 18, 'Male', 'Talisay, Cebu', 'Home_Street_97 Home_Brgy_97, Cebu City', 'Home_Province_97', 'Occupation_97', 'Name_Father_97', 'Name_Mother_97', 'Name_Relative_97', 'Relation_97', 'Current_Street_97 Current_Brgy_97, Cebu City', 'Cebu City'),
('000098', 'filipino', 'Married', '1987-07-13', 18, 'Male', 'Talisay, Cebu', 'Home_Street_98 Home_Brgy_98, Cebu City', 'Home_Province_98', 'Occupation_98', 'Name_Father_98', 'Name_Mother_98', 'Name_Relative_98', 'Relation_98', 'Current_Street_98 Current_Brgy_98, Cebu City', 'Cebu City'),
('000099', 'filipino', 'Married', '1987-07-13', 18, 'Male', 'Talisay, Cebu', 'Home_Street_99 Home_Brgy_99, Cebu City', 'Home_Province_99', 'Occupation_99', 'Name_Father_99', 'Name_Mother_99', 'Name_Relative_99', 'Relation_99', 'Current_Street_99 Current_Brgy_99, Cebu City', 'Cebu City'),
('1136136', 'afghan', 'Single', '2017-07-26', 18, 'Male', '2nd', '2nd 2nd, Compostela', '2nd', '2nd', '2nd', '2nd', '2nd', '2nd', '2nd 2nd, Cordova', 'Compostela'),
('123', 'afghan', 'Single', '2017-07-06', 18, 'Male', '1st', '1st 1st, Compostela', '1st', '1st', '1st', '1st', '1st', '1st', '1st 1st, Bantayan', 'Compostela'),
('1516593', 'filipino', 'Married', '1987-07-13', 18, 'Male', 'Talisay, Cebu', 'F. Llamas Tisa, Cebu City', 'None', 'Engineer', 'Brian Godinez', 'Jenny Roa', 'Joseph Sanchez', 'Cousin', 'F. Llamas Tisa, Cebu City', 'Cebu City'),
('152', 'afghan', 'Single', '2010-02-02', 18, 'Male', '4th', '4th 4th, Santander', '4th', '4th', '4th', '4th', '4th', '4th', '4th 4th, Sogod', 'Santander'),
('163136163', 'indian', 'Single', '2017-07-25', 18, 'Male', '5th', '5th 5th, Alcantara', '5th', '5th', '5th', '5th', '5th', '5th', '5th 5th, Consolacion', 'Alcantara'),
('1676593', 'filipino', 'Married', '1987-07-13', 18, 'Male', 'Talisay, Cebu', 'F. Llamas Tisa, Cebu City', 'None', 'Engineer', 'Brian Rodriguez', 'Jenny Ocampo', 'Joseph Silva', 'Cousin', 'F. Llamas Tisa, Cebu City', 'Cebu City'),
('17456593', 'filipino', 'Married', '1987-07-13', 18, 'Male', 'Talisay, Cebu', 'F. Llamas Tisa, Cebu City', 'None', 'Engineer', 'Brian Godinez', 'Jenny Roa', 'Joseph Sanchez', 'Cousin', 'F. Llamas Tisa, Cebu City', 'Cebu City'),
('1746593', 'filipino', 'Married', '1987-07-13', 18, 'Male', 'Talisay, Cebu', 'F. Llamas Tisa, Cebu City', 'None', 'Engineer', 'Brian Godinez', 'Jenny Roa', 'Joseph Sanchez', 'Cousin', 'F. Llamas Tisa, Cebu City', 'Cebu City'),
('512125', 'afghan', 'Single', '2017-08-02', 18, 'Male', '3rd', '3rd 3rd, Alcantara', '3rd', '3rd', '3rd', '3rd', '3rd', '3rd', '3rd 3rd, Alcantara', 'Alcantara'),
('6', 'afghan', 'Single', '1995-12-12', 18, 'Male', '6th', 'asdf 12, Alcantara', 'asdf', 'asdf', 'asdf', 'asd', 'asdf', 'asdf', 'af asf, Alcantara', 'Alcantara'),
('7', 'afghan', 'Single', '1995-12-19', 18, 'Male', 'asf', 'asdf asdf, Alcantara', 'sfd', 'asdf', 'asf', 'asf', 'asdf', 'asf', 'asdf asdf, Alcantara', 'Alcantara'),
('953485', 'australian', 'Single', '1995-08-16', 21, 'Female', 'Australia', 'None None, Cebu City', 'None', 'Real Estate Agent', 'Bobby Morales', 'Juanita Yu', 'Joseph Yu', 'Cousin', 'None None, Cebu City', 'Cebu City');

-- --------------------------------------------------------

--
-- Table structure for table `inmate_released`
--

CREATE TABLE `inmate_released` (
  `inmate_id` bigint(20) NOT NULL,
  `date_released` date NOT NULL,
  `type_released` enum('SERVED','PROBATION','SHIPPED','BONDED','ACQUITTED','DISMISSED','DEAD','OTHERS') NOT NULL,
  `released_info` varchar(255) NOT NULL,
  `user_id` bigint(20) UNSIGNED ZEROFILL NOT NULL
) ENGINE=InnoDB DEFAULT CHARSET=latin1;

--
-- Dumping data for table `inmate_released`
--

INSERT INTO `inmate_released` (`inmate_id`, `date_released`, `type_released`, `released_info`, `user_id`) VALUES
(152, '2017-07-26', 'SHIPPED', 'asdasdasdasdasd', 00000000000000000001);

-- --------------------------------------------------------

--
-- Table structure for table `inmate_transfer`
--

CREATE TABLE `inmate_transfer` (
  `inmate_id` bigint(20) UNSIGNED ZEROFILL NOT NULL,
  `date_of_transfer` date NOT NULL,
  `transfer_to` varchar(255) NOT NULL,
  `information` varchar(255) NOT NULL,
  `warden_id` bigint(20) UNSIGNED ZEROFILL NOT NULL
) ENGINE=InnoDB DEFAULT CHARSET=latin1;

-- --------------------------------------------------------

--
-- Table structure for table `logs`
--

CREATE TABLE `logs` (
  `id` bigint(20) NOT NULL,
  `action` varchar(255) NOT NULL,
  `actor` int(11) UNSIGNED ZEROFILL NOT NULL,
  `time` timestamp NOT NULL DEFAULT CURRENT_TIMESTAMP,
  `agent` varchar(255) NOT NULL
) ENGINE=InnoDB DEFAULT CHARSET=latin1;

-- --------------------------------------------------------

--
-- Table structure for table `municipality`
--

CREATE TABLE `municipality` (
  `mun_id` int(11) NOT NULL,
  `mun_name` varchar(50) NOT NULL,
  `province` varchar(50) NOT NULL,
  `status` varchar(10) NOT NULL
) ENGINE=InnoDB DEFAULT CHARSET=latin1;

--
-- Dumping data for table `municipality`
--

INSERT INTO `municipality` (`mun_id`, `mun_name`, `province`, `status`) VALUES
(1, 'Cebu City', 'Cebu', 'active'),
(2, 'Danao City', 'Cebu', 'active');

-- --------------------------------------------------------

--
-- Table structure for table `temp`
--

CREATE TABLE `temp` (
  `tempId` int(11) NOT NULL,
  `inmate_id` varchar(255) NOT NULL,
  `step` enum('2','3','4','5') NOT NULL
) ENGINE=InnoDB DEFAULT CHARSET=latin1;

--
-- Dumping data for table `temp`
--

INSERT INTO `temp` (`tempId`, `inmate_id`, `step`) VALUES
(1, '1746593', '3');

-- --------------------------------------------------------

--
-- Table structure for table `user_account`
--

CREATE TABLE `user_account` (
  `user_id` int(11) UNSIGNED ZEROFILL NOT NULL,
  `username` varchar(255) NOT NULL,
  `password` varchar(255) NOT NULL,
  `email` varchar(254) NOT NULL,
  `user_fname` varchar(255) NOT NULL,
  `user_lname` varchar(255) NOT NULL,
  `user_mi` varchar(255) NOT NULL,
  `gender` enum('Male','Female','','') NOT NULL,
  `birthdate` date NOT NULL,
  `user_address` varchar(255) NOT NULL,
  `user_contact` varchar(255) NOT NULL,
  `type` enum('Warden','Warden Administrator','General Administrator','Standard Administrator') NOT NULL,
  `status` enum('Active','Deactive') NOT NULL DEFAULT 'Active',
  `user_filename` varchar(255) NOT NULL DEFAULT '192x192.jpg',
  `img_set` enum('0','1') NOT NULL DEFAULT '0',
  `added_by` int(11) UNSIGNED ZEROFILL NOT NULL,
  `position` varchar(255) NOT NULL,
  `last_activity` int(10) UNSIGNED NOT NULL,
  `created_on` int(10) UNSIGNED NOT NULL,
  `modified_on` int(10) UNSIGNED NOT NULL
) ENGINE=InnoDB DEFAULT CHARSET=latin1;

--
-- Dumping data for table `user_account`
--

INSERT INTO `user_account` (`user_id`, `username`, `password`, `email`, `user_fname`, `user_lname`, `user_mi`, `gender`, `birthdate`, `user_address`, `user_contact`, `type`, `status`, `user_filename`, `img_set`, `added_by`, `position`, `last_activity`, `created_on`, `modified_on`) VALUES
(00000000001, 'admin', '08f9ef3c42adfe2fbb0e979604c7eb30aa12705fac8b1a9ead899e67b46fd7348c0041721d2be1d64902b66535380e6ff68ee4ed1e9baebf7a7d3dc4285e5391', '', 'CPDRC', 'Administrator', '', 'Male', '0000-00-00', '0', '09434528795', 'Warden Administrator', 'Active', '192x192.jpg', '1', 00000000000, '', 0, 0, 0);

-- --------------------------------------------------------

--
-- Stand-in structure for view `view_court`
--
CREATE TABLE `view_court` (
`court_id` int(12)
,`court_name` varchar(102)
);

-- --------------------------------------------------------

--
-- Structure for view `cs_cases_full`
--
DROP TABLE IF EXISTS `cs_cases_full`;

CREATE ALGORITHM=UNDEFINED DEFINER=`root`@`localhost` SQL SECURITY DEFINER VIEW `cs_cases_full`  AS  select `c`.`id` AS `case_id`,`c`.`reasons_id` AS `reasons_id`,`c`.`case_no` AS `case_no`,`c`.`created_on` AS `case_created_on`,`c`.`modified_on` AS `case_modified_on`,`c`.`status` AS `case_status`,`c`.`reasons` AS `case_reasons`,`v`.`id` AS `violation_id`,`v`.`id` AS `id`,`v`.`violations_category_id` AS `violations_category_id`,`v`.`name` AS `name`,`v`.`level` AS `level`,`v`.`description` AS `description`,`v`.`RepublicAct` AS `RepublicAct`,`v`.`min_year` AS `min_year`,`v`.`max_year` AS `max_year`,`v`.`min_month` AS `min_month`,`v`.`max_month` AS `max_month`,`v`.`min_day` AS `min_day`,`v`.`max_day` AS `max_day`,`v`.`status` AS `status`,`v`.`created_on` AS `created_on`,`v`.`modified_on` AS `modified_on`,`vc`.`id` AS `violation_category_id`,`vc`.`name` AS `violation_category_name`,`vc`.`description` AS `violation_category_description` from ((`cs_cases` `c` left join `cs_violations` `v` on((`v`.`id` = `c`.`violation_id`))) left join `cs_violations_categories` `vc` on((`vc`.`id` = `v`.`violations_category_id`))) ;

-- --------------------------------------------------------

--
-- Structure for view `inmates_full`
--
DROP TABLE IF EXISTS `inmates_full`;

CREATE ALGORITHM=UNDEFINED DEFINER=`root`@`localhost` SQL SECURITY DEFINER VIEW `inmates_full`  AS  (select `i`.`inmate_id` AS `inmate_id`,`i`.`cell_no` AS `cell_no`,`i`.`inmate_fname` AS `inmate_fname`,`i`.`inmate_lname` AS `inmate_lname`,`i`.`inmate_mi` AS `inmate_mi`,`i`.`inmate_alias` AS `inmate_alias`,`i`.`status` AS `status`,`i`.`inmate_type` AS `inmate_type`,`i`.`date_detained` AS `date_detained`,`i`.`date_convicted` AS `date_convicted`,`i`.`date_probation` AS `date_probation`,`i`.`datetime_added` AS `datetime_added`,`i`.`added_by` AS `added_by`,`i`.`is_read` AS `i_is_read`,`ii`.`nationality` AS `nationality`,`ii`.`status` AS `inmate_info_status`,`ii`.`birthdate` AS `birthdate`,`ii`.`age` AS `age`,`ii`.`gender` AS `gender`,`ii`.`born_in` AS `born_in`,`ii`.`home_add` AS `home_add`,`ii`.`province_add` AS `province_add`,`ii`.`occupation` AS `occupation`,`ii`.`father` AS `father`,`ii`.`mother` AS `mother`,`ii`.`relative` AS `relative`,`ii`.`address` AS `address`,`f`.`filename` AS `filename`,`f`.`added_by` AS `file_added_by`,`f`.`img_set` AS `img_set`,`ifp`.`file_no` AS `file_no`,`ifp`.`taken_by` AS `taken_by`,`ifp`.`date` AS `date`,`ifp`.`classified_by` AS `classified_by`,`ifp`.`verified_by` AS `verified_by`,`ifp`.`r_thumb` AS `r_thumb`,`ifp`.`r_index` AS `r_index`,`ifp`.`r_middle` AS `r_middle`,`ifp`.`r_ring` AS `r_ring`,`ifp`.`r_little` AS `r_little`,`ifp`.`l_thumb` AS `l_thumb`,`ifp`.`l_index` AS `l_index`,`ifp`.`l_middle` AS `l_middle`,`ifp`.`l_ring` AS `l_ring`,`ifp`.`l_little` AS `l_little`,`ifp`.`l_amp` AS `l_amp`,`ifp`.`r_amp` AS `r_amp`,`ifp`.`left_thumb` AS `left_thumb`,`ifp`.`right_thumb` AS `right_thumb`,`ifp`.`left_hand` AS `left_hand`,`ifp`.`right_hand` AS `right_hand` from (((`inmate` `i` left join `inmate_info` `ii` on((`ii`.`inmate_id` = `i`.`inmate_id`))) left join `file` `f` on((`f`.`inmate_id` = `i`.`inmate_id`))) left join `inmate_fp` `ifp` on((`ifp`.`inmate_id` = `i`.`inmate_id`)))) ;

-- --------------------------------------------------------

--
-- Structure for view `view_court`
--
DROP TABLE IF EXISTS `view_court`;

CREATE ALGORITHM=UNDEFINED DEFINER=`root`@`localhost` SQL SECURITY DEFINER VIEW `view_court`  AS  select `a`.`court_id` AS `court_id`,concat(`a`.`court_name`,', ',`b`.`mun_name`) AS `court_name` from (`court` `a` join `municipality` `b` on((`a`.`court_mun` = `b`.`mun_id`))) ;

--
-- Indexes for dumped tables
--

--
-- Indexes for table `cell`
--
ALTER TABLE `cell`
  ADD PRIMARY KEY (`cellId`);

--
-- Indexes for table `court`
--
ALTER TABLE `court`
  ADD PRIMARY KEY (`court_id`),
  ADD KEY `fkey_court_mun` (`court_mun`);

--
-- Indexes for table `cs_administrators`
--
ALTER TABLE `cs_administrators`
  ADD PRIMARY KEY (`id`);

--
-- Indexes for table `cs_appearance_schedules`
--
ALTER TABLE `cs_appearance_schedules`
  ADD PRIMARY KEY (`id`),
  ADD KEY `reason_id` (`reason_id`),
  ADD KEY `fkey_cas_court` (`place`);

--
-- Indexes for table `cs_appearance_schedule_personnels`
--
ALTER TABLE `cs_appearance_schedule_personnels`
  ADD PRIMARY KEY (`id`),
  ADD KEY `appearance_schedule_id` (`appearance_schedule_id`);

--
-- Indexes for table `cs_cases`
--
ALTER TABLE `cs_cases`
  ADD PRIMARY KEY (`id`),
  ADD KEY `reasons_id` (`reasons_id`),
  ADD KEY `violation_id` (`violation_id`);

--
-- Indexes for table `cs_logs`
--
ALTER TABLE `cs_logs`
  ADD PRIMARY KEY (`id`),
  ADD KEY `update_by` (`update_by`);

--
-- Indexes for table `cs_reasons`
--
ALTER TABLE `cs_reasons`
  ADD PRIMARY KEY (`id`),
  ADD KEY `fkey_reasons_inmate` (`inmate_id`);

--
-- Indexes for table `cs_sessions`
--
ALTER TABLE `cs_sessions`
  ADD PRIMARY KEY (`session_id`),
  ADD KEY `last_activity_idx` (`last_activity`);

--
-- Indexes for table `cs_users`
--
ALTER TABLE `cs_users`
  ADD PRIMARY KEY (`id`);

--
-- Indexes for table `cs_violations`
--
ALTER TABLE `cs_violations`
  ADD PRIMARY KEY (`id`),
  ADD KEY `violations_category_id` (`violations_category_id`);

--
-- Indexes for table `cs_violations_categories`
--
ALTER TABLE `cs_violations_categories`
  ADD PRIMARY KEY (`id`);

--
-- Indexes for table `file`
--
ALTER TABLE `file`
  ADD UNIQUE KEY `inmate_id_2` (`inmate_id`),
  ADD KEY `inmate_id` (`inmate_id`),
  ADD KEY `added_by` (`added_by`);

--
-- Indexes for table `inmate`
--
ALTER TABLE `inmate`
  ADD PRIMARY KEY (`inmate_id`),
  ADD KEY `added_by` (`added_by`);

--
-- Indexes for table `inmate_2d`
--
ALTER TABLE `inmate_2d`
  ADD PRIMARY KEY (`id`),
  ADD KEY `inmate_id` (`inmate_id`);

--
-- Indexes for table `inmate_auth_visitor`
--
ALTER TABLE `inmate_auth_visitor`
  ADD PRIMARY KEY (`id`),
  ADD KEY `inmate_id` (`inmate_id`),
  ADD KEY `added_by` (`added_by`);

--
-- Indexes for table `inmate_build`
--
ALTER TABLE `inmate_build`
  ADD UNIQUE KEY `inmate_id_2` (`inmate_id`),
  ADD KEY `inmate_id` (`inmate_id`);

--
-- Indexes for table `inmate_case_info`
--
ALTER TABLE `inmate_case_info`
  ADD PRIMARY KEY (`cid`),
  ADD KEY `inmate_id` (`inmate_id`),
  ADD KEY `inmate_id_2` (`inmate_id`);

--
-- Indexes for table `inmate_conduct_rec`
--
ALTER TABLE `inmate_conduct_rec`
  ADD PRIMARY KEY (`id`),
  ADD KEY `inmate_id` (`inmate_id`),
  ADD KEY `warden_id` (`warden_id`);

--
-- Indexes for table `inmate_fp`
--
ALTER TABLE `inmate_fp`
  ADD KEY `inmate_id` (`inmate_id`);

--
-- Indexes for table `inmate_info`
--
ALTER TABLE `inmate_info`
  ADD UNIQUE KEY `inmate_id_2` (`inmate_id`),
  ADD KEY `inmate_id` (`inmate_id`);

--
-- Indexes for table `logs`
--
ALTER TABLE `logs`
  ADD PRIMARY KEY (`id`),
  ADD KEY `actor` (`actor`);

--
-- Indexes for table `municipality`
--
ALTER TABLE `municipality`
  ADD PRIMARY KEY (`mun_id`),
  ADD UNIQUE KEY `mun_name` (`mun_name`);

--
-- Indexes for table `temp`
--
ALTER TABLE `temp`
  ADD PRIMARY KEY (`tempId`);

--
-- Indexes for table `user_account`
--
ALTER TABLE `user_account`
  ADD PRIMARY KEY (`user_id`),
  ADD KEY `added_by` (`added_by`);

--
-- AUTO_INCREMENT for dumped tables
--

--
-- AUTO_INCREMENT for table `cell`
--
ALTER TABLE `cell`
  MODIFY `cellId` int(11) NOT NULL AUTO_INCREMENT, AUTO_INCREMENT=3;
--
-- AUTO_INCREMENT for table `court`
--
ALTER TABLE `court`
  MODIFY `court_id` int(12) NOT NULL AUTO_INCREMENT, AUTO_INCREMENT=3;
--
-- AUTO_INCREMENT for table `cs_administrators`
--
ALTER TABLE `cs_administrators`
  MODIFY `id` int(11) UNSIGNED ZEROFILL NOT NULL AUTO_INCREMENT;
--
-- AUTO_INCREMENT for table `cs_appearance_schedules`
--
ALTER TABLE `cs_appearance_schedules`
  MODIFY `id` int(11) UNSIGNED ZEROFILL NOT NULL AUTO_INCREMENT, AUTO_INCREMENT=137;
--
-- AUTO_INCREMENT for table `cs_appearance_schedule_personnels`
--
ALTER TABLE `cs_appearance_schedule_personnels`
  MODIFY `id` int(11) UNSIGNED ZEROFILL NOT NULL AUTO_INCREMENT, AUTO_INCREMENT=6;
--
-- AUTO_INCREMENT for table `cs_cases`
--
ALTER TABLE `cs_cases`
  MODIFY `id` int(11) UNSIGNED ZEROFILL NOT NULL AUTO_INCREMENT, AUTO_INCREMENT=138;
--
-- AUTO_INCREMENT for table `cs_logs`
--
ALTER TABLE `cs_logs`
  MODIFY `id` int(11) UNSIGNED ZEROFILL NOT NULL AUTO_INCREMENT, AUTO_INCREMENT=26;
--
-- AUTO_INCREMENT for table `cs_reasons`
--
ALTER TABLE `cs_reasons`
  MODIFY `id` int(11) UNSIGNED ZEROFILL NOT NULL AUTO_INCREMENT, AUTO_INCREMENT=137;
--
-- AUTO_INCREMENT for table `cs_users`
--
ALTER TABLE `cs_users`
  MODIFY `id` int(11) UNSIGNED ZEROFILL NOT NULL AUTO_INCREMENT;
--
-- AUTO_INCREMENT for table `cs_violations`
--
ALTER TABLE `cs_violations`
  MODIFY `id` int(11) UNSIGNED ZEROFILL NOT NULL AUTO_INCREMENT, AUTO_INCREMENT=3;
--
-- AUTO_INCREMENT for table `cs_violations_categories`
--
ALTER TABLE `cs_violations_categories`
  MODIFY `id` int(11) UNSIGNED ZEROFILL NOT NULL AUTO_INCREMENT, AUTO_INCREMENT=2;
--
-- AUTO_INCREMENT for table `inmate_2d`
--
ALTER TABLE `inmate_2d`
  MODIFY `id` int(11) NOT NULL AUTO_INCREMENT, AUTO_INCREMENT=7;
--
-- AUTO_INCREMENT for table `inmate_auth_visitor`
--
ALTER TABLE `inmate_auth_visitor`
  MODIFY `id` bigint(20) NOT NULL AUTO_INCREMENT;
--
-- AUTO_INCREMENT for table `inmate_case_info`
--
ALTER TABLE `inmate_case_info`
  MODIFY `cid` int(11) NOT NULL AUTO_INCREMENT, AUTO_INCREMENT=137;
--
-- AUTO_INCREMENT for table `inmate_conduct_rec`
--
ALTER TABLE `inmate_conduct_rec`
  MODIFY `id` int(11) NOT NULL AUTO_INCREMENT;
--
-- AUTO_INCREMENT for table `logs`
--
ALTER TABLE `logs`
  MODIFY `id` bigint(20) NOT NULL AUTO_INCREMENT;
--
-- AUTO_INCREMENT for table `municipality`
--
ALTER TABLE `municipality`
  MODIFY `mun_id` int(11) NOT NULL AUTO_INCREMENT, AUTO_INCREMENT=3;
--
-- AUTO_INCREMENT for table `temp`
--
ALTER TABLE `temp`
  MODIFY `tempId` int(11) NOT NULL AUTO_INCREMENT, AUTO_INCREMENT=2;
--
-- AUTO_INCREMENT for table `user_account`
--
ALTER TABLE `user_account`
  MODIFY `user_id` int(11) UNSIGNED ZEROFILL NOT NULL AUTO_INCREMENT, AUTO_INCREMENT=2;
--
-- Constraints for dumped tables
--

--
-- Constraints for table `court`
--
ALTER TABLE `court`
  ADD CONSTRAINT `fkey_court_mun` FOREIGN KEY (`court_mun`) REFERENCES `municipality` (`mun_id`) ON UPDATE CASCADE;

--
-- Constraints for table `cs_appearance_schedules`
--
ALTER TABLE `cs_appearance_schedules`
  ADD CONSTRAINT `cs_appearance_schedules_ibfk_1` FOREIGN KEY (`reason_id`) REFERENCES `cs_reasons` (`id`) ON DELETE CASCADE;

--
-- Constraints for table `cs_appearance_schedule_personnels`
--
ALTER TABLE `cs_appearance_schedule_personnels`
  ADD CONSTRAINT `cs_appearance_schedule_personnels_ibfk_1` FOREIGN KEY (`appearance_schedule_id`) REFERENCES `cs_appearance_schedules` (`id`) ON DELETE CASCADE;

--
-- Constraints for table `cs_cases`
--
ALTER TABLE `cs_cases`
  ADD CONSTRAINT `cs_cases_ibfk_1` FOREIGN KEY (`reasons_id`) REFERENCES `cs_reasons` (`id`) ON DELETE CASCADE,
  ADD CONSTRAINT `cs_cases_ibfk_2` FOREIGN KEY (`violation_id`) REFERENCES `cs_violations` (`id`) ON DELETE CASCADE;

--
-- Constraints for table `cs_reasons`
--
ALTER TABLE `cs_reasons`
  ADD CONSTRAINT `fkey_reasons_inmate` FOREIGN KEY (`inmate_id`) REFERENCES `inmate` (`inmate_id`) ON UPDATE CASCADE;

--
-- Constraints for table `cs_violations`
--
ALTER TABLE `cs_violations`
  ADD CONSTRAINT `cs_violations_ibfk_1` FOREIGN KEY (`violations_category_id`) REFERENCES `cs_violations_categories` (`id`) ON DELETE CASCADE;

--
-- Constraints for table `file`
--
ALTER TABLE `file`
  ADD CONSTRAINT `fk_ff` FOREIGN KEY (`inmate_id`) REFERENCES `inmate` (`inmate_id`) ON DELETE CASCADE ON UPDATE CASCADE,
  ADD CONSTRAINT `fk_us` FOREIGN KEY (`added_by`) REFERENCES `user_account` (`user_id`) ON DELETE CASCADE ON UPDATE CASCADE;

--
-- Constraints for table `inmate`
--
ALTER TABLE `inmate`
  ADD CONSTRAINT `fk_ad` FOREIGN KEY (`added_by`) REFERENCES `user_account` (`user_id`) ON DELETE NO ACTION ON UPDATE NO ACTION;

--
-- Constraints for table `inmate_2d`
--
ALTER TABLE `inmate_2d`
  ADD CONSTRAINT `fk_td` FOREIGN KEY (`inmate_id`) REFERENCES `inmate` (`inmate_id`) ON DELETE CASCADE ON UPDATE CASCADE;

--
-- Constraints for table `inmate_auth_visitor`
--
ALTER TABLE `inmate_auth_visitor`
  ADD CONSTRAINT `fk_aa` FOREIGN KEY (`added_by`) REFERENCES `user_account` (`user_id`) ON DELETE NO ACTION ON UPDATE NO ACTION,
  ADD CONSTRAINT `fk_vs` FOREIGN KEY (`inmate_id`) REFERENCES `inmate` (`inmate_id`) ON DELETE CASCADE ON UPDATE CASCADE;

--
-- Constraints for table `inmate_build`
--
ALTER TABLE `inmate_build`
  ADD CONSTRAINT `fk_bb` FOREIGN KEY (`inmate_id`) REFERENCES `inmate` (`inmate_id`) ON DELETE CASCADE ON UPDATE CASCADE;

--
-- Constraints for table `inmate_case_info`
--
ALTER TABLE `inmate_case_info`
  ADD CONSTRAINT `fk_ca` FOREIGN KEY (`inmate_id`) REFERENCES `inmate` (`inmate_id`) ON DELETE CASCADE ON UPDATE CASCADE;

--
-- Constraints for table `inmate_conduct_rec`
--
ALTER TABLE `inmate_conduct_rec`
  ADD CONSTRAINT `fk_cn` FOREIGN KEY (`inmate_id`) REFERENCES `inmate` (`inmate_id`) ON DELETE CASCADE ON UPDATE CASCADE,
  ADD CONSTRAINT `fk_uu` FOREIGN KEY (`warden_id`) REFERENCES `user_account` (`user_id`) ON DELETE NO ACTION ON UPDATE CASCADE;

--
-- Constraints for table `inmate_fp`
--
ALTER TABLE `inmate_fp`
  ADD CONSTRAINT `fk_fp` FOREIGN KEY (`inmate_id`) REFERENCES `inmate` (`inmate_id`) ON DELETE CASCADE ON UPDATE CASCADE;

--
-- Constraints for table `inmate_info`
--
ALTER TABLE `inmate_info`
  ADD CONSTRAINT `fk_id` FOREIGN KEY (`inmate_id`) REFERENCES `inmate` (`inmate_id`) ON DELETE CASCADE ON UPDATE CASCADE;

--
-- Constraints for table `logs`
--
ALTER TABLE `logs`
  ADD CONSTRAINT `fk_lg` FOREIGN KEY (`actor`) REFERENCES `user_account` (`user_id`) ON DELETE CASCADE ON UPDATE CASCADE;

/*!40101 SET CHARACTER_SET_CLIENT=@OLD_CHARACTER_SET_CLIENT */;
/*!40101 SET CHARACTER_SET_RESULTS=@OLD_CHARACTER_SET_RESULTS */;
/*!40101 SET COLLATION_CONNECTION=@OLD_COLLATION_CONNECTION */;
