-- phpMyAdmin SQL Dump
-- version 4.5.1
-- http://www.phpmyadmin.net
--
-- Host: 127.0.0.1
-- Generation Time: Feb 10, 2018 at 11:27 AM
-- Server version: 10.1.13-MariaDB
-- PHP Version: 7.0.8

SET SQL_MODE = "NO_AUTO_VALUE_ON_ZERO";
SET time_zone = "+00:00";


/*!40101 SET @OLD_CHARACTER_SET_CLIENT=@@CHARACTER_SET_CLIENT */;
/*!40101 SET @OLD_CHARACTER_SET_RESULTS=@@CHARACTER_SET_RESULTS */;
/*!40101 SET @OLD_COLLATION_CONNECTION=@@COLLATION_CONNECTION */;
/*!40101 SET NAMES utf8mb4 */;

--
-- Database: `cpdrc-ic`
--

-- --------------------------------------------------------

--
-- Table structure for table `cell`
--

CREATE TABLE `cell` (
  `cellId` int(11) NOT NULL,
  `cellNumber` int(11) NOT NULL,
  `capacity` int(11) NOT NULL,
  `status` enum('active','deleted','','') NOT NULL
) ENGINE=InnoDB DEFAULT CHARSET=latin1;

--
-- Dumping data for table `cell`
--

INSERT INTO `cell` (`cellId`, `cellNumber`, `capacity`, `status`) VALUES
(1, 2147483647, 15556959, 'deleted'),
(2, 546, 51516, 'active');

-- --------------------------------------------------------

--
-- Table structure for table `court`
--

CREATE TABLE `court` (
  `court_id` int(12) NOT NULL,
  `court_name` varchar(50) NOT NULL,
  `court_mun` int(12) DEFAULT NULL,
  `status` varchar(10) NOT NULL
) ENGINE=InnoDB DEFAULT CHARSET=latin1;

--
-- Dumping data for table `court`
--

INSERT INTO `court` (`court_id`, `court_name`, `court_mun`, `status`) VALUES
(1, 'RTC Branch 1', 1, 'active'),
(2, 'RTC Branch 2', 1, 'active');

-- --------------------------------------------------------

--
-- Table structure for table `cs_administrators`
--

CREATE TABLE `cs_administrators` (
  `id` int(11) UNSIGNED ZEROFILL NOT NULL,
  `type` enum('general','standard') NOT NULL DEFAULT 'standard',
  `username` varchar(50) NOT NULL,
  `password` varchar(128) NOT NULL,
  `email` varchar(254) NOT NULL,
  `first_name` varchar(50) NOT NULL,
  `middle_name` varchar(50) NOT NULL,
  `last_name` varchar(50) NOT NULL,
  `gender` varchar(10) NOT NULL,
  `birthday` date NOT NULL,
  `position` varchar(30) NOT NULL,
  `photo` varchar(50) DEFAULT NULL,
  `status` varchar(15) NOT NULL,
  `last_activity` int(11) UNSIGNED DEFAULT NULL,
  `created_on` int(11) UNSIGNED DEFAULT NULL,
  `modified_on` int(11) UNSIGNED DEFAULT NULL
) ENGINE=InnoDB DEFAULT CHARSET=latin1;

-- --------------------------------------------------------

--
-- Table structure for table `cs_appearance_schedules`
--

CREATE TABLE `cs_appearance_schedules` (
  `id` int(11) UNSIGNED ZEROFILL NOT NULL,
  `reason_id` int(11) UNSIGNED ZEROFILL NOT NULL,
  `date` datetime NOT NULL,
  `place` varchar(50) NOT NULL,
  `assistedCourt` varchar(255) NOT NULL,
  `assistingCourt` varchar(255) NOT NULL,
  `vehicle_no` varchar(20) NOT NULL,
  `status` enum('Finished','Postpone','Pending') DEFAULT 'Pending',
  `is_read` int(2) NOT NULL DEFAULT '0',
  `time_departed` datetime NOT NULL,
  `time_returned` datetime NOT NULL,
  `remarks` text
) ENGINE=InnoDB DEFAULT CHARSET=latin1;

--
-- Dumping data for table `cs_appearance_schedules`
--

INSERT INTO `cs_appearance_schedules` (`id`, `reason_id`, `date`, `place`, `assistedCourt`, `assistingCourt`, `vehicle_no`, `status`, `is_read`, `time_departed`, `time_returned`, `remarks`) VALUES
(00000000001, 00000000001, '0000-00-00 00:00:00', 'RTC Branch 1', '', '', '', 'Pending', 0, '0000-00-00 00:00:00', '0000-00-00 00:00:00', NULL),
(00000000002, 00000000001, '0000-00-00 00:00:00', 'RTC Branch 1', '', '', '', 'Pending', 0, '0000-00-00 00:00:00', '0000-00-00 00:00:00', NULL),
(00000000003, 00000000001, '0000-00-00 00:00:00', 'RTC Branch 1', '', '', '', 'Pending', 0, '0000-00-00 00:00:00', '0000-00-00 00:00:00', NULL),
(00000000004, 00000000001, '0000-00-00 00:00:00', 'RTC Branch 1', '', '', '', 'Pending', 0, '0000-00-00 00:00:00', '0000-00-00 00:00:00', NULL),
(00000000005, 00000000001, '0000-00-00 00:00:00', 'RTC Branch 1', '', '', '', 'Pending', 0, '0000-00-00 00:00:00', '0000-00-00 00:00:00', NULL),
(00000000006, 00000000001, '0000-00-00 00:00:00', 'RTC Branch 1', '', '', '', 'Pending', 0, '0000-00-00 00:00:00', '0000-00-00 00:00:00', NULL),
(00000000007, 00000000007, '0000-00-00 00:00:00', 'RTC Branch 1', '', '', '', 'Pending', 0, '0000-00-00 00:00:00', '0000-00-00 00:00:00', NULL),
(00000000008, 00000000008, '0000-00-00 00:00:00', 'RTC Branch 2', '', '', '', 'Pending', 0, '0000-00-00 00:00:00', '0000-00-00 00:00:00', NULL),
(00000000009, 00000000009, '0000-00-00 00:00:00', 'RTC Branch 1', '', '', '', 'Pending', 0, '0000-00-00 00:00:00', '0000-00-00 00:00:00', NULL),
(00000000010, 00000000010, '0000-00-00 00:00:00', 'RTC Branch 2', '', '', '', 'Pending', 0, '0000-00-00 00:00:00', '0000-00-00 00:00:00', NULL),
(00000000011, 00000000011, '0000-00-00 00:00:00', 'RTC Branch 1', '', '', '', 'Pending', 0, '0000-00-00 00:00:00', '0000-00-00 00:00:00', NULL),
(00000000012, 00000000012, '0000-00-00 00:00:00', 'RTC Branch 2', '', '', '', 'Pending', 0, '0000-00-00 00:00:00', '0000-00-00 00:00:00', NULL),
(00000000013, 00000000013, '0000-00-00 00:00:00', 'RTC Branch 1', '', '', '', 'Pending', 0, '0000-00-00 00:00:00', '0000-00-00 00:00:00', NULL),
(00000000014, 00000000014, '0000-00-00 00:00:00', 'RTC Branch 2', '', '', '', 'Pending', 0, '0000-00-00 00:00:00', '0000-00-00 00:00:00', NULL),
(00000000015, 00000000015, '0000-00-00 00:00:00', 'RTC Branch 1', '', '', '', 'Pending', 0, '0000-00-00 00:00:00', '0000-00-00 00:00:00', NULL),
(00000000016, 00000000016, '0000-00-00 00:00:00', 'RTC Branch 2', '', '', '', 'Pending', 0, '0000-00-00 00:00:00', '0000-00-00 00:00:00', NULL),
(00000000017, 00000000017, '0000-00-00 00:00:00', 'RTC Branch 1', '', '', '', 'Pending', 0, '0000-00-00 00:00:00', '0000-00-00 00:00:00', NULL),
(00000000018, 00000000018, '0000-00-00 00:00:00', 'RTC Branch 1', '', '', '', 'Pending', 0, '0000-00-00 00:00:00', '0000-00-00 00:00:00', NULL),
(00000000019, 00000000019, '0000-00-00 00:00:00', 'RTC Branch 2', '', '', '', 'Pending', 0, '0000-00-00 00:00:00', '0000-00-00 00:00:00', NULL),
(00000000020, 00000000020, '0000-00-00 00:00:00', 'RTC Branch 1', '', '', '', 'Pending', 0, '0000-00-00 00:00:00', '0000-00-00 00:00:00', NULL),
(00000000021, 00000000021, '0000-00-00 00:00:00', 'RTC Branch 2', '', '', '', 'Pending', 0, '0000-00-00 00:00:00', '0000-00-00 00:00:00', NULL),
(00000000022, 00000000022, '0000-00-00 00:00:00', 'RTC Branch 1', '', '', '', 'Pending', 0, '0000-00-00 00:00:00', '0000-00-00 00:00:00', NULL),
(00000000023, 00000000023, '0000-00-00 00:00:00', 'RTC Branch 2', '', '', '', 'Pending', 0, '0000-00-00 00:00:00', '0000-00-00 00:00:00', NULL),
(00000000024, 00000000024, '0000-00-00 00:00:00', 'RTC Branch 1', '', '', '', 'Pending', 0, '0000-00-00 00:00:00', '0000-00-00 00:00:00', NULL),
(00000000025, 00000000025, '0000-00-00 00:00:00', 'RTC Branch 2', '', '', '', 'Pending', 0, '0000-00-00 00:00:00', '0000-00-00 00:00:00', NULL),
(00000000026, 00000000026, '0000-00-00 00:00:00', 'RTC Branch 1', '', '', '', 'Pending', 0, '0000-00-00 00:00:00', '0000-00-00 00:00:00', NULL),
(00000000027, 00000000027, '0000-00-00 00:00:00', 'RTC Branch 2', '', '', '', 'Pending', 0, '0000-00-00 00:00:00', '0000-00-00 00:00:00', NULL),
(00000000028, 00000000028, '0000-00-00 00:00:00', 'RTC Branch 1', '', '', '', 'Pending', 0, '0000-00-00 00:00:00', '0000-00-00 00:00:00', NULL),
(00000000029, 00000000029, '0000-00-00 00:00:00', 'RTC Branch 1', '', '', '', 'Pending', 0, '0000-00-00 00:00:00', '0000-00-00 00:00:00', NULL),
(00000000030, 00000000030, '0000-00-00 00:00:00', 'RTC Branch 2', '', '', '', 'Pending', 0, '0000-00-00 00:00:00', '0000-00-00 00:00:00', NULL),
(00000000031, 00000000031, '0000-00-00 00:00:00', 'RTC Branch 1', '', '', '', 'Pending', 0, '0000-00-00 00:00:00', '0000-00-00 00:00:00', NULL),
(00000000032, 00000000032, '0000-00-00 00:00:00', 'RTC Branch 2', '', '', '', 'Pending', 0, '0000-00-00 00:00:00', '0000-00-00 00:00:00', NULL),
(00000000033, 00000000033, '0000-00-00 00:00:00', 'RTC Branch 1', '', '', '', 'Pending', 0, '0000-00-00 00:00:00', '0000-00-00 00:00:00', NULL),
(00000000034, 00000000034, '0000-00-00 00:00:00', 'RTC Branch 2', '', '', '', 'Pending', 0, '0000-00-00 00:00:00', '0000-00-00 00:00:00', NULL),
(00000000035, 00000000035, '0000-00-00 00:00:00', 'RTC Branch 1', '', '', '', 'Pending', 0, '0000-00-00 00:00:00', '0000-00-00 00:00:00', NULL),
(00000000036, 00000000036, '0000-00-00 00:00:00', 'RTC Branch 2', '', '', '', 'Pending', 0, '0000-00-00 00:00:00', '0000-00-00 00:00:00', NULL),
(00000000037, 00000000037, '0000-00-00 00:00:00', 'RTC Branch 1', '', '', '', 'Pending', 0, '0000-00-00 00:00:00', '0000-00-00 00:00:00', NULL),
(00000000038, 00000000038, '0000-00-00 00:00:00', 'RTC Branch 2', '', '', '', 'Pending', 0, '0000-00-00 00:00:00', '0000-00-00 00:00:00', NULL),
(00000000039, 00000000039, '0000-00-00 00:00:00', 'RTC Branch 1', '', '', '', 'Pending', 0, '0000-00-00 00:00:00', '0000-00-00 00:00:00', NULL),
(00000000040, 00000000040, '0000-00-00 00:00:00', 'RTC Branch 2', '', '', '', 'Pending', 0, '0000-00-00 00:00:00', '0000-00-00 00:00:00', NULL),
(00000000041, 00000000041, '0000-00-00 00:00:00', 'RTC Branch 1', '', '', '', 'Pending', 0, '0000-00-00 00:00:00', '0000-00-00 00:00:00', NULL),
(00000000042, 00000000042, '0000-00-00 00:00:00', 'RTC Branch 2', '', '', '', 'Pending', 0, '0000-00-00 00:00:00', '0000-00-00 00:00:00', NULL),
(00000000043, 00000000043, '0000-00-00 00:00:00', 'RTC Branch 1', '', '', '', 'Pending', 0, '0000-00-00 00:00:00', '0000-00-00 00:00:00', NULL),
(00000000044, 00000000044, '0000-00-00 00:00:00', 'RTC Branch 2', '', '', '', 'Pending', 0, '0000-00-00 00:00:00', '0000-00-00 00:00:00', NULL),
(00000000045, 00000000045, '0000-00-00 00:00:00', 'RTC Branch 1', '', '', '', 'Pending', 0, '0000-00-00 00:00:00', '0000-00-00 00:00:00', NULL),
(00000000046, 00000000046, '0000-00-00 00:00:00', 'RTC Branch 2', '', '', '', 'Pending', 0, '0000-00-00 00:00:00', '0000-00-00 00:00:00', NULL),
(00000000047, 00000000047, '0000-00-00 00:00:00', 'RTC Branch 1', '', '', '', 'Pending', 0, '0000-00-00 00:00:00', '0000-00-00 00:00:00', NULL),
(00000000048, 00000000048, '0000-00-00 00:00:00', 'RTC Branch 2', '', '', '', 'Pending', 0, '0000-00-00 00:00:00', '0000-00-00 00:00:00', NULL),
(00000000049, 00000000049, '0000-00-00 00:00:00', 'RTC Branch 1', '', '', '', 'Pending', 0, '0000-00-00 00:00:00', '0000-00-00 00:00:00', NULL),
(00000000050, 00000000050, '0000-00-00 00:00:00', 'RTC Branch 2', '', '', '', 'Pending', 0, '0000-00-00 00:00:00', '0000-00-00 00:00:00', NULL),
(00000000051, 00000000051, '0000-00-00 00:00:00', 'RTC Branch 1', '', '', '', 'Pending', 0, '0000-00-00 00:00:00', '0000-00-00 00:00:00', NULL),
(00000000052, 00000000052, '0000-00-00 00:00:00', 'RTC Branch 2', '', '', '', 'Pending', 0, '0000-00-00 00:00:00', '0000-00-00 00:00:00', NULL),
(00000000053, 00000000053, '0000-00-00 00:00:00', 'RTC Branch 1', '', '', '', 'Pending', 0, '0000-00-00 00:00:00', '0000-00-00 00:00:00', NULL),
(00000000054, 00000000054, '0000-00-00 00:00:00', 'RTC Branch 2', '', '', '', 'Pending', 0, '0000-00-00 00:00:00', '0000-00-00 00:00:00', NULL),
(00000000055, 00000000055, '0000-00-00 00:00:00', 'RTC Branch 1', '', '', '', 'Pending', 0, '0000-00-00 00:00:00', '0000-00-00 00:00:00', NULL),
(00000000056, 00000000056, '0000-00-00 00:00:00', 'RTC Branch 2', '', '', '', 'Pending', 0, '0000-00-00 00:00:00', '0000-00-00 00:00:00', NULL),
(00000000057, 00000000057, '0000-00-00 00:00:00', 'RTC Branch 1', '', '', '', 'Pending', 0, '0000-00-00 00:00:00', '0000-00-00 00:00:00', NULL),
(00000000058, 00000000058, '0000-00-00 00:00:00', 'RTC Branch 2', '', '', '', 'Pending', 0, '0000-00-00 00:00:00', '0000-00-00 00:00:00', NULL),
(00000000059, 00000000059, '0000-00-00 00:00:00', 'RTC Branch 1', '', '', '', 'Pending', 0, '0000-00-00 00:00:00', '0000-00-00 00:00:00', NULL),
(00000000060, 00000000060, '0000-00-00 00:00:00', 'RTC Branch 2', '', '', '', 'Pending', 0, '0000-00-00 00:00:00', '0000-00-00 00:00:00', NULL),
(00000000061, 00000000061, '0000-00-00 00:00:00', 'RTC Branch 1', '', '', '', 'Pending', 0, '0000-00-00 00:00:00', '0000-00-00 00:00:00', NULL),
(00000000062, 00000000062, '0000-00-00 00:00:00', 'RTC Branch 2', '', '', '', 'Pending', 0, '0000-00-00 00:00:00', '0000-00-00 00:00:00', NULL),
(00000000063, 00000000063, '0000-00-00 00:00:00', 'RTC Branch 1', '', '', '', 'Pending', 0, '0000-00-00 00:00:00', '0000-00-00 00:00:00', NULL),
(00000000064, 00000000064, '0000-00-00 00:00:00', 'RTC Branch 2', '', '', '', 'Pending', 0, '0000-00-00 00:00:00', '0000-00-00 00:00:00', NULL),
(00000000065, 00000000065, '0000-00-00 00:00:00', 'RTC Branch 1', '', '', '', 'Pending', 0, '0000-00-00 00:00:00', '0000-00-00 00:00:00', NULL),
(00000000066, 00000000066, '0000-00-00 00:00:00', 'RTC Branch 2', '', '', '', 'Pending', 0, '0000-00-00 00:00:00', '0000-00-00 00:00:00', NULL),
(00000000067, 00000000067, '0000-00-00 00:00:00', 'RTC Branch 1', '', '', '', 'Pending', 0, '0000-00-00 00:00:00', '0000-00-00 00:00:00', NULL),
(00000000068, 00000000068, '0000-00-00 00:00:00', 'RTC Branch 2', '', '', '', 'Pending', 0, '0000-00-00 00:00:00', '0000-00-00 00:00:00', NULL),
(00000000069, 00000000069, '0000-00-00 00:00:00', 'RTC Branch 1', '', '', '', 'Pending', 0, '0000-00-00 00:00:00', '0000-00-00 00:00:00', NULL),
(00000000070, 00000000070, '0000-00-00 00:00:00', 'RTC Branch 2', '', '', '', 'Pending', 0, '0000-00-00 00:00:00', '0000-00-00 00:00:00', NULL),
(00000000071, 00000000071, '0000-00-00 00:00:00', 'RTC Branch 1', '', '', '', 'Pending', 0, '0000-00-00 00:00:00', '0000-00-00 00:00:00', NULL),
(00000000072, 00000000072, '0000-00-00 00:00:00', 'RTC Branch 2', '', '', '', 'Pending', 0, '0000-00-00 00:00:00', '0000-00-00 00:00:00', NULL),
(00000000073, 00000000073, '0000-00-00 00:00:00', 'RTC Branch 1', '', '', '', 'Pending', 0, '0000-00-00 00:00:00', '0000-00-00 00:00:00', NULL),
(00000000074, 00000000074, '0000-00-00 00:00:00', 'RTC Branch 2', '', '', '', 'Pending', 0, '0000-00-00 00:00:00', '0000-00-00 00:00:00', NULL),
(00000000075, 00000000075, '0000-00-00 00:00:00', 'RTC Branch 1', '', '', '', 'Pending', 0, '0000-00-00 00:00:00', '0000-00-00 00:00:00', NULL),
(00000000076, 00000000076, '0000-00-00 00:00:00', 'RTC Branch 2', '', '', '', 'Pending', 0, '0000-00-00 00:00:00', '0000-00-00 00:00:00', NULL),
(00000000077, 00000000077, '0000-00-00 00:00:00', 'RTC Branch 1', '', '', '', 'Pending', 0, '0000-00-00 00:00:00', '0000-00-00 00:00:00', NULL),
(00000000078, 00000000078, '0000-00-00 00:00:00', 'RTC Branch 2', '', '', '', 'Pending', 0, '0000-00-00 00:00:00', '0000-00-00 00:00:00', NULL),
(00000000079, 00000000079, '0000-00-00 00:00:00', 'RTC Branch 1', '', '', '', 'Pending', 0, '0000-00-00 00:00:00', '0000-00-00 00:00:00', NULL),
(00000000080, 00000000080, '0000-00-00 00:00:00', 'RTC Branch 2', '', '', '', 'Pending', 0, '0000-00-00 00:00:00', '0000-00-00 00:00:00', NULL),
(00000000081, 00000000081, '0000-00-00 00:00:00', 'RTC Branch 1', '', '', '', 'Pending', 0, '0000-00-00 00:00:00', '0000-00-00 00:00:00', NULL),
(00000000082, 00000000082, '0000-00-00 00:00:00', 'RTC Branch 2', '', '', '', 'Pending', 0, '0000-00-00 00:00:00', '0000-00-00 00:00:00', NULL),
(00000000083, 00000000083, '0000-00-00 00:00:00', 'RTC Branch 1', '', '', '', 'Pending', 0, '0000-00-00 00:00:00', '0000-00-00 00:00:00', NULL),
(00000000084, 00000000084, '0000-00-00 00:00:00', 'RTC Branch 2', '', '', '', 'Pending', 0, '0000-00-00 00:00:00', '0000-00-00 00:00:00', NULL),
(00000000085, 00000000085, '0000-00-00 00:00:00', 'RTC Branch 1', '', '', '', 'Pending', 0, '0000-00-00 00:00:00', '0000-00-00 00:00:00', NULL),
(00000000086, 00000000086, '0000-00-00 00:00:00', 'RTC Branch 2', '', '', '', 'Pending', 0, '0000-00-00 00:00:00', '0000-00-00 00:00:00', NULL),
(00000000087, 00000000087, '0000-00-00 00:00:00', 'RTC Branch 1', '', '', '', 'Pending', 0, '0000-00-00 00:00:00', '0000-00-00 00:00:00', NULL),
(00000000088, 00000000088, '0000-00-00 00:00:00', 'RTC Branch 2', '', '', '', 'Pending', 0, '0000-00-00 00:00:00', '0000-00-00 00:00:00', NULL),
(00000000089, 00000000089, '0000-00-00 00:00:00', 'RTC Branch 1', '', '', '', 'Pending', 0, '0000-00-00 00:00:00', '0000-00-00 00:00:00', NULL),
(00000000090, 00000000090, '0000-00-00 00:00:00', 'RTC Branch 2', '', '', '', 'Pending', 0, '0000-00-00 00:00:00', '0000-00-00 00:00:00', NULL),
(00000000091, 00000000091, '0000-00-00 00:00:00', 'RTC Branch 1', '', '', '', 'Pending', 0, '0000-00-00 00:00:00', '0000-00-00 00:00:00', NULL),
(00000000092, 00000000092, '0000-00-00 00:00:00', 'RTC Branch 2', '', '', '', 'Pending', 0, '0000-00-00 00:00:00', '0000-00-00 00:00:00', NULL),
(00000000093, 00000000093, '0000-00-00 00:00:00', 'RTC Branch 1', '', '', '', 'Pending', 0, '0000-00-00 00:00:00', '0000-00-00 00:00:00', NULL),
(00000000094, 00000000094, '0000-00-00 00:00:00', 'RTC Branch 2', '', '', '', 'Pending', 0, '0000-00-00 00:00:00', '0000-00-00 00:00:00', NULL),
(00000000095, 00000000095, '0000-00-00 00:00:00', 'RTC Branch 1', '', '', '', 'Pending', 0, '0000-00-00 00:00:00', '0000-00-00 00:00:00', NULL),
(00000000096, 00000000096, '0000-00-00 00:00:00', 'RTC Branch 2', '', '', '', 'Pending', 0, '0000-00-00 00:00:00', '0000-00-00 00:00:00', NULL),
(00000000097, 00000000097, '0000-00-00 00:00:00', 'RTC Branch 1', '', '', '', 'Pending', 0, '0000-00-00 00:00:00', '0000-00-00 00:00:00', NULL),
(00000000098, 00000000098, '0000-00-00 00:00:00', 'RTC Branch 2', '', '', '', 'Pending', 0, '0000-00-00 00:00:00', '0000-00-00 00:00:00', NULL),
(00000000099, 00000000099, '0000-00-00 00:00:00', 'RTC Branch 1', '', '', '', 'Pending', 0, '0000-00-00 00:00:00', '0000-00-00 00:00:00', NULL),
(00000000100, 00000000100, '0000-00-00 00:00:00', 'RTC Branch 2', '', '', '', 'Pending', 0, '0000-00-00 00:00:00', '0000-00-00 00:00:00', NULL),
(00000000101, 00000000101, '0000-00-00 00:00:00', 'RTC Branch 1', '', '', '', 'Pending', 0, '0000-00-00 00:00:00', '0000-00-00 00:00:00', NULL),
(00000000102, 00000000102, '0000-00-00 00:00:00', 'RTC Branch 2', '', '', '', 'Pending', 0, '0000-00-00 00:00:00', '0000-00-00 00:00:00', NULL),
(00000000103, 00000000103, '0000-00-00 00:00:00', 'RTC Branch 1', '', '', '', 'Pending', 0, '0000-00-00 00:00:00', '0000-00-00 00:00:00', NULL),
(00000000104, 00000000104, '0000-00-00 00:00:00', 'RTC Branch 2', '', '', '', 'Pending', 0, '0000-00-00 00:00:00', '0000-00-00 00:00:00', NULL),
(00000000105, 00000000105, '0000-00-00 00:00:00', 'RTC Branch 1', '', '', '', 'Pending', 0, '0000-00-00 00:00:00', '0000-00-00 00:00:00', NULL),
(00000000106, 00000000106, '0000-00-00 00:00:00', 'RTC Branch 2', '', '', '', 'Pending', 0, '0000-00-00 00:00:00', '0000-00-00 00:00:00', NULL),
(00000000107, 00000000107, '0000-00-00 00:00:00', 'RTC Branch 1', '', '', '', 'Pending', 0, '0000-00-00 00:00:00', '0000-00-00 00:00:00', NULL),
(00000000108, 00000000108, '0000-00-00 00:00:00', 'RTC Branch 2', '', '', '', 'Pending', 0, '0000-00-00 00:00:00', '0000-00-00 00:00:00', NULL),
(00000000109, 00000000109, '0000-00-00 00:00:00', 'RTC Branch 1', '', '', '', 'Pending', 0, '0000-00-00 00:00:00', '0000-00-00 00:00:00', NULL),
(00000000110, 00000000110, '0000-00-00 00:00:00', 'RTC Branch 2', '', '', '', 'Pending', 0, '0000-00-00 00:00:00', '0000-00-00 00:00:00', NULL),
(00000000111, 00000000111, '0000-00-00 00:00:00', 'RTC Branch 1', '', '', '', 'Pending', 0, '0000-00-00 00:00:00', '0000-00-00 00:00:00', NULL),
(00000000112, 00000000112, '0000-00-00 00:00:00', 'RTC Branch 2', '', '', '', 'Pending', 0, '0000-00-00 00:00:00', '0000-00-00 00:00:00', NULL),
(00000000113, 00000000113, '0000-00-00 00:00:00', 'RTC Branch 1', '', '', '', 'Pending', 0, '0000-00-00 00:00:00', '0000-00-00 00:00:00', NULL),
(00000000114, 00000000114, '0000-00-00 00:00:00', 'RTC Branch 2', '', '', '', 'Pending', 0, '0000-00-00 00:00:00', '0000-00-00 00:00:00', NULL),
(00000000115, 00000000115, '0000-00-00 00:00:00', 'RTC Branch 1', '', '', '', 'Pending', 0, '0000-00-00 00:00:00', '0000-00-00 00:00:00', NULL),
(00000000116, 00000000116, '0000-00-00 00:00:00', 'RTC Branch 2', '', '', '', 'Pending', 0, '0000-00-00 00:00:00', '0000-00-00 00:00:00', NULL),
(00000000117, 00000000117, '0000-00-00 00:00:00', 'RTC Branch 1', '', '', '', 'Pending', 0, '0000-00-00 00:00:00', '0000-00-00 00:00:00', NULL),
(00000000118, 00000000118, '0000-00-00 00:00:00', 'RTC Branch 2', '', '', '', 'Pending', 0, '0000-00-00 00:00:00', '0000-00-00 00:00:00', NULL),
(00000000119, 00000000119, '0000-00-00 00:00:00', 'RTC Branch 1', '', '', '', 'Pending', 0, '0000-00-00 00:00:00', '0000-00-00 00:00:00', NULL),
(00000000120, 00000000120, '0000-00-00 00:00:00', 'RTC Branch 2', '', '', '', 'Pending', 0, '0000-00-00 00:00:00', '0000-00-00 00:00:00', NULL),
(00000000121, 00000000121, '0000-00-00 00:00:00', 'RTC Branch 1', '', '', '', 'Pending', 0, '0000-00-00 00:00:00', '0000-00-00 00:00:00', NULL),
(00000000122, 00000000122, '0000-00-00 00:00:00', 'RTC Branch 2', '', '', '', 'Pending', 0, '0000-00-00 00:00:00', '0000-00-00 00:00:00', NULL),
(00000000123, 00000000123, '0000-00-00 00:00:00', 'RTC Branch 1', '', '', '', 'Pending', 0, '0000-00-00 00:00:00', '0000-00-00 00:00:00', NULL),
(00000000124, 00000000124, '0000-00-00 00:00:00', 'RTC Branch 2', '', '', '', 'Pending', 0, '0000-00-00 00:00:00', '0000-00-00 00:00:00', NULL),
(00000000125, 00000000125, '0000-00-00 00:00:00', 'RTC Branch 1', '', '', '', 'Pending', 0, '0000-00-00 00:00:00', '0000-00-00 00:00:00', NULL),
(00000000126, 00000000126, '0000-00-00 00:00:00', 'RTC Branch 2', '', '', '', 'Pending', 0, '0000-00-00 00:00:00', '0000-00-00 00:00:00', NULL),
(00000000127, 00000000127, '0000-00-00 00:00:00', 'RTC Branch 1', '', '', '', 'Pending', 0, '0000-00-00 00:00:00', '0000-00-00 00:00:00', NULL),
(00000000128, 00000000128, '0000-00-00 00:00:00', 'RTC Branch 2', '', '', '', 'Pending', 0, '0000-00-00 00:00:00', '0000-00-00 00:00:00', NULL),
(00000000129, 00000000129, '0000-00-00 00:00:00', 'RTC Branch 1', '', '', '', 'Pending', 0, '0000-00-00 00:00:00', '0000-00-00 00:00:00', NULL),
(00000000130, 00000000129, '0000-00-00 00:00:00', 'RTC Branch 1', '', '', '', 'Pending', 0, '0000-00-00 00:00:00', '0000-00-00 00:00:00', NULL),
(00000000131, 00000000129, '0000-00-00 00:00:00', 'RTC Branch 1', '', '', '', 'Pending', 0, '0000-00-00 00:00:00', '0000-00-00 00:00:00', NULL),
(00000000132, 00000000129, '0000-00-00 00:00:00', 'RTC Branch 1', '', '', '', 'Pending', 0, '0000-00-00 00:00:00', '0000-00-00 00:00:00', NULL),
(00000000133, 00000000133, '0000-00-00 00:00:00', 'RTC Branch 1', '', '', '', 'Pending', 0, '0000-00-00 00:00:00', '0000-00-00 00:00:00', NULL),
(00000000134, 00000000133, '0000-00-00 00:00:00', 'RTC Branch 1', '', '', '', 'Pending', 0, '0000-00-00 00:00:00', '0000-00-00 00:00:00', NULL),
(00000000135, 00000000088, '0000-00-00 00:00:00', 'RTC Branch 1', '', '', '', 'Pending', 0, '0000-00-00 00:00:00', '0000-00-00 00:00:00', NULL),
(00000000136, 00000000133, '0000-00-00 00:00:00', 'RTC Branch 1', '', '', '', 'Pending', 0, '0000-00-00 00:00:00', '0000-00-00 00:00:00', NULL),
(00000000137, 00000000133, '0000-00-00 00:00:00', 'RTC Branch 1', '', '', '', 'Pending', 0, '0000-00-00 00:00:00', '0000-00-00 00:00:00', NULL),
(00000000138, 00000000133, '0000-00-00 00:00:00', 'RTC Branch 1', '', '', '', 'Pending', 0, '0000-00-00 00:00:00', '0000-00-00 00:00:00', NULL),
(00000000139, 00000000133, '0000-00-00 00:00:00', 'RTC Branch 2', '', '', '', 'Pending', 0, '0000-00-00 00:00:00', '0000-00-00 00:00:00', NULL),
(00000000140, 00000000129, '0000-00-00 00:00:00', 'RTC Branch 1', '', '', '', 'Pending', 0, '0000-00-00 00:00:00', '0000-00-00 00:00:00', NULL),
(00000000141, 00000000133, '0000-00-00 00:00:00', 'RTC Branch 2', '', '', '', 'Pending', 0, '0000-00-00 00:00:00', '0000-00-00 00:00:00', NULL),
(00000000142, 00000000142, '0000-00-00 00:00:00', 'RTC Branch 2', '', '', '', 'Pending', 0, '0000-00-00 00:00:00', '0000-00-00 00:00:00', NULL),
(00000000143, 00000000143, '0000-00-00 00:00:00', 'RTC Branch 1', '', '', '', 'Pending', 0, '0000-00-00 00:00:00', '0000-00-00 00:00:00', NULL),
(00000000144, 00000000144, '0000-00-00 00:00:00', 'RTC Branch 1', '', '', '', 'Pending', 0, '0000-00-00 00:00:00', '0000-00-00 00:00:00', NULL);

-- --------------------------------------------------------

--
-- Table structure for table `cs_appearance_schedule_personnels`
--

CREATE TABLE `cs_appearance_schedule_personnels` (
  `id` int(11) UNSIGNED ZEROFILL NOT NULL,
  `appearance_schedule_id` int(11) UNSIGNED ZEROFILL NOT NULL,
  `type` enum('judge','jail_officer','lawyer') DEFAULT NULL,
  `name` varchar(255) DEFAULT NULL
) ENGINE=InnoDB DEFAULT CHARSET=latin1;

-- --------------------------------------------------------

--
-- Table structure for table `cs_cases`
--

CREATE TABLE `cs_cases` (
  `id` int(11) UNSIGNED ZEROFILL NOT NULL,
  `reasons_id` int(11) UNSIGNED ZEROFILL NOT NULL,
  `case_no` varchar(15) NOT NULL,
  `violation_id` int(11) UNSIGNED ZEROFILL NOT NULL,
  `created_on` int(11) UNSIGNED DEFAULT NULL,
  `modified_on` int(11) UNSIGNED DEFAULT NULL,
  `s_min_year` varchar(255) DEFAULT NULL,
  `s_max_year` varchar(255) DEFAULT NULL,
  `s_min_month` varchar(255) DEFAULT NULL,
  `s_max_month` varchar(255) DEFAULT NULL,
  `s_min_day` varchar(255) DEFAULT NULL,
  `s_max_day` varchar(255) DEFAULT NULL,
  `status` varchar(255) NOT NULL DEFAULT 'active',
  `reasons` text NOT NULL
) ENGINE=InnoDB DEFAULT CHARSET=latin1;

--
-- Dumping data for table `cs_cases`
--

INSERT INTO `cs_cases` (`id`, `reasons_id`, `case_no`, `violation_id`, `created_on`, `modified_on`, `s_min_year`, `s_max_year`, `s_min_month`, `s_max_month`, `s_min_day`, `s_max_day`, `status`, `reasons`) VALUES
(00000000001, 00000000001, '123', 00000000003, 1513254869, NULL, '', '1', '', '', '', '', 'active', ''),
(00000000002, 00000000001, '215215125', 00000000003, 1513258268, NULL, '', '1', '', '', '', '', 'active', ''),
(00000000003, 00000000001, '125215125', 00000000003, 1513258552, NULL, '', '1', '', '', '', '', 'active', ''),
(00000000004, 00000000001, '1526243', 00000000003, 1513258566, NULL, '', '1', '', '', '', '', 'active', ''),
(00000000005, 00000000001, '125512125', 00000000003, 1513258662, NULL, '', '1', '', '', '', '', 'active', ''),
(00000000006, 00000000001, '12563225', 00000000003, 1513258763, NULL, '', '1', '', '', '', '', 'active', ''),
(00000000007, 00000000007, '5780501', 00000000003, 1513264461, NULL, '', '1', '', '', '', '', 'active', ''),
(00000000008, 00000000008, '5780502', 00000000004, 1513264472, NULL, '1', '5', '', '', '', '', 'active', ''),
(00000000009, 00000000009, '57802', 00000000003, 1513264546, NULL, '', '1', '', '', '', '', 'active', ''),
(00000000010, 00000000010, '57803', 00000000004, 1513264558, NULL, '1', '5', '', '', '', '', 'active', ''),
(00000000011, 00000000011, '57804', 00000000003, 1513264568, NULL, '', '1', '', '', '', '', 'active', ''),
(00000000012, 00000000012, '57805', 00000000004, 1513264579, NULL, '1', '5', '', '', '', '', 'active', ''),
(00000000013, 00000000013, '57806', 00000000003, 1513264588, NULL, '', '1', '', '', '', '', 'active', ''),
(00000000014, 00000000014, '57807', 00000000004, 1513264598, NULL, '1', '5', '', '', '', '', 'active', ''),
(00000000015, 00000000015, '57808', 00000000003, 1513264608, NULL, '', '1', '', '', '', '', 'active', ''),
(00000000016, 00000000016, '57809', 00000000004, 1513264616, NULL, '1', '5', '', '', '', '', 'active', ''),
(00000000017, 00000000017, '578010', 00000000003, 1513264626, NULL, '', '1', '', '', '', '', 'active', ''),
(00000000018, 00000000018, '578011', 00000000003, 1513264670, NULL, '', '1', '', '', '', '', 'active', ''),
(00000000019, 00000000019, '578012', 00000000004, 1513264682, NULL, '1', '5', '', '', '', '', 'active', ''),
(00000000020, 00000000020, '578013', 00000000003, 1513264698, NULL, '', '1', '', '', '', '', 'active', ''),
(00000000021, 00000000021, '578014', 00000000004, 1513264709, NULL, '1', '5', '', '', '', '', 'active', ''),
(00000000022, 00000000022, '578015', 00000000003, 1513264721, NULL, '', '1', '', '', '', '', 'active', ''),
(00000000023, 00000000023, '578016', 00000000004, 1513264732, NULL, '1', '5', '', '', '', '', 'active', ''),
(00000000024, 00000000024, '578017', 00000000003, 1513264743, NULL, '', '1', '', '', '', '', 'active', ''),
(00000000025, 00000000025, '578018', 00000000004, 1513264753, NULL, '1', '5', '', '', '', '', 'active', ''),
(00000000026, 00000000026, '578019', 00000000003, 1513264763, NULL, '', '1', '', '', '', '', 'active', ''),
(00000000027, 00000000027, '578020', 00000000004, 1513264773, NULL, '1', '5', '', '', '', '', 'active', ''),
(00000000028, 00000000028, '578021', 00000000003, 1513264782, NULL, '', '1', '', '', '', '', 'active', ''),
(00000000029, 00000000029, '578041', 00000000003, 1513264850, NULL, '', '1', '', '', '', '', 'active', ''),
(00000000030, 00000000030, '578042', 00000000004, 1513264863, NULL, '1', '5', '', '', '', '', 'active', ''),
(00000000031, 00000000031, '578043', 00000000003, 1513264874, NULL, '', '1', '', '', '', '', 'active', ''),
(00000000032, 00000000032, '578044', 00000000004, 1513264883, NULL, '1', '5', '', '', '', '', 'active', ''),
(00000000033, 00000000033, '578045', 00000000003, 1513264894, NULL, '', '1', '', '', '', '', 'active', ''),
(00000000034, 00000000034, '578046', 00000000004, 1513264903, NULL, '1', '5', '', '', '', '', 'active', ''),
(00000000035, 00000000035, '578047', 00000000003, 1513264912, NULL, '', '1', '', '', '', '', 'active', ''),
(00000000036, 00000000036, '578048', 00000000004, 1513264922, NULL, '1', '5', '', '', '', '', 'active', ''),
(00000000037, 00000000037, '578049', 00000000003, 1513264931, NULL, '', '1', '', '', '', '', 'active', ''),
(00000000038, 00000000038, '578050', 00000000004, 1513264939, NULL, '1', '5', '', '', '', '', 'active', ''),
(00000000039, 00000000039, '578051', 00000000003, 1513264949, NULL, '', '1', '', '', '', '', 'active', ''),
(00000000040, 00000000040, '578052', 00000000004, 1513264958, NULL, '1', '5', '', '', '', '', 'active', ''),
(00000000041, 00000000041, '578053', 00000000003, 1513264967, NULL, '', '1', '', '', '', '', 'active', ''),
(00000000042, 00000000042, '578054', 00000000004, 1513264977, NULL, '1', '5', '', '', '', '', 'active', ''),
(00000000043, 00000000043, '578055', 00000000003, 1513264987, NULL, '', '1', '', '', '', '', 'active', ''),
(00000000044, 00000000044, '578056', 00000000004, 1513264996, NULL, '1', '5', '', '', '', '', 'active', ''),
(00000000045, 00000000045, '578057', 00000000003, 1513265005, NULL, '', '1', '', '', '', '', 'active', ''),
(00000000046, 00000000046, '578058', 00000000004, 1513265015, NULL, '1', '5', '', '', '', '', 'active', ''),
(00000000047, 00000000047, '578059', 00000000003, 1513265024, NULL, '', '1', '', '', '', '', 'active', ''),
(00000000048, 00000000048, '578060', 00000000004, 1513265034, NULL, '1', '5', '', '', '', '', 'active', ''),
(00000000049, 00000000049, '578061', 00000000003, 1513265043, NULL, '', '1', '', '', '', '', 'active', ''),
(00000000050, 00000000050, '578062', 00000000004, 1513265051, NULL, '1', '5', '', '', '', '', 'active', ''),
(00000000051, 00000000051, '578063', 00000000003, 1513265060, NULL, '', '1', '', '', '', '', 'active', ''),
(00000000052, 00000000052, '578064', 00000000004, 1513265070, NULL, '1', '5', '', '', '', '', 'active', ''),
(00000000053, 00000000053, '578065', 00000000003, 1513265079, NULL, '', '1', '', '', '', '', 'active', ''),
(00000000054, 00000000054, '578066', 00000000004, 1513265088, NULL, '1', '5', '', '', '', '', 'active', ''),
(00000000055, 00000000055, '578067', 00000000003, 1513265098, NULL, '', '1', '', '', '', '', 'active', ''),
(00000000056, 00000000056, '578068', 00000000004, 1513265107, NULL, '1', '5', '', '', '', '', 'active', ''),
(00000000057, 00000000057, '578069', 00000000003, 1513265115, NULL, '', '1', '', '', '', '', 'active', ''),
(00000000058, 00000000058, '578070', 00000000004, 1513265124, NULL, '1', '5', '', '', '', '', 'active', ''),
(00000000059, 00000000059, '578071', 00000000003, 1513265132, NULL, '', '1', '', '', '', '', 'active', ''),
(00000000060, 00000000060, '578072', 00000000004, 1513265141, NULL, '1', '5', '', '', '', '', 'active', ''),
(00000000061, 00000000061, '578073', 00000000003, 1513265150, NULL, '', '1', '', '', '', '', 'active', ''),
(00000000062, 00000000062, '578074', 00000000004, 1513265159, NULL, '1', '5', '', '', '', '', 'active', ''),
(00000000063, 00000000063, '578075', 00000000003, 1513265168, NULL, '', '1', '', '', '', '', 'active', ''),
(00000000064, 00000000064, '578076', 00000000004, 1513265177, NULL, '1', '5', '', '', '', '', 'active', ''),
(00000000065, 00000000065, '578077', 00000000003, 1513265185, NULL, '', '1', '', '', '', '', 'active', ''),
(00000000066, 00000000066, '578078', 00000000004, 1513265193, NULL, '1', '5', '', '', '', '', 'active', ''),
(00000000067, 00000000067, '578079', 00000000003, 1513265202, NULL, '', '1', '', '', '', '', 'active', ''),
(00000000068, 00000000068, '578080', 00000000004, 1513265211, NULL, '1', '5', '', '', '', '', 'active', ''),
(00000000069, 00000000069, '578081', 00000000003, 1513265219, NULL, '', '1', '', '', '', '', 'active', ''),
(00000000070, 00000000070, '578082', 00000000004, 1513265229, NULL, '1', '5', '', '', '', '', 'active', ''),
(00000000071, 00000000071, '578083', 00000000003, 1513265238, NULL, '', '1', '', '', '', '', 'active', ''),
(00000000072, 00000000072, '578084', 00000000004, 1513265248, NULL, '1', '5', '', '', '', '', 'active', ''),
(00000000073, 00000000073, '578085', 00000000003, 1513265257, NULL, '', '1', '', '', '', '', 'active', ''),
(00000000074, 00000000074, '578086', 00000000004, 1513265266, NULL, '1', '5', '', '', '', '', 'active', ''),
(00000000075, 00000000075, '578087', 00000000003, 1513265275, NULL, '', '1', '', '', '', '', 'active', ''),
(00000000076, 00000000076, '578088', 00000000004, 1513265284, NULL, '1', '5', '', '', '', '', 'active', ''),
(00000000077, 00000000077, '578089', 00000000003, 1513265294, NULL, '', '1', '', '', '', '', 'active', ''),
(00000000078, 00000000078, '578090', 00000000004, 1513265303, NULL, '1', '5', '', '', '', '', 'active', ''),
(00000000079, 00000000079, '578091', 00000000003, 1513265313, NULL, '', '1', '', '', '', '', 'active', ''),
(00000000080, 00000000080, '578092', 00000000004, 1513265322, NULL, '1', '5', '', '', '', '', 'active', ''),
(00000000081, 00000000081, '578093', 00000000003, 1513265330, NULL, '', '1', '', '', '', '', 'active', ''),
(00000000082, 00000000082, '578094', 00000000004, 1513265342, NULL, '1', '5', '', '', '', '', 'active', ''),
(00000000083, 00000000083, '578095', 00000000003, 1513265350, NULL, '', '1', '', '', '', '', 'active', ''),
(00000000084, 00000000084, '578096', 00000000004, 1513265359, NULL, '1', '5', '', '', '', '', 'active', ''),
(00000000085, 00000000085, '578097', 00000000003, 1513265368, NULL, '', '1', '', '', '', '', 'active', ''),
(00000000086, 00000000086, '578098', 00000000004, 1513265377, NULL, '1', '5', '', '', '', '', 'active', ''),
(00000000087, 00000000087, '578099', 00000000003, 1513265385, NULL, '', '1', '', '', '', '', 'active', ''),
(00000000088, 00000000088, '5780100', 00000000004, 1513265394, NULL, '1', '5', '', '', '', '', 'active', ''),
(00000000089, 00000000089, '5780101', 00000000003, 1513265403, NULL, '', '1', '', '', '', '', 'active', ''),
(00000000090, 00000000090, '5780102', 00000000004, 1513265412, NULL, '1', '5', '', '', '', '', 'active', ''),
(00000000091, 00000000091, '5780103', 00000000003, 1513265421, NULL, '', '1', '', '', '', '', 'active', ''),
(00000000092, 00000000092, '5780104', 00000000004, 1513265429, NULL, '1', '5', '', '', '', '', 'active', ''),
(00000000093, 00000000093, '5780105', 00000000003, 1513265438, NULL, '', '1', '', '', '', '', 'active', ''),
(00000000094, 00000000094, '5780106', 00000000004, 1513265446, NULL, '1', '5', '', '', '', '', 'active', ''),
(00000000095, 00000000095, '5780107', 00000000003, 1513265455, NULL, '', '1', '', '', '', '', 'active', ''),
(00000000096, 00000000096, '5780108', 00000000004, 1513265464, NULL, '1', '5', '', '', '', '', 'active', ''),
(00000000097, 00000000097, '5780109', 00000000003, 1513265472, NULL, '', '1', '', '', '', '', 'active', ''),
(00000000098, 00000000098, '5780110', 00000000004, 1513265481, NULL, '1', '5', '', '', '', '', 'active', ''),
(00000000099, 00000000099, '5780111', 00000000003, 1513265490, NULL, '', '1', '', '', '', '', 'active', ''),
(00000000100, 00000000100, '5780112', 00000000004, 1513265498, NULL, '1', '5', '', '', '', '', 'active', ''),
(00000000101, 00000000101, '5780113', 00000000003, 1513265506, NULL, '', '1', '', '', '', '', 'active', ''),
(00000000102, 00000000102, '5780114', 00000000004, 1513265516, NULL, '1', '5', '', '', '', '', 'active', ''),
(00000000103, 00000000103, '5780115', 00000000003, 1513265524, NULL, '', '1', '', '', '', '', 'active', ''),
(00000000104, 00000000104, '5780116', 00000000004, 1513265532, NULL, '1', '5', '', '', '', '', 'active', ''),
(00000000105, 00000000105, '5780117', 00000000003, 1513265541, NULL, '', '1', '', '', '', '', 'active', ''),
(00000000106, 00000000106, '5780118', 00000000004, 1513265550, NULL, '1', '5', '', '', '', '', 'active', ''),
(00000000107, 00000000107, '5780119', 00000000003, 1513265558, NULL, '', '1', '', '', '', '', 'active', ''),
(00000000108, 00000000108, '5780120', 00000000004, 1513265567, NULL, '1', '5', '', '', '', '', 'active', ''),
(00000000109, 00000000109, '5780121', 00000000003, 1513265576, NULL, '', '1', '', '', '', '', 'active', ''),
(00000000110, 00000000110, '5780122', 00000000004, 1513265585, NULL, '1', '5', '', '', '', '', 'active', ''),
(00000000111, 00000000111, '5780123', 00000000003, 1513265593, NULL, '', '1', '', '', '', '', 'active', ''),
(00000000112, 00000000112, '5780124', 00000000004, 1513265601, NULL, '1', '5', '', '', '', '', 'active', ''),
(00000000113, 00000000113, '5780125', 00000000003, 1513265609, NULL, '', '1', '', '', '', '', 'active', ''),
(00000000114, 00000000114, '5780126', 00000000004, 1513265618, NULL, '1', '5', '', '', '', '', 'active', ''),
(00000000115, 00000000115, '5780127', 00000000003, 1513265626, NULL, '', '1', '', '', '', '', 'active', ''),
(00000000116, 00000000116, '5780128', 00000000004, 1513265634, NULL, '1', '5', '', '', '', '', 'active', ''),
(00000000117, 00000000117, '5780129', 00000000003, 1513265642, NULL, '', '1', '', '', '', '', 'active', ''),
(00000000118, 00000000118, '5780130', 00000000004, 1513265651, NULL, '1', '5', '', '', '', '', 'active', ''),
(00000000119, 00000000119, '5780131', 00000000003, 1513265658, NULL, '', '1', '', '', '', '', 'active', ''),
(00000000120, 00000000120, '5780132', 00000000004, 1513265666, NULL, '1', '5', '', '', '', '', 'active', ''),
(00000000121, 00000000121, '5780133', 00000000003, 1513265675, NULL, '', '1', '', '', '', '', 'active', ''),
(00000000122, 00000000122, '5780134', 00000000004, 1513265683, NULL, '1', '5', '', '', '', '', 'active', ''),
(00000000123, 00000000123, '5780135', 00000000003, 1513265691, NULL, '', '1', '', '', '', '', 'active', ''),
(00000000124, 00000000124, '5780136', 00000000004, 1513265700, NULL, '1', '5', '', '', '', '', 'active', ''),
(00000000125, 00000000125, '5780137', 00000000003, 1513265709, NULL, '', '1', '', '', '', '', 'active', ''),
(00000000126, 00000000126, '5780138', 00000000004, 1513265717, NULL, '1', '5', '', '', '', '', 'active', ''),
(00000000127, 00000000127, '5780139', 00000000003, 1513265725, NULL, '', '1', '', '', '', '', 'active', ''),
(00000000128, 00000000128, '5780140', 00000000004, 1513265735, NULL, '1', '5', '', '', '', '', 'active', ''),
(00000000129, 00000000088, '5780100', 00000000003, 1513503921, NULL, '', '1', '', '', '', '', 'active', ''),
(00000000130, 00000000129, '123', 00000000004, 1513504218, NULL, '1', '5', '', '', '', '', 'active', ''),
(00000000131, 00000000129, '123', 00000000003, 1513504474, NULL, '', '1', '', '', '', '', 'active', ''),
(00000000132, 00000000129, '123', 00000000003, 1513504515, NULL, '', '1', '', '', '', '', 'active', ''),
(00000000133, 00000000129, '123', 00000000003, 1513504583, NULL, '', '1', '', '', '', '', 'active', ''),
(00000000134, 00000000133, '123', 00000000003, 1513504624, NULL, '', '1', '', '', '', '', 'active', ''),
(00000000135, 00000000133, '123', 00000000004, 1513504786, NULL, '1', '5', '', '', '', '', 'active', ''),
(00000000136, 00000000088, '5780101', 00000000003, 1513505045, NULL, '', '1', '', '', '', '', 'active', ''),
(00000000137, 00000000133, '1234', 00000000003, 1513505082, NULL, '', '1', '', '', '', '', 'active', ''),
(00000000138, 00000000133, '1234', 00000000004, 1513505089, NULL, '1', '5', '', '', '', '', 'active', ''),
(00000000139, 00000000133, '1235', 00000000003, 1513505202, NULL, '', '1', '', '', '', '', 'active', ''),
(00000000140, 00000000133, '1235', 00000000004, 1513505409, NULL, '1', '5', '', '', '', '', 'active', ''),
(00000000141, 00000000129, '1235651', 00000000004, 1518237394, NULL, '1', '5', '', '', '', '', 'active', ''),
(00000000142, 00000000133, '1233', 00000000004, 1518238878, NULL, '1', '5', '', '', '', '', 'active', ''),
(00000000143, 00000000017, '762342', 00000000003, 1518239153, NULL, '', '1', '', '', '', '', 'active', ''),
(00000000144, 00000000142, '4124', 00000000003, 1518249838, NULL, '', '1', '', '', '', '', 'active', ''),
(00000000145, 00000000143, '151243', 00000000003, 1518251714, NULL, '', '1', '', '', '', '', 'active', ''),
(00000000146, 00000000144, '123', 00000000003, 1518257579, NULL, '', '1', '', '', '', '', 'active', '');

-- --------------------------------------------------------

--
-- Stand-in structure for view `cs_cases_full`
--
CREATE TABLE `cs_cases_full` (
`case_id` int(11) unsigned zerofill
,`reasons_id` int(11) unsigned zerofill
,`case_no` varchar(15)
,`case_created_on` int(11) unsigned
,`case_modified_on` int(11) unsigned
,`case_status` varchar(255)
,`case_reasons` text
,`violation_id` int(11) unsigned zerofill
,`id` int(11) unsigned zerofill
,`violations_category_id` int(11) unsigned zerofill
,`name` varchar(255)
,`level` enum('1','2','3','4','5','lifetime','none')
,`description` text
,`RepublicAct` varchar(255)
,`min_year` varchar(255)
,`max_year` varchar(255)
,`min_month` varchar(255)
,`max_month` varchar(255)
,`min_day` varchar(255)
,`max_day` varchar(255)
,`status` varchar(200)
,`created_on` int(11) unsigned
,`modified_on` int(11) unsigned
,`violation_category_id` int(11) unsigned zerofill
,`violation_category_name` varchar(255)
,`violation_category_description` text
);

-- --------------------------------------------------------

--
-- Table structure for table `cs_logs`
--

CREATE TABLE `cs_logs` (
  `id` int(11) UNSIGNED ZEROFILL NOT NULL,
  `linked_id` varchar(255) NOT NULL,
  `table_name` varchar(255) DEFAULT NULL,
  `table_field` varchar(255) DEFAULT NULL,
  `subject` text,
  `reasons` text,
  `update_by` int(11) UNSIGNED ZEROFILL NOT NULL,
  `action` varchar(255) DEFAULT NULL,
  `created_at` datetime DEFAULT NULL,
  `status` varchar(255) DEFAULT NULL
) ENGINE=InnoDB DEFAULT CHARSET=latin1;

--
-- Dumping data for table `cs_logs`
--

INSERT INTO `cs_logs` (`id`, `linked_id`, `table_name`, `table_field`, `subject`, `reasons`, `update_by`, `action`, `created_at`, `status`) VALUES
(00000000001, '04294967295', 'inmate', 'inmate_id', 'Edit Inmate Information Step 1 ', 'Inmate Information of "Asd Gsa)" was updated', 00000000001, 'update', '2017-12-14 09:14:33', 'active'),
(00000000002, '04294967295', 'inmate', 'inmate_id', 'Edit Inmate Information Step 1 ', 'Inmate Information of "Asd Gsa)" was updated', 00000000001, 'update', '2017-12-14 09:14:46', 'active'),
(00000000003, '00000000000', 'inmate', 'inmate_id', 'Edit Inmate Information Step 1 ', 'Inmate Information of " )" was updated', 00000000001, 'update', '2017-12-14 09:17:09', 'active'),
(00000000004, '00000000000', 'inmate', 'inmate_id', 'Edit Inmate Information Step 1 ', 'Inmate Information of " )" was updated', 00000000001, 'update', '2017-12-14 09:22:22', 'active'),
(00000000005, '04294967295', 'inmate', 'inmate_id', 'Edit Inmate Information Step 1 ', 'Inmate Information of "Asd Gsa)" was updated', 00000000001, 'update', '2017-12-14 09:22:32', 'active'),
(00000000006, '04294967295', 'inmate', 'inmate_id', 'Edit Inmate Information Step 2 ', 'Inmate Information of " " was updated', 00000000001, 'update', '2017-12-14 09:25:35', 'active'),
(00000000007, '04294967295', 'inmate', 'inmate_id', 'Edit Inmate Information Step 2 ', 'Inmate Information of " " was updated', 00000000001, 'update', '2017-12-14 09:27:15', 'active'),
(00000000008, '04294967295', 'inmate', 'inmate_id', 'Edit Inmate Information Step 3 ', 'Inmate Information of " " was updated', 00000000001, 'update', '2017-12-14 09:27:20', 'active'),
(00000000009, '04294967295', 'inmate', 'inmate_id', 'Edit Inmate Information Step 1 ', 'Inmate Information of "Asd Gsa" was updated', 00000000001, 'update', '2017-12-14 09:28:11', 'active'),
(00000000010, '04294967295', 'inmate', 'inmate_id', 'Edit Inmate Information Step 2 ', 'Inmate Information of " " was updated', 00000000001, 'update', '2017-12-14 09:28:17', 'active'),
(00000000011, '04294967295', 'inmate', 'inmate_id', 'Edit Inmate Information Step 2 ', 'Inmate Information of " " was updated', 00000000001, 'update', '2017-12-14 09:28:28', 'active'),
(00000000012, '04294967295', 'inmate', 'inmate_id', 'Edit Inmate Information Step 2 ', 'Inmate Information of " " was updated', 00000000001, 'update', '2017-12-14 09:28:52', 'active'),
(00000000013, '04294967295', 'inmate', 'inmate_id', 'Edit Inmate Information Step 2 ', 'Inmate Information of "Asd Gsa" was updated', 00000000001, 'update', '2017-12-14 09:29:14', 'active'),
(00000000014, '04294967295', 'inmate', 'inmate_id', 'Edit Inmate Information Step 2 ', 'Inmate Information of "Asd Gsa" was updated', 00000000001, 'update', '2017-12-14 09:29:20', 'active'),
(00000000015, '04294967295', 'inmate', 'inmate_id', 'Edit Inmate Information Step 3 ', 'Inmate Information of "Asd Gsa" was updated', 00000000001, 'update', '2017-12-14 09:30:42', 'active'),
(00000000016, '04294967295', 'inmate', 'inmate_id', 'Edit Inmate Information Step 3 ', 'Inmate Information of "Asd Gsa" was updated', 00000000001, 'update', '2017-12-14 09:30:42', 'active'),
(00000000017, '00000000000', 'inmate', 'inmate_id', 'Add Case Information', 'A Case Information of "Asd Gsa" was added', 00000000001, 'insert', '2017-12-14 09:35:53', 'active'),
(00000000018, '00000000000', 'inmate', 'inmate_id', 'Add Case Information', 'A Case Information of "Asd Gsa" was added', 00000000001, 'insert', '2017-12-14 09:36:06', 'active'),
(00000000019, '0', 'inmate_case_info', 'id', 'Add Case Information', 'A Case Information of "Asd Gsa" was added', 00000000001, 'insert', '2017-12-14 09:37:43', 'active'),
(00000000020, '7', 'inmate_case_info', 'id', 'Add Case Information', 'A Case Information of "Asd Gsa" was added', 00000000001, 'insert', '2017-12-14 09:39:23', 'active'),
(00000000021, '8', 'inmate_case_info', 'id', 'Add Case Information', 'A Case Information of "First Name_501 Last Name_501" was added', 00000000001, 'insert', '2017-12-14 11:14:22', 'active'),
(00000000022, '9', 'inmate_case_info', 'id', 'Add Case Information', 'A Case Information of "First Name_502 Last Name_502" was added', 00000000001, 'insert', '2017-12-14 11:14:33', 'active'),
(00000000023, '10', 'inmate_case_info', 'id', 'Add Case Information', 'A Case Information of "First Name_2 Last Name_2" was added', 00000000001, 'insert', '2017-12-14 11:15:46', 'active'),
(00000000024, '11', 'inmate_case_info', 'id', 'Add Case Information', 'A Case Information of "First Name_3 Last Name_3" was added', 00000000001, 'insert', '2017-12-14 11:15:58', 'active'),
(00000000025, '12', 'inmate_case_info', 'id', 'Add Case Information', 'A Case Information of "First Name_4 Last Name_4" was added', 00000000001, 'insert', '2017-12-14 11:16:09', 'active'),
(00000000026, '13', 'inmate_case_info', 'id', 'Add Case Information', 'A Case Information of "First Name_5 Last Name_5" was added', 00000000001, 'insert', '2017-12-14 11:16:19', 'active'),
(00000000027, '14', 'inmate_case_info', 'id', 'Add Case Information', 'A Case Information of "First Name_6 Last Name_6" was added', 00000000001, 'insert', '2017-12-14 11:16:29', 'active'),
(00000000028, '15', 'inmate_case_info', 'id', 'Add Case Information', 'A Case Information of "First Name_7 Last Name_7" was added', 00000000001, 'insert', '2017-12-14 11:16:38', 'active'),
(00000000029, '16', 'inmate_case_info', 'id', 'Add Case Information', 'A Case Information of "First Name_8 Last Name_8" was added', 00000000001, 'insert', '2017-12-14 11:16:48', 'active'),
(00000000030, '17', 'inmate_case_info', 'id', 'Add Case Information', 'A Case Information of "First Name_9 Last Name_9" was added', 00000000001, 'insert', '2017-12-14 11:16:57', 'active'),
(00000000031, '18', 'inmate_case_info', 'id', 'Add Case Information', 'A Case Information of "First Name_10 Last Name_10" was added', 00000000001, 'insert', '2017-12-14 11:17:07', 'active'),
(00000000032, '19', 'inmate_case_info', 'id', 'Add Case Information', 'A Case Information of "First Name_11 Last Name_11" was added', 00000000001, 'insert', '2017-12-14 11:17:50', 'active'),
(00000000033, '20', 'inmate_case_info', 'id', 'Add Case Information', 'A Case Information of "First Name_12 Last Name_12" was added', 00000000001, 'insert', '2017-12-14 11:18:03', 'active'),
(00000000034, '21', 'inmate_case_info', 'id', 'Add Case Information', 'A Case Information of "First Name_13 Last Name_13" was added', 00000000001, 'insert', '2017-12-14 11:18:19', 'active'),
(00000000035, '22', 'inmate_case_info', 'id', 'Add Case Information', 'A Case Information of "First Name_14 Last Name_14" was added', 00000000001, 'insert', '2017-12-14 11:18:29', 'active'),
(00000000036, '23', 'inmate_case_info', 'id', 'Add Case Information', 'A Case Information of "First Name_15 Last Name_15" was added', 00000000001, 'insert', '2017-12-14 11:18:41', 'active'),
(00000000037, '24', 'inmate_case_info', 'id', 'Add Case Information', 'A Case Information of "First Name_16 Last Name_16" was added', 00000000001, 'insert', '2017-12-14 11:18:52', 'active'),
(00000000038, '25', 'inmate_case_info', 'id', 'Add Case Information', 'A Case Information of "First Name_17 Last Name_17" was added', 00000000001, 'insert', '2017-12-14 11:19:03', 'active'),
(00000000039, '26', 'inmate_case_info', 'id', 'Add Case Information', 'A Case Information of "First Name_18 Last Name_18" was added', 00000000001, 'insert', '2017-12-14 11:19:13', 'active'),
(00000000040, '27', 'inmate_case_info', 'id', 'Add Case Information', 'A Case Information of "First Name_19 Last Name_19" was added', 00000000001, 'insert', '2017-12-14 11:19:23', 'active'),
(00000000041, '28', 'inmate_case_info', 'id', 'Add Case Information', 'A Case Information of "First Name_20 Last Name_20" was added', 00000000001, 'insert', '2017-12-14 11:19:33', 'active'),
(00000000042, '29', 'inmate_case_info', 'id', 'Add Case Information', 'A Case Information of "First Name_21 Last Name_21" was added', 00000000001, 'insert', '2017-12-14 11:19:42', 'active'),
(00000000043, '30', 'inmate_case_info', 'id', 'Add Case Information', 'A Case Information of "First Name_41 Last Name_41" was added', 00000000001, 'insert', '2017-12-14 11:20:50', 'active'),
(00000000044, '31', 'inmate_case_info', 'id', 'Add Case Information', 'A Case Information of "First Name_42 Last Name_42" was added', 00000000001, 'insert', '2017-12-14 11:21:03', 'active'),
(00000000045, '32', 'inmate_case_info', 'id', 'Add Case Information', 'A Case Information of "First Name_43 Last Name_43" was added', 00000000001, 'insert', '2017-12-14 11:21:14', 'active'),
(00000000046, '33', 'inmate_case_info', 'id', 'Add Case Information', 'A Case Information of "First Name_44 Last Name_44" was added', 00000000001, 'insert', '2017-12-14 11:21:23', 'active'),
(00000000047, '34', 'inmate_case_info', 'id', 'Add Case Information', 'A Case Information of "First Name_45 Last Name_45" was added', 00000000001, 'insert', '2017-12-14 11:21:34', 'active'),
(00000000048, '35', 'inmate_case_info', 'id', 'Add Case Information', 'A Case Information of "First Name_46 Last Name_46" was added', 00000000001, 'insert', '2017-12-14 11:21:43', 'active'),
(00000000049, '36', 'inmate_case_info', 'id', 'Add Case Information', 'A Case Information of "First Name_47 Last Name_47" was added', 00000000001, 'insert', '2017-12-14 11:21:52', 'active'),
(00000000050, '37', 'inmate_case_info', 'id', 'Add Case Information', 'A Case Information of "First Name_48 Last Name_48" was added', 00000000001, 'insert', '2017-12-14 11:22:03', 'active'),
(00000000051, '38', 'inmate_case_info', 'id', 'Add Case Information', 'A Case Information of "First Name_49 Last Name_49" was added', 00000000001, 'insert', '2017-12-14 11:22:11', 'active'),
(00000000052, '39', 'inmate_case_info', 'id', 'Add Case Information', 'A Case Information of "First Name_50 Last Name_50" was added', 00000000001, 'insert', '2017-12-14 11:22:20', 'active'),
(00000000053, '40', 'inmate_case_info', 'id', 'Add Case Information', 'A Case Information of "First Name_51 Last Name_51" was added', 00000000001, 'insert', '2017-12-14 11:22:29', 'active'),
(00000000054, '41', 'inmate_case_info', 'id', 'Add Case Information', 'A Case Information of "First Name_52 Last Name_52" was added', 00000000001, 'insert', '2017-12-14 11:22:38', 'active'),
(00000000055, '42', 'inmate_case_info', 'id', 'Add Case Information', 'A Case Information of "First Name_53 Last Name_53" was added', 00000000001, 'insert', '2017-12-14 11:22:47', 'active'),
(00000000056, '43', 'inmate_case_info', 'id', 'Add Case Information', 'A Case Information of "First Name_54 Last Name_54" was added', 00000000001, 'insert', '2017-12-14 11:22:58', 'active'),
(00000000057, '44', 'inmate_case_info', 'id', 'Add Case Information', 'A Case Information of "First Name_55 Last Name_55" was added', 00000000001, 'insert', '2017-12-14 11:23:07', 'active'),
(00000000058, '45', 'inmate_case_info', 'id', 'Add Case Information', 'A Case Information of "First Name_56 Last Name_56" was added', 00000000001, 'insert', '2017-12-14 11:23:16', 'active'),
(00000000059, '46', 'inmate_case_info', 'id', 'Add Case Information', 'A Case Information of "First Name_57 Last Name_57" was added', 00000000001, 'insert', '2017-12-14 11:23:25', 'active'),
(00000000060, '47', 'inmate_case_info', 'id', 'Add Case Information', 'A Case Information of "First Name_58 Last Name_58" was added', 00000000001, 'insert', '2017-12-14 11:23:35', 'active'),
(00000000061, '48', 'inmate_case_info', 'id', 'Add Case Information', 'A Case Information of "First Name_59 Last Name_59" was added', 00000000001, 'insert', '2017-12-14 11:23:44', 'active'),
(00000000062, '49', 'inmate_case_info', 'id', 'Add Case Information', 'A Case Information of "First Name_60 Last Name_60" was added', 00000000001, 'insert', '2017-12-14 11:23:54', 'active'),
(00000000063, '50', 'inmate_case_info', 'id', 'Add Case Information', 'A Case Information of "First Name_61 Last Name_61" was added', 00000000001, 'insert', '2017-12-14 11:24:03', 'active'),
(00000000064, '51', 'inmate_case_info', 'id', 'Add Case Information', 'A Case Information of "First Name_62 Last Name_62" was added', 00000000001, 'insert', '2017-12-14 11:24:11', 'active'),
(00000000065, '52', 'inmate_case_info', 'id', 'Add Case Information', 'A Case Information of "First Name_63 Last Name_63" was added', 00000000001, 'insert', '2017-12-14 11:24:21', 'active'),
(00000000066, '53', 'inmate_case_info', 'id', 'Add Case Information', 'A Case Information of "First Name_64 Last Name_64" was added', 00000000001, 'insert', '2017-12-14 11:24:30', 'active'),
(00000000067, '54', 'inmate_case_info', 'id', 'Add Case Information', 'A Case Information of "First Name_65 Last Name_65" was added', 00000000001, 'insert', '2017-12-14 11:24:39', 'active'),
(00000000068, '55', 'inmate_case_info', 'id', 'Add Case Information', 'A Case Information of "First Name_66 Last Name_66" was added', 00000000001, 'insert', '2017-12-14 11:24:49', 'active'),
(00000000069, '56', 'inmate_case_info', 'id', 'Add Case Information', 'A Case Information of "First Name_67 Last Name_67" was added', 00000000001, 'insert', '2017-12-14 11:24:58', 'active'),
(00000000070, '57', 'inmate_case_info', 'id', 'Add Case Information', 'A Case Information of "First Name_68 Last Name_68" was added', 00000000001, 'insert', '2017-12-14 11:25:07', 'active'),
(00000000071, '58', 'inmate_case_info', 'id', 'Add Case Information', 'A Case Information of "First Name_69 Last Name_69" was added', 00000000001, 'insert', '2017-12-14 11:25:15', 'active'),
(00000000072, '59', 'inmate_case_info', 'id', 'Add Case Information', 'A Case Information of "First Name_70 Last Name_70" was added', 00000000001, 'insert', '2017-12-14 11:25:24', 'active'),
(00000000073, '60', 'inmate_case_info', 'id', 'Add Case Information', 'A Case Information of "First Name_71 Last Name_71" was added', 00000000001, 'insert', '2017-12-14 11:25:32', 'active'),
(00000000074, '61', 'inmate_case_info', 'id', 'Add Case Information', 'A Case Information of "First Name_72 Last Name_72" was added', 00000000001, 'insert', '2017-12-14 11:25:41', 'active'),
(00000000075, '62', 'inmate_case_info', 'id', 'Add Case Information', 'A Case Information of "First Name_73 Last Name_73" was added', 00000000001, 'insert', '2017-12-14 11:25:50', 'active'),
(00000000076, '63', 'inmate_case_info', 'id', 'Add Case Information', 'A Case Information of "First Name_74 Last Name_74" was added', 00000000001, 'insert', '2017-12-14 11:25:59', 'active'),
(00000000077, '64', 'inmate_case_info', 'id', 'Add Case Information', 'A Case Information of "First Name_75 Last Name_75" was added', 00000000001, 'insert', '2017-12-14 11:26:08', 'active'),
(00000000078, '65', 'inmate_case_info', 'id', 'Add Case Information', 'A Case Information of "First Name_76 Last Name_76" was added', 00000000001, 'insert', '2017-12-14 11:26:17', 'active'),
(00000000079, '66', 'inmate_case_info', 'id', 'Add Case Information', 'A Case Information of "First Name_77 Last Name_77" was added', 00000000001, 'insert', '2017-12-14 11:26:25', 'active'),
(00000000080, '67', 'inmate_case_info', 'id', 'Add Case Information', 'A Case Information of "First Name_78 Last Name_78" was added', 00000000001, 'insert', '2017-12-14 11:26:33', 'active'),
(00000000081, '68', 'inmate_case_info', 'id', 'Add Case Information', 'A Case Information of "First Name_79 Last Name_79" was added', 00000000001, 'insert', '2017-12-14 11:26:42', 'active'),
(00000000082, '69', 'inmate_case_info', 'id', 'Add Case Information', 'A Case Information of "First Name_80 Last Name_80" was added', 00000000001, 'insert', '2017-12-14 11:26:51', 'active'),
(00000000083, '70', 'inmate_case_info', 'id', 'Add Case Information', 'A Case Information of "First Name_81 Last Name_81" was added', 00000000001, 'insert', '2017-12-14 11:27:00', 'active'),
(00000000084, '71', 'inmate_case_info', 'id', 'Add Case Information', 'A Case Information of "First Name_82 Last Name_82" was added', 00000000001, 'insert', '2017-12-14 11:27:10', 'active'),
(00000000085, '72', 'inmate_case_info', 'id', 'Add Case Information', 'A Case Information of "First Name_83 Last Name_83" was added', 00000000001, 'insert', '2017-12-14 11:27:19', 'active'),
(00000000086, '73', 'inmate_case_info', 'id', 'Add Case Information', 'A Case Information of "First Name_84 Last Name_84" was added', 00000000001, 'insert', '2017-12-14 11:27:28', 'active'),
(00000000087, '74', 'inmate_case_info', 'id', 'Add Case Information', 'A Case Information of "First Name_85 Last Name_85" was added', 00000000001, 'insert', '2017-12-14 11:27:37', 'active'),
(00000000088, '75', 'inmate_case_info', 'id', 'Add Case Information', 'A Case Information of "First Name_86 Last Name_86" was added', 00000000001, 'insert', '2017-12-14 11:27:46', 'active'),
(00000000089, '76', 'inmate_case_info', 'id', 'Add Case Information', 'A Case Information of "First Name_87 Last Name_87" was added', 00000000001, 'insert', '2017-12-14 11:27:55', 'active'),
(00000000090, '77', 'inmate_case_info', 'id', 'Add Case Information', 'A Case Information of "First Name_88 Last Name_88" was added', 00000000001, 'insert', '2017-12-14 11:28:04', 'active'),
(00000000091, '78', 'inmate_case_info', 'id', 'Add Case Information', 'A Case Information of "First Name_89 Last Name_89" was added', 00000000001, 'insert', '2017-12-14 11:28:14', 'active'),
(00000000092, '79', 'inmate_case_info', 'id', 'Add Case Information', 'A Case Information of "First Name_90 Last Name_90" was added', 00000000001, 'insert', '2017-12-14 11:28:24', 'active'),
(00000000093, '80', 'inmate_case_info', 'id', 'Add Case Information', 'A Case Information of "First Name_91 Last Name_91" was added', 00000000001, 'insert', '2017-12-14 11:28:33', 'active'),
(00000000094, '81', 'inmate_case_info', 'id', 'Add Case Information', 'A Case Information of "First Name_92 Last Name_92" was added', 00000000001, 'insert', '2017-12-14 11:28:42', 'active'),
(00000000095, '82', 'inmate_case_info', 'id', 'Add Case Information', 'A Case Information of "First Name_93 Last Name_93" was added', 00000000001, 'insert', '2017-12-14 11:28:51', 'active'),
(00000000096, '83', 'inmate_case_info', 'id', 'Add Case Information', 'A Case Information of "First Name_94 Last Name_94" was added', 00000000001, 'insert', '2017-12-14 11:29:02', 'active'),
(00000000097, '84', 'inmate_case_info', 'id', 'Add Case Information', 'A Case Information of "First Name_95 Last Name_95" was added', 00000000001, 'insert', '2017-12-14 11:29:10', 'active'),
(00000000098, '85', 'inmate_case_info', 'id', 'Add Case Information', 'A Case Information of "First Name_96 Last Name_96" was added', 00000000001, 'insert', '2017-12-14 11:29:19', 'active'),
(00000000099, '86', 'inmate_case_info', 'id', 'Add Case Information', 'A Case Information of "First Name_97 Last Name_97" was added', 00000000001, 'insert', '2017-12-14 11:29:28', 'active'),
(00000000100, '87', 'inmate_case_info', 'id', 'Add Case Information', 'A Case Information of "First Name_98 Last Name_98" was added', 00000000001, 'insert', '2017-12-14 11:29:37', 'active'),
(00000000101, '88', 'inmate_case_info', 'id', 'Add Case Information', 'A Case Information of "First Name_99 Last Name_99" was added', 00000000001, 'insert', '2017-12-14 11:29:46', 'active'),
(00000000102, '89', 'inmate_case_info', 'id', 'Add Case Information', 'A Case Information of "First Name_100 Last Name_100" was added', 00000000001, 'insert', '2017-12-14 11:29:54', 'active'),
(00000000103, '90', 'inmate_case_info', 'id', 'Add Case Information', 'A Case Information of "First Name_101 Last Name_101" was added', 00000000001, 'insert', '2017-12-14 11:30:04', 'active'),
(00000000104, '91', 'inmate_case_info', 'id', 'Add Case Information', 'A Case Information of "First Name_102 Last Name_102" was added', 00000000001, 'insert', '2017-12-14 11:30:12', 'active'),
(00000000105, '92', 'inmate_case_info', 'id', 'Add Case Information', 'A Case Information of "First Name_103 Last Name_103" was added', 00000000001, 'insert', '2017-12-14 11:30:21', 'active'),
(00000000106, '93', 'inmate_case_info', 'id', 'Add Case Information', 'A Case Information of "First Name_104 Last Name_104" was added', 00000000001, 'insert', '2017-12-14 11:30:29', 'active'),
(00000000107, '94', 'inmate_case_info', 'id', 'Add Case Information', 'A Case Information of "First Name_105 Last Name_105" was added', 00000000001, 'insert', '2017-12-14 11:30:38', 'active'),
(00000000108, '95', 'inmate_case_info', 'id', 'Add Case Information', 'A Case Information of "First Name_106 Last Name_106" was added', 00000000001, 'insert', '2017-12-14 11:30:46', 'active'),
(00000000109, '96', 'inmate_case_info', 'id', 'Add Case Information', 'A Case Information of "First Name_107 Last Name_107" was added', 00000000001, 'insert', '2017-12-14 11:30:55', 'active'),
(00000000110, '97', 'inmate_case_info', 'id', 'Add Case Information', 'A Case Information of "First Name_108 Last Name_108" was added', 00000000001, 'insert', '2017-12-14 11:31:04', 'active'),
(00000000111, '98', 'inmate_case_info', 'id', 'Add Case Information', 'A Case Information of "First Name_109 Last Name_109" was added', 00000000001, 'insert', '2017-12-14 11:31:12', 'active'),
(00000000112, '99', 'inmate_case_info', 'id', 'Add Case Information', 'A Case Information of "First Name_110 Last Name_110" was added', 00000000001, 'insert', '2017-12-14 11:31:21', 'active'),
(00000000113, '100', 'inmate_case_info', 'id', 'Add Case Information', 'A Case Information of "First Name_111 Last Name_111" was added', 00000000001, 'insert', '2017-12-14 11:31:30', 'active'),
(00000000114, '101', 'inmate_case_info', 'id', 'Add Case Information', 'A Case Information of "First Name_112 Last Name_112" was added', 00000000001, 'insert', '2017-12-14 11:31:38', 'active'),
(00000000115, '102', 'inmate_case_info', 'id', 'Add Case Information', 'A Case Information of "First Name_113 Last Name_113" was added', 00000000001, 'insert', '2017-12-14 11:31:47', 'active'),
(00000000116, '103', 'inmate_case_info', 'id', 'Add Case Information', 'A Case Information of "First Name_114 Last Name_114" was added', 00000000001, 'insert', '2017-12-14 11:31:56', 'active'),
(00000000117, '104', 'inmate_case_info', 'id', 'Add Case Information', 'A Case Information of "First Name_115 Last Name_115" was added', 00000000001, 'insert', '2017-12-14 11:32:04', 'active'),
(00000000118, '105', 'inmate_case_info', 'id', 'Add Case Information', 'A Case Information of "First Name_116 Last Name_116" was added', 00000000001, 'insert', '2017-12-14 11:32:12', 'active'),
(00000000119, '106', 'inmate_case_info', 'id', 'Add Case Information', 'A Case Information of "First Name_117 Last Name_117" was added', 00000000001, 'insert', '2017-12-14 11:32:21', 'active'),
(00000000120, '107', 'inmate_case_info', 'id', 'Add Case Information', 'A Case Information of "First Name_118 Last Name_118" was added', 00000000001, 'insert', '2017-12-14 11:32:31', 'active'),
(00000000121, '108', 'inmate_case_info', 'id', 'Add Case Information', 'A Case Information of "First Name_119 Last Name_119" was added', 00000000001, 'insert', '2017-12-14 11:32:38', 'active'),
(00000000122, '109', 'inmate_case_info', 'id', 'Add Case Information', 'A Case Information of "First Name_120 Last Name_120" was added', 00000000001, 'insert', '2017-12-14 11:32:47', 'active'),
(00000000123, '110', 'inmate_case_info', 'id', 'Add Case Information', 'A Case Information of "First Name_121 Last Name_121" was added', 00000000001, 'insert', '2017-12-14 11:32:56', 'active'),
(00000000124, '111', 'inmate_case_info', 'id', 'Add Case Information', 'A Case Information of "First Name_122 Last Name_122" was added', 00000000001, 'insert', '2017-12-14 11:33:05', 'active'),
(00000000125, '112', 'inmate_case_info', 'id', 'Add Case Information', 'A Case Information of "First Name_123 Last Name_123" was added', 00000000001, 'insert', '2017-12-14 11:33:13', 'active'),
(00000000126, '113', 'inmate_case_info', 'id', 'Add Case Information', 'A Case Information of "First Name_124 Last Name_124" was added', 00000000001, 'insert', '2017-12-14 11:33:21', 'active'),
(00000000127, '114', 'inmate_case_info', 'id', 'Add Case Information', 'A Case Information of "First Name_125 Last Name_125" was added', 00000000001, 'insert', '2017-12-14 11:33:29', 'active'),
(00000000128, '115', 'inmate_case_info', 'id', 'Add Case Information', 'A Case Information of "First Name_126 Last Name_126" was added', 00000000001, 'insert', '2017-12-14 11:33:38', 'active'),
(00000000129, '116', 'inmate_case_info', 'id', 'Add Case Information', 'A Case Information of "First Name_127 Last Name_127" was added', 00000000001, 'insert', '2017-12-14 11:33:46', 'active'),
(00000000130, '117', 'inmate_case_info', 'id', 'Add Case Information', 'A Case Information of "First Name_128 Last Name_128" was added', 00000000001, 'insert', '2017-12-14 11:33:54', 'active'),
(00000000131, '118', 'inmate_case_info', 'id', 'Add Case Information', 'A Case Information of "First Name_129 Last Name_129" was added', 00000000001, 'insert', '2017-12-14 11:34:03', 'active'),
(00000000132, '119', 'inmate_case_info', 'id', 'Add Case Information', 'A Case Information of "First Name_130 Last Name_130" was added', 00000000001, 'insert', '2017-12-14 11:34:11', 'active'),
(00000000133, '120', 'inmate_case_info', 'id', 'Add Case Information', 'A Case Information of "First Name_131 Last Name_131" was added', 00000000001, 'insert', '2017-12-14 11:34:19', 'active'),
(00000000134, '121', 'inmate_case_info', 'id', 'Add Case Information', 'A Case Information of "First Name_132 Last Name_132" was added', 00000000001, 'insert', '2017-12-14 11:34:26', 'active'),
(00000000135, '122', 'inmate_case_info', 'id', 'Add Case Information', 'A Case Information of "First Name_133 Last Name_133" was added', 00000000001, 'insert', '2017-12-14 11:34:35', 'active'),
(00000000136, '123', 'inmate_case_info', 'id', 'Add Case Information', 'A Case Information of "First Name_134 Last Name_134" was added', 00000000001, 'insert', '2017-12-14 11:34:43', 'active'),
(00000000137, '124', 'inmate_case_info', 'id', 'Add Case Information', 'A Case Information of "First Name_135 Last Name_135" was added', 00000000001, 'insert', '2017-12-14 11:34:52', 'active'),
(00000000138, '125', 'inmate_case_info', 'id', 'Add Case Information', 'A Case Information of "First Name_136 Last Name_136" was added', 00000000001, 'insert', '2017-12-14 11:35:00', 'active'),
(00000000139, '126', 'inmate_case_info', 'id', 'Add Case Information', 'A Case Information of "First Name_137 Last Name_137" was added', 00000000001, 'insert', '2017-12-14 11:35:09', 'active'),
(00000000140, '127', 'inmate_case_info', 'id', 'Add Case Information', 'A Case Information of "First Name_138 Last Name_138" was added', 00000000001, 'insert', '2017-12-14 11:35:18', 'active'),
(00000000141, '128', 'inmate_case_info', 'id', 'Add Case Information', 'A Case Information of "First Name_139 Last Name_139" was added', 00000000001, 'insert', '2017-12-14 11:35:25', 'active'),
(00000000142, '129', 'inmate_case_info', 'id', 'Add Case Information', 'A Case Information of "First Name_140 Last Name_140" was added', 00000000001, 'insert', '2017-12-14 11:35:35', 'active'),
(00000000143, '129', 'cs_cases', 'id', 'Add New Case', 'Case # 5780100 - 1 Year 1 (asdasd) was added to Inmate ID : 5500100', 00000000001, 'add', '0000-00-00 00:00:00', 'active'),
(00000000144, '130', 'inmate_case_info', 'id', 'Add Case Information', 'A Case Information of "First Name_22 Last Name_22" was added', 00000000001, 'insert', '2017-12-17 05:50:18', 'active'),
(00000000145, '131', 'inmate_case_info', 'id', 'Add Case Information', 'A Case Information of "First Name_22 Last Name_22" was added', 00000000001, 'insert', '2017-12-17 05:54:34', 'active'),
(00000000146, '132', 'inmate_case_info', 'id', 'Add Case Information', 'A Case Information of "First Name_22 Last Name_22" was added', 00000000001, 'insert', '2017-12-17 05:55:15', 'active'),
(00000000147, '133', 'inmate_case_info', 'id', 'Add Case Information', 'A Case Information of "First Name_22 Last Name_22" was added', 00000000001, 'insert', '2017-12-17 05:56:23', 'active'),
(00000000148, '134', 'inmate_case_info', 'id', 'Add Case Information', 'A Case Information of "First Name_503 Last Name_503" was added', 00000000001, 'insert', '2017-12-17 05:57:04', 'active'),
(00000000149, '135', 'inmate_case_info', 'id', 'Add Case Information', 'A Case Information of "First Name_503 Last Name_503" was added', 00000000001, 'insert', '2017-12-17 05:59:46', 'active'),
(00000000150, '5500100', 'inmate', 'inmate_id', 'Edit Inmate Information Step 1 ', 'Inmate Information of "First Name_100 Last Name_100" was updated', 00000000001, 'update', '2017-12-17 06:00:30', 'active'),
(00000000151, '5500100', 'inmate', 'inmate_id', 'Edit Inmate Information Step 2 ', 'Inmate Information of "First Name_100 Last Name_100" was updated', 00000000001, 'update', '2017-12-17 06:03:04', 'active'),
(00000000152, '5500100', 'inmate', 'inmate_id', 'Edit Inmate Information Step 3 ', 'Inmate Information of "First Name_100 Last Name_100" was updated', 00000000001, 'update', '2017-12-17 06:03:07', 'active'),
(00000000153, '5500100', 'inmate', 'inmate_id', 'Edit Inmate Information Step 3 ', 'Inmate Information of "First Name_100 Last Name_100" was updated', 00000000001, 'update', '2017-12-17 06:03:07', 'active'),
(00000000154, '136', 'inmate_case_info', 'id', 'Add Case Information', 'A Case Information of "First Name_100 Last Name_100" was added', 00000000001, 'insert', '2017-12-17 06:04:05', 'active'),
(00000000155, '137', 'inmate_case_info', 'id', 'Add Case Information', 'A Case Information of "First Name_503 Last Name_503" was added', 00000000001, 'insert', '2017-12-17 06:04:42', 'active'),
(00000000156, '138', 'inmate_case_info', 'id', 'Add Case Information', 'A Case Information of "First Name_503 Last Name_503" was added', 00000000001, 'insert', '2017-12-17 06:04:49', 'active'),
(00000000157, '139', 'inmate_case_info', 'id', 'Add Case Information', 'A Case Information of "First Name_503 Last Name_503" was added', 00000000001, 'insert', '2017-12-17 06:06:42', 'active'),
(00000000158, '140', 'inmate_case_info', 'id', 'Add Case Information', 'A Case Information of "First Name_503 Last Name_503" was added', 00000000001, 'insert', '2017-12-17 06:10:09', 'active'),
(00000000159, '51654654654567', 'inmate', 'inmate_id', 'Edit Inmate Information Step 1 ', 'Inmate Information of "Asd Gsa" was updated', 00000000001, 'update', '2017-12-17 06:10:59', 'active'),
(00000000160, '51654654654567', 'inmate', 'inmate_id', 'Edit Inmate Information Step 2 ', 'Inmate Information of "Asd Gsa" was updated', 00000000001, 'update', '2017-12-17 06:11:05', 'active'),
(00000000161, '51654654654567', 'inmate', 'inmate_id', 'Edit Inmate Information Step 3 ', 'Inmate Information of "Asd Gsa" was updated', 00000000001, 'update', '2017-12-17 06:11:07', 'active'),
(00000000162, '51654654654567', 'inmate', 'inmate_id', 'Edit Inmate Information Step 3 ', 'Inmate Information of "Asd Gsa" was updated', 00000000001, 'update', '2017-12-17 06:11:07', 'active'),
(00000000163, '125', 'inmate', 'inmate_id', 'Edit Inmate Information Step 1 ', 'Inmate Information of "Asd Gsa" was updated', 00000000001, 'update', '2017-12-17 06:12:05', 'active'),
(00000000164, '125', 'inmate', 'inmate_id', 'Edit Inmate Information Step 2 ', 'Inmate Information of "Asd Gsa" was updated', 00000000001, 'update', '2017-12-17 06:12:17', 'active'),
(00000000165, '125', 'inmate', 'inmate_id', 'Edit Inmate Information Step 3 ', 'Inmate Information of "Asd Gsa" was updated', 00000000001, 'update', '2017-12-17 06:12:19', 'active'),
(00000000166, '125', 'inmate', 'inmate_id', 'Edit Inmate Information Step 3 ', 'Inmate Information of "Asd Gsa" was updated', 00000000001, 'update', '2017-12-17 06:12:19', 'active'),
(00000000167, '125', 'inmate', 'inmate_id', 'Edit Inmate Information Step 1 ', 'Inmate Information of "Asd Gsa" was updated', 00000000001, 'update', '2017-12-17 06:13:47', 'active'),
(00000000168, '125', 'inmate', 'inmate_id', 'Edit Inmate Information Step 2 ', 'Inmate Information of "Asd Gsa" was updated', 00000000001, 'update', '2017-12-17 06:13:49', 'active'),
(00000000169, '125', 'inmate', 'inmate_id', 'Edit Inmate Information Step 3 ', 'Inmate Information of "Asd Gsa" was updated', 00000000001, 'update', '2017-12-17 06:13:50', 'active'),
(00000000170, '125', 'inmate', 'inmate_id', 'Edit Inmate Information Step 3 ', 'Inmate Information of "Asd Gsa" was updated', 00000000001, 'update', '2017-12-17 06:13:50', 'active'),
(00000000171, '456123789', 'inmate', 'inmate_id', 'Edit Inmate Information Step 1 ', 'Inmate Information of "Asd Gsa" was updated', 00000000001, 'update', '2017-12-17 06:14:32', 'active'),
(00000000172, '456123789', 'inmate', 'inmate_id', 'Edit Inmate Information Step 2 ', 'Inmate Information of "Asd Gsa" was updated', 00000000001, 'update', '2017-12-17 06:15:24', 'active'),
(00000000173, '456123789', 'inmate', 'inmate_id', 'Edit Inmate Information Step 3 ', 'Inmate Information of "Asd Gsa" was updated', 00000000001, 'update', '2017-12-17 06:15:26', 'active'),
(00000000174, '456123789', 'inmate', 'inmate_id', 'Edit Inmate Information Step 3 ', 'Inmate Information of "Asd Gsa" was updated', 00000000001, 'update', '2017-12-17 06:15:26', 'active'),
(00000000175, '9874651325946132456', 'inmate', 'inmate_id', 'Edit Inmate Information Step 1 ', 'Inmate Information of "Asd Gsa" was updated', 00000000001, 'update', '2017-12-17 06:17:14', 'active'),
(00000000176, '9874651325946132456', 'inmate', 'inmate_id', 'Edit Inmate Information Step 2 ', 'Inmate Information of "Asd Gsa" was updated', 00000000001, 'update', '2017-12-17 06:17:16', 'active'),
(00000000177, '9874651325946132456', 'inmate', 'inmate_id', 'Edit Inmate Information Step 3 ', 'Inmate Information of "Asd Gsa" was updated', 00000000001, 'update', '2017-12-17 06:17:19', 'active'),
(00000000178, '9874651325946132456', 'inmate', 'inmate_id', 'Edit Inmate Information Step 3 ', 'Inmate Information of "Asd Gsa" was updated', 00000000001, 'update', '2017-12-17 06:17:19', 'active'),
(00000000179, '5', 'cs_violations', 'id', 'Add Violation', 'Violation "Test Violation 2" was added', 00000000001, 'add', '2018-02-10 12:30:02', 'active'),
(00000000180, '141', 'inmate_case_info', 'id', 'Add Case Information', 'A Case Information of "First Name_22 Last Name_22" was added', 00000000001, 'insert', '2018-02-10 12:36:35', 'active'),
(00000000181, '142', 'inmate_case_info', 'id', 'Add Case Information', 'A Case Information of "First Name_503 Last Name_503" was added', 00000000001, 'insert', '2018-02-10 01:01:18', 'active'),
(00000000182, '143', 'cs_cases', 'id', 'Add New Case', 'Case # 762342 - 1 Year 1 (asdasd) was added to Inmate ID : 550010', 00000000001, 'add', '0000-00-00 00:00:00', 'active'),
(00000000183, '550010', 'inmate', 'inmate_id', 'Edit Inmate Information Step 1 ', 'Inmate Information of "First Name_10 Last Name_10" was updated', 00000000001, 'update', '2018-02-10 02:33:47', 'active'),
(00000000184, '143', 'inmate_case_info', 'id', 'Add Case Information', 'A Case Information of "Test Test" was added', 00000000001, 'insert', '2018-02-10 04:03:58', 'active'),
(00000000185, '144', 'inmate_case_info', 'id', 'Add Case Information', 'A Case Information of "Test TESTtest" was added', 00000000001, 'insert', '2018-02-10 04:35:14', 'active'),
(00000000186, '550010', 'inmate', 'inmate_id', 'Edit Inmate Information Step 2 ', 'Inmate Information of "First Name_10 Last Name_10" was updated', 00000000001, 'update', '2018-02-10 06:07:46', 'active'),
(00000000187, '550010', 'inmate', 'inmate_id', 'Edit Inmate Information Step 2 ', 'Inmate Information of "First Name_10 Last Name_10" was updated', 00000000001, 'update', '2018-02-10 06:08:18', 'active'),
(00000000188, '550010', 'inmate', 'inmate_id', 'Edit Inmate Information Step 2 ', 'Inmate Information of "First Name_10 Last Name_10" was updated', 00000000001, 'update', '2018-02-10 06:08:49', 'active'),
(00000000189, '550010', 'inmate', 'inmate_id', 'Edit Inmate Information Step 2 ', 'Inmate Information of "First Name_10 Last Name_10" was updated', 00000000001, 'update', '2018-02-10 06:11:24', 'active'),
(00000000190, '550010', 'inmate', 'inmate_id', 'Edit Inmate Information Step 2 ', 'Inmate Information of "First Name_10 Last Name_10" was updated', 00000000001, 'update', '2018-02-10 06:11:31', 'active'),
(00000000191, '550010', 'inmate', 'inmate_id', 'Edit Inmate Information Step 3 ', 'Inmate Information of "First Name_10 Last Name_10" was updated', 00000000001, 'update', '2018-02-10 06:11:49', 'active'),
(00000000192, '550010', 'inmate', 'inmate_id', 'Edit Inmate Information Step 3 ', 'Inmate Information of "First Name_10 Last Name_10" was updated', 00000000001, 'update', '2018-02-10 06:11:49', 'active'),
(00000000193, '145', 'inmate_case_info', 'id', 'Add Case Information', 'A Case Information of "Test Test" was added', 00000000001, 'insert', '2018-02-10 06:13:00', 'active'),
(00000000194, '8235', 'inmate', 'inmate_id', 'Edit Inmate Information Step 1 ', 'Inmate Information of "Test Test" was updated', 00000000001, 'update', '2018-02-10 06:14:32', 'active'),
(00000000195, '8235', 'inmate', 'inmate_id', 'Edit Inmate Information Step 1 ', 'Inmate Information of "Test Test" was updated', 00000000001, 'update', '2018-02-10 06:15:04', 'active'),
(00000000196, '8235', 'inmate', 'inmate_id', 'Edit Inmate Information Step 1 ', 'Inmate Information of "Test Test" was updated', 00000000001, 'update', '2018-02-10 06:15:11', 'active'),
(00000000197, '8235', 'inmate', 'inmate_id', 'Edit Inmate Information Step 2 ', 'Inmate Information of "Test Test" was updated', 00000000001, 'update', '2018-02-10 06:15:12', 'active'),
(00000000198, '8235', 'inmate', 'inmate_id', 'Edit Inmate Information Step 3 ', 'Inmate Information of "Test Test" was updated', 00000000001, 'update', '2018-02-10 06:15:15', 'active'),
(00000000199, '8235', 'inmate', 'inmate_id', 'Edit Inmate Information Step 3 ', 'Inmate Information of "Test Test" was updated', 00000000001, 'update', '2018-02-10 06:15:15', 'active'),
(00000000200, '8235', 'inmate', 'inmate_id', 'Edit Inmate Information Step 1 ', 'Inmate Information of "Test Test" was updated', 00000000001, 'update', '2018-02-10 06:17:19', 'active'),
(00000000201, '8235', 'inmate', 'inmate_id', 'Edit Inmate Information Step 1 ', 'Inmate Information of "Test Test" was updated', 00000000001, 'update', '2018-02-10 06:18:33', 'active'),
(00000000202, '8235', 'inmate', 'inmate_id', 'Edit Inmate Information Step 1 ', 'Inmate Information of "Test Test" was updated', 00000000001, 'update', '2018-02-10 06:19:41', 'active'),
(00000000203, '8235', 'inmate', 'inmate_id', 'Edit Inmate Information Step 1 ', 'Inmate Information of "Test Test" was updated', 00000000001, 'update', '2018-02-10 06:22:47', 'active'),
(00000000204, '8235', 'inmate', 'inmate_id', 'Edit Inmate Information Step 1 ', 'Inmate Information of "Test Test" was updated', 00000000001, 'update', '2018-02-10 06:24:15', 'active'),
(00000000205, '8235', 'inmate', 'inmate_id', 'Edit Inmate Information Step 1 ', 'Inmate Information of "Test Test" was updated', 00000000001, 'update', '2018-02-10 06:24:53', 'active'),
(00000000206, '8235', 'inmate', 'inmate_id', 'Edit Inmate Information Step 1 ', 'Inmate Information of "Test Test" was updated', 00000000001, 'update', '2018-02-10 06:25:16', 'active'),
(00000000207, '8235', 'inmate', 'inmate_id', 'Edit Inmate Information Step 1 ', 'Inmate Information of "Test Test" was updated', 00000000001, 'update', '2018-02-10 06:25:54', 'active'),
(00000000208, '8235', 'inmate', 'inmate_id', 'Edit Inmate Information Step 2 ', 'Inmate Information of "Test Test" was updated', 00000000001, 'update', '2018-02-10 06:25:57', 'active'),
(00000000209, '8235', 'inmate', 'inmate_id', 'Edit Inmate Information Step 3 ', 'Inmate Information of "Test Test" was updated', 00000000001, 'update', '2018-02-10 06:25:59', 'active'),
(00000000210, '8235', 'inmate', 'inmate_id', 'Edit Inmate Information Step 3 ', 'Inmate Information of "Test Test" was updated', 00000000001, 'update', '2018-02-10 06:25:59', 'active'),
(00000000211, '8235', 'inmate', 'inmate_id', 'Edit Inmate Information Step 1 ', 'Inmate Information of "Test Test" was updated', 00000000001, 'update', '2018-02-10 06:26:24', 'active'),
(00000000212, '8235', 'inmate', 'inmate_id', 'Edit Inmate Information Step 2 ', 'Inmate Information of "Test Test" was updated', 00000000001, 'update', '2018-02-10 06:26:32', 'active'),
(00000000213, '8235', 'inmate', 'inmate_id', 'Edit Inmate Information Step 3 ', 'Inmate Information of "Test Test" was updated', 00000000001, 'update', '2018-02-10 06:26:39', 'active'),
(00000000214, '8235', 'inmate', 'inmate_id', 'Edit Inmate Information Step 3 ', 'Inmate Information of "Test Test" was updated', 00000000001, 'update', '2018-02-10 06:26:39', 'active'),
(00000000215, '8235', 'inmate', 'inmate_id', 'Edit Inmate Information Step 1 ', 'Inmate Information of "Test Test" was updated', 00000000001, 'update', '2018-02-10 06:27:05', 'active'),
(00000000216, '8235', 'inmate', 'inmate_id', 'Edit Inmate Information Step 2 ', 'Inmate Information of "Test Test" was updated', 00000000001, 'update', '2018-02-10 06:27:18', 'active'),
(00000000217, '8235', 'inmate', 'inmate_id', 'Edit Inmate Information Step 3 ', 'Inmate Information of "Test Test" was updated', 00000000001, 'update', '2018-02-10 06:27:23', 'active'),
(00000000218, '8235', 'inmate', 'inmate_id', 'Edit Inmate Information Step 3 ', 'Inmate Information of "Test Test" was updated', 00000000001, 'update', '2018-02-10 06:27:23', 'active');

-- --------------------------------------------------------

--
-- Table structure for table `cs_reasons`
--

CREATE TABLE `cs_reasons` (
  `id` int(11) UNSIGNED ZEROFILL NOT NULL,
  `inmate_id` varchar(20) NOT NULL,
  `status` enum('Active') DEFAULT 'Active',
  `type` enum('Detainee','Convict','Probation','Pending') DEFAULT 'Pending',
  `start_date` datetime DEFAULT NULL,
  `release_date` datetime DEFAULT NULL,
  `number_of_years` float DEFAULT NULL,
  `number_of_months` float DEFAULT NULL,
  `number_of_days` float DEFAULT NULL,
  `court_order_number` varchar(255) NOT NULL,
  `is_read` int(2) NOT NULL,
  `created_on` int(11) UNSIGNED DEFAULT NULL,
  `modified_on` int(11) UNSIGNED DEFAULT NULL
) ENGINE=InnoDB DEFAULT CHARSET=latin1;

--
-- Dumping data for table `cs_reasons`
--

INSERT INTO `cs_reasons` (`id`, `inmate_id`, `status`, `type`, `start_date`, `release_date`, `number_of_years`, `number_of_months`, `number_of_days`, `court_order_number`, `is_read`, `created_on`, `modified_on`) VALUES
(00000000001, '9874651325946132456', 'Active', 'Detainee', '2017-12-21 00:00:00', '0000-00-00 00:00:00', 0, NULL, NULL, '', 0, 1513254869, NULL),
(00000000002, '9874651325946132456', 'Active', 'Detainee', '2017-12-28 00:00:00', '0000-00-00 00:00:00', 0, NULL, NULL, '', 0, 1513258268, NULL),
(00000000003, '9874651325946132456', 'Active', 'Detainee', '2017-12-08 00:00:00', '0000-00-00 00:00:00', 0, NULL, NULL, '', 0, 1513258552, NULL),
(00000000004, '9874651325946132456', 'Active', 'Detainee', '2017-12-21 00:00:00', '0000-00-00 00:00:00', 0, NULL, NULL, '', 0, 1513258566, NULL),
(00000000005, '9874651325946132456', 'Active', 'Detainee', '2017-12-07 00:00:00', '0000-00-00 00:00:00', 0, NULL, NULL, '', 0, 1513258662, NULL),
(00000000006, '9874651325946132456', 'Active', 'Detainee', '2017-12-21 00:00:00', '0000-00-00 00:00:00', 0, NULL, NULL, '', 0, 1513258763, NULL),
(00000000007, '5500501', 'Active', 'Detainee', '2017-12-04 00:00:00', '0000-00-00 00:00:00', 0, NULL, NULL, '', 0, 1513264461, NULL),
(00000000008, '5500502', 'Active', 'Detainee', '2017-12-04 00:00:00', '0000-00-00 00:00:00', 0, NULL, NULL, '', 0, 1513264472, NULL),
(00000000009, '55002', 'Active', 'Detainee', '2017-12-04 00:00:00', '0000-00-00 00:00:00', 0, NULL, NULL, '', 0, 1513264546, NULL),
(00000000010, '55003', 'Active', 'Detainee', '2017-12-04 00:00:00', '0000-00-00 00:00:00', 0, NULL, NULL, '', 0, 1513264558, NULL),
(00000000011, '55004', 'Active', 'Detainee', '2017-12-04 00:00:00', '0000-00-00 00:00:00', 0, NULL, NULL, '', 0, 1513264568, NULL),
(00000000012, '55005', 'Active', 'Detainee', '2017-12-04 00:00:00', '0000-00-00 00:00:00', 0, NULL, NULL, '', 0, 1513264579, NULL),
(00000000013, '55006', 'Active', 'Detainee', '2017-12-04 00:00:00', '0000-00-00 00:00:00', 0, NULL, NULL, '', 0, 1513264588, NULL),
(00000000014, '55007', 'Active', 'Detainee', '2017-12-04 00:00:00', '0000-00-00 00:00:00', 0, NULL, NULL, '', 0, 1513264598, NULL),
(00000000015, '55008', 'Active', 'Detainee', '2017-12-04 00:00:00', '0000-00-00 00:00:00', 0, NULL, NULL, '', 0, 1513264608, NULL),
(00000000016, '55009', 'Active', 'Detainee', '2017-12-04 00:00:00', '0000-00-00 00:00:00', 0, NULL, NULL, '', 0, 1513264616, NULL),
(00000000017, '550010', 'Active', 'Detainee', '2017-12-04 00:00:00', '0000-00-00 00:00:00', 0, NULL, NULL, '', 0, 1513264626, NULL),
(00000000018, '550011', 'Active', 'Detainee', '2017-12-04 00:00:00', '0000-00-00 00:00:00', 0, NULL, NULL, '', 0, 1513264670, NULL),
(00000000019, '550012', 'Active', 'Detainee', '2017-12-04 00:00:00', '0000-00-00 00:00:00', 0, NULL, NULL, '', 0, 1513264682, NULL),
(00000000020, '550013', 'Active', 'Detainee', '2017-12-04 00:00:00', '0000-00-00 00:00:00', 0, NULL, NULL, '', 0, 1513264698, NULL),
(00000000021, '550014', 'Active', 'Detainee', '2017-12-04 00:00:00', '0000-00-00 00:00:00', 0, NULL, NULL, '', 0, 1513264709, NULL),
(00000000022, '550015', 'Active', 'Detainee', '2017-12-04 00:00:00', '0000-00-00 00:00:00', 0, NULL, NULL, '', 0, 1513264721, NULL),
(00000000023, '550016', 'Active', 'Detainee', '2017-12-04 00:00:00', '0000-00-00 00:00:00', 0, NULL, NULL, '', 0, 1513264732, NULL),
(00000000024, '550017', 'Active', 'Detainee', '2017-12-04 00:00:00', '0000-00-00 00:00:00', 0, NULL, NULL, '', 0, 1513264743, NULL),
(00000000025, '550018', 'Active', 'Detainee', '2017-12-04 00:00:00', '0000-00-00 00:00:00', 0, NULL, NULL, '', 0, 1513264753, NULL),
(00000000026, '550019', 'Active', 'Detainee', '2017-12-04 00:00:00', '0000-00-00 00:00:00', 0, NULL, NULL, '', 0, 1513264763, NULL),
(00000000027, '550020', 'Active', 'Detainee', '2017-12-04 00:00:00', '0000-00-00 00:00:00', 0, NULL, NULL, '', 0, 1513264773, NULL),
(00000000028, '550021', 'Active', 'Detainee', '2017-12-04 00:00:00', '0000-00-00 00:00:00', 0, NULL, NULL, '', 0, 1513264782, NULL),
(00000000029, '550041', 'Active', 'Detainee', '2017-12-04 00:00:00', '0000-00-00 00:00:00', 0, NULL, NULL, '', 0, 1513264850, NULL),
(00000000030, '550042', 'Active', 'Detainee', '2017-12-04 00:00:00', '0000-00-00 00:00:00', 0, NULL, NULL, '', 0, 1513264863, NULL),
(00000000031, '550043', 'Active', 'Detainee', '2017-12-04 00:00:00', '0000-00-00 00:00:00', 0, NULL, NULL, '', 0, 1513264874, NULL),
(00000000032, '550044', 'Active', 'Detainee', '2017-12-04 00:00:00', '0000-00-00 00:00:00', 0, NULL, NULL, '', 0, 1513264883, NULL),
(00000000033, '550045', 'Active', 'Detainee', '2017-12-04 00:00:00', '0000-00-00 00:00:00', 0, NULL, NULL, '', 0, 1513264894, NULL),
(00000000034, '550046', 'Active', 'Detainee', '2017-12-04 00:00:00', '0000-00-00 00:00:00', 0, NULL, NULL, '', 0, 1513264903, NULL),
(00000000035, '550047', 'Active', 'Detainee', '2017-12-04 00:00:00', '0000-00-00 00:00:00', 0, NULL, NULL, '', 0, 1513264912, NULL),
(00000000036, '550048', 'Active', 'Detainee', '2017-12-04 00:00:00', '0000-00-00 00:00:00', 0, NULL, NULL, '', 0, 1513264922, NULL),
(00000000037, '550049', 'Active', 'Detainee', '2017-12-04 00:00:00', '0000-00-00 00:00:00', 0, NULL, NULL, '', 0, 1513264931, NULL),
(00000000038, '550050', 'Active', 'Detainee', '2017-12-04 00:00:00', '0000-00-00 00:00:00', 0, NULL, NULL, '', 0, 1513264939, NULL),
(00000000039, '550051', 'Active', 'Detainee', '2017-12-04 00:00:00', '0000-00-00 00:00:00', 0, NULL, NULL, '', 0, 1513264949, NULL),
(00000000040, '550052', 'Active', 'Detainee', '2017-12-04 00:00:00', '0000-00-00 00:00:00', 0, NULL, NULL, '', 0, 1513264958, NULL),
(00000000041, '550053', 'Active', 'Detainee', '2017-12-04 00:00:00', '0000-00-00 00:00:00', 0, NULL, NULL, '', 0, 1513264967, NULL),
(00000000042, '550054', 'Active', 'Detainee', '2017-12-04 00:00:00', '0000-00-00 00:00:00', 0, NULL, NULL, '', 0, 1513264977, NULL),
(00000000043, '550055', 'Active', 'Detainee', '2017-12-04 00:00:00', '0000-00-00 00:00:00', 0, NULL, NULL, '', 0, 1513264987, NULL),
(00000000044, '550056', 'Active', 'Detainee', '2017-12-04 00:00:00', '0000-00-00 00:00:00', 0, NULL, NULL, '', 0, 1513264996, NULL),
(00000000045, '550057', 'Active', 'Detainee', '2017-12-04 00:00:00', '0000-00-00 00:00:00', 0, NULL, NULL, '', 0, 1513265005, NULL),
(00000000046, '550058', 'Active', 'Detainee', '2017-12-04 00:00:00', '0000-00-00 00:00:00', 0, NULL, NULL, '', 0, 1513265015, NULL),
(00000000047, '550059', 'Active', 'Detainee', '2017-12-04 00:00:00', '0000-00-00 00:00:00', 0, NULL, NULL, '', 0, 1513265024, NULL),
(00000000048, '550060', 'Active', 'Detainee', '2017-12-04 00:00:00', '0000-00-00 00:00:00', 0, NULL, NULL, '', 0, 1513265034, NULL),
(00000000049, '550061', 'Active', 'Detainee', '2017-12-04 00:00:00', '0000-00-00 00:00:00', 0, NULL, NULL, '', 0, 1513265043, NULL),
(00000000050, '550062', 'Active', 'Detainee', '2017-12-04 00:00:00', '0000-00-00 00:00:00', 0, NULL, NULL, '', 0, 1513265051, NULL),
(00000000051, '550063', 'Active', 'Detainee', '2017-12-04 00:00:00', '0000-00-00 00:00:00', 0, NULL, NULL, '', 0, 1513265060, NULL),
(00000000052, '550064', 'Active', 'Detainee', '2017-12-04 00:00:00', '0000-00-00 00:00:00', 0, NULL, NULL, '', 0, 1513265070, NULL),
(00000000053, '550065', 'Active', 'Detainee', '2017-12-04 00:00:00', '0000-00-00 00:00:00', 0, NULL, NULL, '', 0, 1513265079, NULL),
(00000000054, '550066', 'Active', 'Detainee', '2017-12-04 00:00:00', '0000-00-00 00:00:00', 0, NULL, NULL, '', 0, 1513265088, NULL),
(00000000055, '550067', 'Active', 'Detainee', '2017-12-04 00:00:00', '0000-00-00 00:00:00', 0, NULL, NULL, '', 0, 1513265098, NULL),
(00000000056, '550068', 'Active', 'Detainee', '2017-12-04 00:00:00', '0000-00-00 00:00:00', 0, NULL, NULL, '', 0, 1513265107, NULL),
(00000000057, '550069', 'Active', 'Detainee', '2017-12-04 00:00:00', '0000-00-00 00:00:00', 0, NULL, NULL, '', 0, 1513265115, NULL),
(00000000058, '550070', 'Active', 'Detainee', '2017-12-04 00:00:00', '0000-00-00 00:00:00', 0, NULL, NULL, '', 0, 1513265124, NULL),
(00000000059, '550071', 'Active', 'Detainee', '2017-12-04 00:00:00', '0000-00-00 00:00:00', 0, NULL, NULL, '', 0, 1513265132, NULL),
(00000000060, '550072', 'Active', 'Detainee', '2017-12-04 00:00:00', '0000-00-00 00:00:00', 0, NULL, NULL, '', 0, 1513265141, NULL),
(00000000061, '550073', 'Active', 'Detainee', '2017-12-04 00:00:00', '0000-00-00 00:00:00', 0, NULL, NULL, '', 0, 1513265150, NULL),
(00000000062, '550074', 'Active', 'Detainee', '2017-12-04 00:00:00', '0000-00-00 00:00:00', 0, NULL, NULL, '', 0, 1513265159, NULL),
(00000000063, '550075', 'Active', 'Detainee', '2017-12-04 00:00:00', '0000-00-00 00:00:00', 0, NULL, NULL, '', 0, 1513265168, NULL),
(00000000064, '550076', 'Active', 'Detainee', '2017-12-04 00:00:00', '0000-00-00 00:00:00', 0, NULL, NULL, '', 0, 1513265177, NULL),
(00000000065, '550077', 'Active', 'Detainee', '2017-12-04 00:00:00', '0000-00-00 00:00:00', 0, NULL, NULL, '', 0, 1513265185, NULL),
(00000000066, '550078', 'Active', 'Detainee', '2017-12-04 00:00:00', '0000-00-00 00:00:00', 0, NULL, NULL, '', 0, 1513265193, NULL),
(00000000067, '550079', 'Active', 'Detainee', '2017-12-04 00:00:00', '0000-00-00 00:00:00', 0, NULL, NULL, '', 0, 1513265202, NULL),
(00000000068, '550080', 'Active', 'Detainee', '2017-12-04 00:00:00', '0000-00-00 00:00:00', 0, NULL, NULL, '', 0, 1513265211, NULL),
(00000000069, '550081', 'Active', 'Detainee', '2017-12-04 00:00:00', '0000-00-00 00:00:00', 0, NULL, NULL, '', 0, 1513265219, NULL),
(00000000070, '550082', 'Active', 'Detainee', '2017-12-04 00:00:00', '0000-00-00 00:00:00', 0, NULL, NULL, '', 0, 1513265229, NULL),
(00000000071, '550083', 'Active', 'Detainee', '2017-12-04 00:00:00', '0000-00-00 00:00:00', 0, NULL, NULL, '', 0, 1513265238, NULL),
(00000000072, '550084', 'Active', 'Detainee', '2017-12-04 00:00:00', '0000-00-00 00:00:00', 0, NULL, NULL, '', 0, 1513265248, NULL),
(00000000073, '550085', 'Active', 'Detainee', '2017-12-04 00:00:00', '0000-00-00 00:00:00', 0, NULL, NULL, '', 0, 1513265257, NULL),
(00000000074, '550086', 'Active', 'Detainee', '2017-12-04 00:00:00', '0000-00-00 00:00:00', 0, NULL, NULL, '', 0, 1513265266, NULL),
(00000000075, '550087', 'Active', 'Detainee', '2017-12-04 00:00:00', '0000-00-00 00:00:00', 0, NULL, NULL, '', 0, 1513265275, NULL),
(00000000076, '550088', 'Active', 'Detainee', '2017-12-04 00:00:00', '0000-00-00 00:00:00', 0, NULL, NULL, '', 0, 1513265284, NULL),
(00000000077, '550089', 'Active', 'Detainee', '2017-12-04 00:00:00', '0000-00-00 00:00:00', 0, NULL, NULL, '', 0, 1513265294, NULL),
(00000000078, '550090', 'Active', 'Detainee', '2017-12-04 00:00:00', '0000-00-00 00:00:00', 0, NULL, NULL, '', 0, 1513265303, NULL),
(00000000079, '550091', 'Active', 'Detainee', '2017-12-04 00:00:00', '0000-00-00 00:00:00', 0, NULL, NULL, '', 0, 1513265313, NULL),
(00000000080, '550092', 'Active', 'Detainee', '2017-12-04 00:00:00', '0000-00-00 00:00:00', 0, NULL, NULL, '', 0, 1513265322, NULL),
(00000000081, '550093', 'Active', 'Detainee', '2017-12-04 00:00:00', '0000-00-00 00:00:00', 0, NULL, NULL, '', 0, 1513265330, NULL),
(00000000082, '550094', 'Active', 'Detainee', '2017-12-04 00:00:00', '0000-00-00 00:00:00', 0, NULL, NULL, '', 0, 1513265342, NULL),
(00000000083, '550095', 'Active', 'Detainee', '2017-12-04 00:00:00', '0000-00-00 00:00:00', 0, NULL, NULL, '', 0, 1513265350, NULL),
(00000000084, '550096', 'Active', 'Detainee', '2017-12-04 00:00:00', '0000-00-00 00:00:00', 0, NULL, NULL, '', 0, 1513265359, NULL),
(00000000085, '550097', 'Active', 'Detainee', '2017-12-04 00:00:00', '0000-00-00 00:00:00', 0, NULL, NULL, '', 0, 1513265368, NULL),
(00000000086, '550098', 'Active', 'Detainee', '2017-12-04 00:00:00', '0000-00-00 00:00:00', 0, NULL, NULL, '', 0, 1513265377, NULL),
(00000000087, '550099', 'Active', 'Detainee', '2017-12-04 00:00:00', '0000-00-00 00:00:00', 0, NULL, NULL, '', 0, 1513265385, NULL),
(00000000088, '5500100', 'Active', 'Detainee', '2017-12-04 00:00:00', '0000-00-00 00:00:00', 0, NULL, NULL, '', 0, 1513265394, NULL),
(00000000089, '5500101', 'Active', 'Detainee', '2017-12-04 00:00:00', '0000-00-00 00:00:00', 0, NULL, NULL, '', 0, 1513265403, NULL),
(00000000090, '5500102', 'Active', 'Detainee', '2017-12-04 00:00:00', '0000-00-00 00:00:00', 0, NULL, NULL, '', 0, 1513265412, NULL),
(00000000091, '5500103', 'Active', 'Detainee', '2017-12-04 00:00:00', '0000-00-00 00:00:00', 0, NULL, NULL, '', 0, 1513265421, NULL),
(00000000092, '5500104', 'Active', 'Detainee', '2017-12-04 00:00:00', '0000-00-00 00:00:00', 0, NULL, NULL, '', 0, 1513265429, NULL),
(00000000093, '5500105', 'Active', 'Detainee', '2017-12-04 00:00:00', '0000-00-00 00:00:00', 0, NULL, NULL, '', 0, 1513265438, NULL),
(00000000094, '5500106', 'Active', 'Detainee', '2017-12-04 00:00:00', '0000-00-00 00:00:00', 0, NULL, NULL, '', 0, 1513265446, NULL),
(00000000095, '5500107', 'Active', 'Detainee', '2017-12-04 00:00:00', '0000-00-00 00:00:00', 0, NULL, NULL, '', 0, 1513265455, NULL),
(00000000096, '5500108', 'Active', 'Detainee', '2017-12-04 00:00:00', '0000-00-00 00:00:00', 0, NULL, NULL, '', 0, 1513265464, NULL),
(00000000097, '5500109', 'Active', 'Detainee', '2017-12-04 00:00:00', '0000-00-00 00:00:00', 0, NULL, NULL, '', 0, 1513265472, NULL),
(00000000098, '5500110', 'Active', 'Detainee', '2017-12-04 00:00:00', '0000-00-00 00:00:00', 0, NULL, NULL, '', 0, 1513265481, NULL),
(00000000099, '5500111', 'Active', 'Detainee', '2017-12-04 00:00:00', '0000-00-00 00:00:00', 0, NULL, NULL, '', 0, 1513265490, NULL),
(00000000100, '5500112', 'Active', 'Detainee', '2017-12-04 00:00:00', '0000-00-00 00:00:00', 0, NULL, NULL, '', 0, 1513265498, NULL),
(00000000101, '5500113', 'Active', 'Detainee', '2017-12-04 00:00:00', '0000-00-00 00:00:00', 0, NULL, NULL, '', 0, 1513265506, NULL),
(00000000102, '5500114', 'Active', 'Detainee', '2017-12-04 00:00:00', '0000-00-00 00:00:00', 0, NULL, NULL, '', 0, 1513265516, NULL),
(00000000103, '5500115', 'Active', 'Detainee', '2017-12-04 00:00:00', '0000-00-00 00:00:00', 0, NULL, NULL, '', 0, 1513265524, NULL),
(00000000104, '5500116', 'Active', 'Detainee', '2017-12-04 00:00:00', '0000-00-00 00:00:00', 0, NULL, NULL, '', 0, 1513265532, NULL),
(00000000105, '5500117', 'Active', 'Detainee', '2017-12-04 00:00:00', '0000-00-00 00:00:00', 0, NULL, NULL, '', 0, 1513265541, NULL),
(00000000106, '5500118', 'Active', 'Detainee', '2017-12-04 00:00:00', '0000-00-00 00:00:00', 0, NULL, NULL, '', 0, 1513265550, NULL),
(00000000107, '5500119', 'Active', 'Detainee', '2017-12-04 00:00:00', '0000-00-00 00:00:00', 0, NULL, NULL, '', 0, 1513265558, NULL),
(00000000108, '5500120', 'Active', 'Detainee', '2017-12-04 00:00:00', '0000-00-00 00:00:00', 0, NULL, NULL, '', 0, 1513265567, NULL),
(00000000109, '5500121', 'Active', 'Detainee', '2017-12-04 00:00:00', '0000-00-00 00:00:00', 0, NULL, NULL, '', 0, 1513265576, NULL),
(00000000110, '5500122', 'Active', 'Detainee', '2017-12-04 00:00:00', '0000-00-00 00:00:00', 0, NULL, NULL, '', 0, 1513265585, NULL),
(00000000111, '5500123', 'Active', 'Detainee', '2017-12-04 00:00:00', '0000-00-00 00:00:00', 0, NULL, NULL, '', 0, 1513265593, NULL),
(00000000112, '5500124', 'Active', 'Detainee', '2017-12-04 00:00:00', '0000-00-00 00:00:00', 0, NULL, NULL, '', 0, 1513265601, NULL),
(00000000113, '5500125', 'Active', 'Detainee', '2017-12-04 00:00:00', '0000-00-00 00:00:00', 0, NULL, NULL, '', 0, 1513265609, NULL),
(00000000114, '5500126', 'Active', 'Detainee', '2017-12-04 00:00:00', '0000-00-00 00:00:00', 0, NULL, NULL, '', 0, 1513265618, NULL),
(00000000115, '5500127', 'Active', 'Detainee', '2017-12-04 00:00:00', '0000-00-00 00:00:00', 0, NULL, NULL, '', 0, 1513265626, NULL),
(00000000116, '5500128', 'Active', 'Detainee', '2017-12-04 00:00:00', '0000-00-00 00:00:00', 0, NULL, NULL, '', 0, 1513265634, NULL),
(00000000117, '5500129', 'Active', 'Detainee', '2017-12-04 00:00:00', '0000-00-00 00:00:00', 0, NULL, NULL, '', 0, 1513265642, NULL),
(00000000118, '5500130', 'Active', 'Detainee', '2017-12-04 00:00:00', '0000-00-00 00:00:00', 0, NULL, NULL, '', 0, 1513265651, NULL),
(00000000119, '5500131', 'Active', 'Detainee', '2017-12-04 00:00:00', '0000-00-00 00:00:00', 0, NULL, NULL, '', 0, 1513265658, NULL),
(00000000120, '5500132', 'Active', 'Detainee', '2017-12-04 00:00:00', '0000-00-00 00:00:00', 0, NULL, NULL, '', 0, 1513265666, NULL),
(00000000121, '5500133', 'Active', 'Detainee', '2017-12-04 00:00:00', '0000-00-00 00:00:00', 0, NULL, NULL, '', 0, 1513265675, NULL),
(00000000122, '5500134', 'Active', 'Detainee', '2017-12-04 00:00:00', '0000-00-00 00:00:00', 0, NULL, NULL, '', 0, 1513265683, NULL),
(00000000123, '5500135', 'Active', 'Detainee', '2017-12-04 00:00:00', '0000-00-00 00:00:00', 0, NULL, NULL, '', 0, 1513265691, NULL),
(00000000124, '5500136', 'Active', 'Detainee', '2017-12-04 00:00:00', '0000-00-00 00:00:00', 0, NULL, NULL, '', 0, 1513265700, NULL),
(00000000125, '5500137', 'Active', 'Detainee', '2017-12-04 00:00:00', '0000-00-00 00:00:00', 0, NULL, NULL, '', 0, 1513265709, NULL),
(00000000126, '5500138', 'Active', 'Detainee', '2017-12-04 00:00:00', '0000-00-00 00:00:00', 0, NULL, NULL, '', 0, 1513265717, NULL),
(00000000127, '5500139', 'Active', 'Detainee', '2017-12-04 00:00:00', '0000-00-00 00:00:00', 0, NULL, NULL, '', 0, 1513265725, NULL),
(00000000128, '5500140', 'Active', 'Detainee', '2017-12-04 00:00:00', '0000-00-00 00:00:00', 0, NULL, NULL, '', 0, 1513265735, NULL),
(00000000129, '550022', 'Active', 'Detainee', '2017-12-13 00:00:00', '0000-00-00 00:00:00', 0, NULL, NULL, '', 0, 1513504218, NULL),
(00000000130, '550022', 'Active', 'Detainee', '2017-12-27 00:00:00', '0000-00-00 00:00:00', 0, NULL, NULL, '', 0, 1513504474, NULL),
(00000000131, '550022', 'Active', 'Detainee', '2017-12-27 00:00:00', '0000-00-00 00:00:00', 0, NULL, NULL, '', 0, 1513504515, NULL),
(00000000132, '550022', 'Active', 'Detainee', '2017-12-27 00:00:00', '0000-00-00 00:00:00', 0, NULL, NULL, '', 0, 1513504583, NULL),
(00000000133, '5500503', 'Active', 'Detainee', '2017-12-21 00:00:00', '0000-00-00 00:00:00', 0, NULL, NULL, '', 0, 1513504624, NULL),
(00000000134, '5500503', 'Active', 'Detainee', '2017-12-21 00:00:00', '0000-00-00 00:00:00', 0, NULL, NULL, '', 0, 1513504786, NULL),
(00000000135, '5500100', 'Active', 'Detainee', '2017-12-13 00:00:00', '0000-00-00 00:00:00', 0, NULL, NULL, '', 0, 1513505045, NULL),
(00000000136, '5500503', 'Active', 'Detainee', '2017-12-08 00:00:00', '0000-00-00 00:00:00', 0, NULL, NULL, '', 0, 1513505082, NULL),
(00000000137, '5500503', 'Active', 'Detainee', '2017-12-13 00:00:00', '0000-00-00 00:00:00', 0, NULL, NULL, '', 0, 1513505089, NULL),
(00000000138, '5500503', 'Active', 'Detainee', '2017-12-07 00:00:00', '0000-00-00 00:00:00', 0, NULL, NULL, '', 0, 1513505202, NULL),
(00000000139, '5500503', 'Active', 'Detainee', '2017-12-27 00:00:00', '0000-00-00 00:00:00', 0, NULL, NULL, '', 0, 1513505409, NULL),
(00000000140, '550022', 'Active', 'Detainee', '2018-02-23 00:00:00', '0000-00-00 00:00:00', 0, NULL, NULL, '', 0, 1518237394, NULL),
(00000000141, '5500503', 'Active', 'Detainee', '2018-02-08 00:00:00', '0000-00-00 00:00:00', 0, NULL, NULL, '', 0, 1518238878, NULL),
(00000000142, '7624634', 'Active', 'Detainee', '2018-03-01 00:00:00', '0000-00-00 00:00:00', 0, NULL, NULL, '', 0, 1518249838, NULL),
(00000000143, 'test', 'Active', 'Detainee', '2018-02-15 00:00:00', '0000-00-00 00:00:00', 0, NULL, NULL, '', 0, 1518251714, NULL),
(00000000144, '8235', 'Active', 'Detainee', '2018-02-21 00:00:00', '0000-00-00 00:00:00', 0, NULL, NULL, '', 0, 1518257579, NULL);

-- --------------------------------------------------------

--
-- Table structure for table `cs_sessions`
--

CREATE TABLE `cs_sessions` (
  `session_id` varchar(40) NOT NULL DEFAULT '0',
  `ip_address` varchar(45) NOT NULL DEFAULT '0',
  `user_agent` varchar(120) NOT NULL,
  `last_activity` int(10) UNSIGNED NOT NULL DEFAULT '0',
  `user_data` text NOT NULL
) ENGINE=InnoDB DEFAULT CHARSET=latin1;

--
-- Dumping data for table `cs_sessions`
--

INSERT INTO `cs_sessions` (`session_id`, `ip_address`, `user_agent`, `last_activity`, `user_data`) VALUES
('855f04ada3f7f834fa7f701369cae878', '::1', 'Mozilla/5.0 (Windows NT 6.3; Win64; x64) AppleWebKit/537.36 (KHTML, like Gecko) Chrome/64.0.3282.119 Safari/537.36', 1518247652, 'a:5:{s:9:"user_data";s:0:"";s:12:"is_logged_in";b:1;s:9:"user_type";s:20:"Warden Administrator";s:7:"user_id";s:11:"00000000001";s:9:"logged_in";a:6:{s:8:"username";s:5:"admin";s:8:"password";s:128:"08f9ef3c42adfe2fbb0e979604c7eb30aa12705fac8b1a9ead899e67b46fd7348c0041721d2be1d64902b66535380e6ff68ee4ed1e9baebf7a7d3dc4285e5391";s:5:"fname";s:5:"CPDRC";s:5:"lname";s:13:"Administrator";s:4:"type";s:20:"Warden Administrator";s:7:"user_id";s:11:"00000000001";}}'),
('c6da3e28ec2995332217f4479f95d07d', '127.0.0.1', 'Mozilla/5.0 (Windows NT 6.3; Win64; x64; rv:58.0) Gecko/20100101 Firefox/58.0', 1518251006, 'a:5:{s:9:"user_data";s:0:"";s:12:"is_logged_in";b:1;s:9:"user_type";s:20:"Warden Administrator";s:7:"user_id";s:11:"00000000001";s:9:"logged_in";a:6:{s:8:"username";s:5:"admin";s:8:"password";s:128:"08f9ef3c42adfe2fbb0e979604c7eb30aa12705fac8b1a9ead899e67b46fd7348c0041721d2be1d64902b66535380e6ff68ee4ed1e9baebf7a7d3dc4285e5391";s:5:"fname";s:5:"CPDRC";s:5:"lname";s:13:"Administrator";s:4:"type";s:20:"Warden Administrator";s:7:"user_id";s:11:"00000000001";}}'),
('e9e1960f2146ecf5ff1bd5793a0adcb3', '::1', 'Mozilla/5.0 (Windows NT 10.0; Win64; x64) AppleWebKit/537.36 (KHTML, like Gecko) Chrome/63.0.3239.132 Safari/537.36', 1518252809, 'a:5:{s:9:"user_data";s:0:"";s:12:"is_logged_in";b:1;s:9:"user_type";s:20:"Warden Administrator";s:7:"user_id";s:11:"00000000001";s:9:"logged_in";a:6:{s:8:"username";s:5:"admin";s:8:"password";s:128:"08f9ef3c42adfe2fbb0e979604c7eb30aa12705fac8b1a9ead899e67b46fd7348c0041721d2be1d64902b66535380e6ff68ee4ed1e9baebf7a7d3dc4285e5391";s:5:"fname";s:5:"CPDRC";s:5:"lname";s:13:"Administrator";s:4:"type";s:20:"Warden Administrator";s:7:"user_id";s:11:"00000000001";}}');

-- --------------------------------------------------------

--
-- Table structure for table `cs_users`
--

CREATE TABLE `cs_users` (
  `id` int(11) UNSIGNED ZEROFILL NOT NULL,
  `email` varchar(254) NOT NULL,
  `first_name` varchar(50) NOT NULL,
  `middle_name` varchar(50) NOT NULL,
  `last_name` varchar(50) NOT NULL,
  `gender` varchar(10) NOT NULL,
  `birthday` date NOT NULL,
  `position` enum('judge','lawyer') NOT NULL DEFAULT 'judge',
  `photo` varchar(50) DEFAULT NULL,
  `status` varchar(15) NOT NULL,
  `last_activity` int(11) UNSIGNED DEFAULT NULL,
  `created_on` int(11) UNSIGNED DEFAULT NULL,
  `modified_on` int(11) UNSIGNED DEFAULT NULL,
  `deleted_on` int(11) UNSIGNED DEFAULT NULL
) ENGINE=InnoDB DEFAULT CHARSET=latin1;

-- --------------------------------------------------------

--
-- Table structure for table `cs_violations`
--

CREATE TABLE `cs_violations` (
  `id` int(11) UNSIGNED ZEROFILL NOT NULL,
  `violations_category_id` int(11) UNSIGNED ZEROFILL NOT NULL,
  `name` varchar(255) NOT NULL,
  `level` enum('1','2','3','4','5','lifetime','none') DEFAULT NULL,
  `description` text,
  `RepublicAct` varchar(255) DEFAULT NULL,
  `min_year` varchar(255) DEFAULT NULL,
  `max_year` varchar(255) DEFAULT NULL,
  `min_month` varchar(255) DEFAULT NULL,
  `max_month` varchar(255) DEFAULT NULL,
  `min_day` varchar(255) DEFAULT NULL,
  `max_day` varchar(255) DEFAULT NULL,
  `status` varchar(200) NOT NULL DEFAULT 'active',
  `created_on` int(11) UNSIGNED DEFAULT NULL,
  `modified_on` int(11) UNSIGNED DEFAULT NULL
) ENGINE=InnoDB DEFAULT CHARSET=latin1;

--
-- Dumping data for table `cs_violations`
--

INSERT INTO `cs_violations` (`id`, `violations_category_id`, `name`, `level`, `description`, `RepublicAct`, `min_year`, `max_year`, `min_month`, `max_month`, `min_day`, `max_day`, `status`, `created_on`, `modified_on`) VALUES
(00000000001, 00000000001, 'gsa', '1', 'sga', '123', '1', '1', '1', '1', '11', '1', 'deleted', 1511436650, NULL),
(00000000002, 00000000001, 'sga', '1', 'sga', 'asd', '1', '12', '', '3', '', '3', 'deleted', 1512022671, NULL),
(00000000003, 00000000002, '1 Year', '1', 'asdasdasd', 'asdasd', '', '1', '', '', '', '', 'active', 1512706995, NULL),
(00000000004, 00000000002, '5 year', '1', 'asd', 'asdas54', '1', '5', '', '', '', '', 'active', 1512707014, NULL),
(00000000005, 00000000002, 'Test Violation 2', '1', NULL, NULL, '1', '1', '1', '1', '1', '1', 'active', 1518237002, NULL);

-- --------------------------------------------------------

--
-- Table structure for table `cs_violations_categories`
--

CREATE TABLE `cs_violations_categories` (
  `id` int(11) UNSIGNED ZEROFILL NOT NULL,
  `name` varchar(255) NOT NULL,
  `description` text,
  `status` varchar(200) NOT NULL DEFAULT 'active',
  `created_on` int(11) UNSIGNED DEFAULT NULL,
  `modified_on` int(11) UNSIGNED DEFAULT NULL
) ENGINE=InnoDB DEFAULT CHARSET=latin1;

--
-- Dumping data for table `cs_violations_categories`
--

INSERT INTO `cs_violations_categories` (`id`, `name`, `description`, `status`, `created_on`, `modified_on`) VALUES
(00000000001, 'asd', 'asdasd', 'active', 1511436641, 1511436641),
(00000000002, 'as', 'safasfasfasfasf', 'active', 1512022657, 1512022657),
(00000000003, 'asdasd', 'asdasd', 'active', 1512022660, 1512022660);

-- --------------------------------------------------------

--
-- Table structure for table `editrequest`
--

CREATE TABLE `editrequest` (
  `editRequestID` int(11) NOT NULL,
  `requestedBy` int(11) NOT NULL,
  `inmateId` varchar(255) NOT NULL,
  `status` enum('pending','approved','rejected','finished') NOT NULL,
  `reason` varchar(250) NOT NULL,
  `judgedBy` int(11) NOT NULL,
  `addedOn` timestamp NOT NULL DEFAULT CURRENT_TIMESTAMP ON UPDATE CURRENT_TIMESTAMP,
  `isRead` tinyint(1) NOT NULL DEFAULT '1',
  `judgedOn` datetime NOT NULL
) ENGINE=InnoDB DEFAULT CHARSET=latin1;

--
-- Dumping data for table `editrequest`
--

INSERT INTO `editrequest` (`editRequestID`, `requestedBy`, `inmateId`, `status`, `reason`, `judgedBy`, `addedOn`, `isRead`, `judgedOn`) VALUES
(8, 1, '9874651325946132456', 'finished', 'sad', 1, '2017-12-17 10:17:23', 1, '2017-12-17 18:17:00'),
(9, 1, '550010', 'finished', 'as', 1, '2018-02-10 10:11:54', 1, '2018-02-10 14:10:00'),
(10, 1, '8235', 'finished', 'asdasdasd', 1, '2018-02-10 10:15:21', 1, '2018-02-10 18:13:00'),
(11, 1, '8235', 'finished', 'dsasda', 1, '2018-02-10 10:26:04', 1, '2018-02-10 18:15:00'),
(12, 1, '8235', 'finished', 'asdasdas', 1, '2018-02-10 10:26:45', 1, '2018-02-10 18:26:00'),
(13, 1, '8235', 'finished', 'asfasfas', 1, '2018-02-10 10:27:27', 1, '2018-02-10 18:26:00');

-- --------------------------------------------------------

--
-- Table structure for table `file`
--

CREATE TABLE `file` (
  `inmate_id` varchar(255) DEFAULT NULL,
  `filename` varchar(255) DEFAULT '192x192.jpg',
  `added_by` int(11) UNSIGNED ZEROFILL NOT NULL,
  `img_set` enum('0','1') NOT NULL DEFAULT '0'
) ENGINE=InnoDB DEFAULT CHARSET=latin1;

--
-- Dumping data for table `file`
--

INSERT INTO `file` (`inmate_id`, `filename`, `added_by`, `img_set`) VALUES
('9874651325946132456', '35.jpg', 00000000001, '1'),
('5500501', '192x192.jpg', 00000000001, '1'),
('5500502', '192x192.jpg', 00000000001, '1'),
('5500503', '192x192.jpg', 00000000001, '1'),
('55002', '192x192.jpg', 00000000001, '1'),
('55003', '192x192.jpg', 00000000001, '1'),
('55004', '192x192.jpg', 00000000001, '1'),
('55005', '192x192.jpg', 00000000001, '1'),
('55006', '192x192.jpg', 00000000001, '1'),
('55007', '192x192.jpg', 00000000001, '1'),
('55008', '192x192.jpg', 00000000001, '1'),
('55009', '192x192.jpg', 00000000001, '1'),
('550010', '192x192.jpg', 00000000001, '1'),
('550011', '192x192.jpg', 00000000001, '1'),
('550012', '192x192.jpg', 00000000001, '1'),
('550013', '192x192.jpg', 00000000001, '1'),
('550014', '192x192.jpg', 00000000001, '1'),
('550015', '192x192.jpg', 00000000001, '1'),
('550016', '192x192.jpg', 00000000001, '1'),
('550017', '192x192.jpg', 00000000001, '1'),
('550018', '192x192.jpg', 00000000001, '1'),
('550019', '192x192.jpg', 00000000001, '1'),
('550020', '192x192.jpg', 00000000001, '1'),
('550021', '192x192.jpg', 00000000001, '1'),
('550022', '192x192.jpg', 00000000001, '1'),
('550041', '192x192.jpg', 00000000001, '1'),
('550042', '192x192.jpg', 00000000001, '1'),
('550043', '192x192.jpg', 00000000001, '1'),
('550044', '192x192.jpg', 00000000001, '1'),
('550045', '192x192.jpg', 00000000001, '1'),
('550046', '192x192.jpg', 00000000001, '1'),
('550047', '192x192.jpg', 00000000001, '1'),
('550048', '192x192.jpg', 00000000001, '1'),
('550049', '192x192.jpg', 00000000001, '1'),
('550050', '192x192.jpg', 00000000001, '1'),
('550051', '192x192.jpg', 00000000001, '1'),
('550052', '192x192.jpg', 00000000001, '1'),
('550053', '192x192.jpg', 00000000001, '1'),
('550054', '192x192.jpg', 00000000001, '1'),
('550055', '192x192.jpg', 00000000001, '1'),
('550056', '192x192.jpg', 00000000001, '1'),
('550057', '192x192.jpg', 00000000001, '1'),
('550058', '192x192.jpg', 00000000001, '1'),
('550059', '192x192.jpg', 00000000001, '1'),
('550060', '192x192.jpg', 00000000001, '1'),
('550061', '192x192.jpg', 00000000001, '1'),
('550062', '192x192.jpg', 00000000001, '1'),
('550063', '192x192.jpg', 00000000001, '1'),
('550064', '192x192.jpg', 00000000001, '1'),
('550065', '192x192.jpg', 00000000001, '1'),
('550066', '192x192.jpg', 00000000001, '1'),
('550067', '192x192.jpg', 00000000001, '1'),
('550068', '192x192.jpg', 00000000001, '1'),
('550069', '192x192.jpg', 00000000001, '1'),
('550070', '192x192.jpg', 00000000001, '1'),
('550071', '192x192.jpg', 00000000001, '1'),
('550072', '192x192.jpg', 00000000001, '1'),
('550073', '192x192.jpg', 00000000001, '1'),
('550074', '192x192.jpg', 00000000001, '1'),
('550075', '192x192.jpg', 00000000001, '1'),
('550076', '192x192.jpg', 00000000001, '1'),
('550077', '192x192.jpg', 00000000001, '1'),
('550078', '192x192.jpg', 00000000001, '1'),
('550079', '192x192.jpg', 00000000001, '1'),
('550080', '192x192.jpg', 00000000001, '1'),
('550081', '192x192.jpg', 00000000001, '1'),
('550082', '192x192.jpg', 00000000001, '1'),
('550083', '192x192.jpg', 00000000001, '1'),
('550084', '192x192.jpg', 00000000001, '1'),
('550085', '192x192.jpg', 00000000001, '1'),
('550086', '192x192.jpg', 00000000001, '1'),
('550087', '192x192.jpg', 00000000001, '1'),
('550088', '192x192.jpg', 00000000001, '1'),
('550089', '192x192.jpg', 00000000001, '1'),
('550090', '192x192.jpg', 00000000001, '1'),
('550091', '192x192.jpg', 00000000001, '1'),
('550092', '192x192.jpg', 00000000001, '1'),
('550093', '192x192.jpg', 00000000001, '1'),
('550094', '192x192.jpg', 00000000001, '1'),
('550095', '192x192.jpg', 00000000001, '1'),
('550096', '192x192.jpg', 00000000001, '1'),
('550097', '192x192.jpg', 00000000001, '1'),
('550098', '192x192.jpg', 00000000001, '1'),
('550099', '192x192.jpg', 00000000001, '1'),
('5500100', '192x192.jpg', 00000000001, '1'),
('5500101', '192x192.jpg', 00000000001, '1'),
('5500102', '192x192.jpg', 00000000001, '1'),
('5500103', '192x192.jpg', 00000000001, '1'),
('5500104', '192x192.jpg', 00000000001, '1'),
('5500105', '192x192.jpg', 00000000001, '1'),
('5500106', '192x192.jpg', 00000000001, '1'),
('5500107', '192x192.jpg', 00000000001, '1'),
('5500108', '192x192.jpg', 00000000001, '1'),
('5500109', '192x192.jpg', 00000000001, '1'),
('5500110', '192x192.jpg', 00000000001, '1'),
('5500111', '192x192.jpg', 00000000001, '1'),
('5500112', '192x192.jpg', 00000000001, '1'),
('5500113', '192x192.jpg', 00000000001, '1'),
('5500114', '192x192.jpg', 00000000001, '1'),
('5500115', '192x192.jpg', 00000000001, '1'),
('5500116', '192x192.jpg', 00000000001, '1'),
('5500117', '192x192.jpg', 00000000001, '1'),
('5500118', '192x192.jpg', 00000000001, '1'),
('5500119', '192x192.jpg', 00000000001, '1'),
('5500120', '192x192.jpg', 00000000001, '1'),
('5500121', '192x192.jpg', 00000000001, '1'),
('5500122', '192x192.jpg', 00000000001, '1'),
('5500123', '192x192.jpg', 00000000001, '1'),
('5500124', '192x192.jpg', 00000000001, '1'),
('5500125', '192x192.jpg', 00000000001, '1'),
('5500126', '192x192.jpg', 00000000001, '1'),
('5500127', '192x192.jpg', 00000000001, '1'),
('5500128', '192x192.jpg', 00000000001, '1'),
('5500129', '192x192.jpg', 00000000001, '1'),
('5500130', '192x192.jpg', 00000000001, '1'),
('5500131', '192x192.jpg', 00000000001, '1'),
('5500132', '192x192.jpg', 00000000001, '1'),
('5500133', '192x192.jpg', 00000000001, '1'),
('5500134', '192x192.jpg', 00000000001, '1'),
('5500135', '192x192.jpg', 00000000001, '1'),
('5500136', '192x192.jpg', 00000000001, '1'),
('5500137', '192x192.jpg', 00000000001, '1'),
('5500138', '192x192.jpg', 00000000001, '1'),
('5500139', '192x192.jpg', 00000000001, '1'),
('5500140', '192x192.jpg', 00000000001, '1'),
('4124', '192x192.jpg', 00000000001, '1'),
('6326', '192x192.jpg', 00000000001, '1'),
('8235', '9aa0e013a31d0f30c3f60907000250689992c943_hq2.jpg', 00000000001, '1'),
('1254125', '192x192.jpg', 00000000001, '1'),
('15125', '192x192.jpg', 00000000001, '1'),
('1241254', '192x192.jpg', 00000000001, '1'),
('541241', '192x192.jpg', 00000000001, '1'),
('7624634', '192x192.jpg', 00000000001, '1'),
('test', '192x192.jpg', 00000000001, '1');

-- --------------------------------------------------------

--
-- Table structure for table `inmate`
--

CREATE TABLE `inmate` (
  `ref_formid` varchar(255) NOT NULL,
  `inmate_id` varchar(255) NOT NULL,
  `cell_no` varchar(255) NOT NULL,
  `inmate_fname` varchar(255) NOT NULL,
  `inmate_lname` varchar(255) NOT NULL,
  `inmate_mi` varchar(255) NOT NULL,
  `inmate_alias` varchar(255) NOT NULL,
  `status` enum('Active','Released','Transfer','Pending') CHARACTER SET latin1 COLLATE latin1_spanish_ci DEFAULT 'Pending',
  `inmate_type` enum('Pending','Detainee','Convict','Probation') NOT NULL DEFAULT 'Pending',
  `date_detained` datetime NOT NULL,
  `date_convicted` datetime NOT NULL,
  `date_probation` datetime NOT NULL,
  `datetime_added` timestamp NOT NULL DEFAULT CURRENT_TIMESTAMP,
  `is_read` int(2) NOT NULL,
  `added_by` int(11) UNSIGNED ZEROFILL NOT NULL
) ENGINE=InnoDB DEFAULT CHARSET=latin1;

--
-- Dumping data for table `inmate`
--

INSERT INTO `inmate` (`ref_formid`, `inmate_id`, `cell_no`, `inmate_fname`, `inmate_lname`, `inmate_mi`, `inmate_alias`, `status`, `inmate_type`, `date_detained`, `date_convicted`, `date_probation`, `datetime_added`, `is_read`, `added_by`) VALUES
(' ', '1241254', '2', 'TEST', 'TEST', 'TEST', 'TEST', 'Pending', 'Pending', '0000-00-00 00:00:00', '0000-00-00 00:00:00', '0000-00-00 00:00:00', '2018-02-10 08:00:29', 0, 00000000001),
(' ', '1254125', '2', 'TEST', 'TEST', 'TEST', 'TEST', 'Pending', 'Pending', '0000-00-00 00:00:00', '0000-00-00 00:00:00', '0000-00-00 00:00:00', '2018-02-10 06:46:27', 0, 00000000001),
(' ', '15125', '2', 'Test', 'Test', 'Test', 'Test', 'Pending', 'Pending', '0000-00-00 00:00:00', '0000-00-00 00:00:00', '0000-00-00 00:00:00', '2018-02-10 07:57:23', 0, 00000000001),
('1', '4124', '2', 'Test', 'Test', 'Test', 'Test', 'Pending', 'Pending', '0000-00-00 00:00:00', '0000-00-00 00:00:00', '0000-00-00 00:00:00', '2018-02-10 05:28:38', 0, 00000000001),
(' ', '541241', '2', 'TEST', 'TEST', 'TEST', 'TEST', 'Pending', 'Pending', '0000-00-00 00:00:00', '0000-00-00 00:00:00', '0000-00-00 00:00:00', '2018-02-10 08:02:00', 0, 00000000001),
('58010', '550010', '2', 'First Name_10', 'Last Name_10', 'Middle Name_10', 'Alias_10', 'Active', 'Detainee', '2017-12-04 00:00:00', '0000-00-00 00:00:00', '0000-00-00 00:00:00', '2017-12-14 15:17:00', 0, 00000000001),
('580100', '5500100', '2', 'First Name_100', 'Last Name_100', 'Middle Name_100', 'Alias_100', 'Active', 'Detainee', '2017-12-21 00:00:00', '0000-00-00 00:00:00', '0000-00-00 00:00:00', '2017-12-14 15:29:49', 0, 00000000001),
('580101', '5500101', '2', 'First Name_101', 'Last Name_101', 'Middle Name_101', 'Alias_101', 'Active', 'Detainee', '2017-12-04 00:00:00', '0000-00-00 00:00:00', '0000-00-00 00:00:00', '2017-12-14 15:29:58', 0, 00000000001),
('580102', '5500102', '2', 'First Name_102', 'Last Name_102', 'Middle Name_102', 'Alias_102', 'Active', 'Detainee', '2017-12-04 00:00:00', '0000-00-00 00:00:00', '0000-00-00 00:00:00', '2017-12-14 15:30:06', 0, 00000000001),
('580103', '5500103', '2', 'First Name_103', 'Last Name_103', 'Middle Name_103', 'Alias_103', 'Active', 'Detainee', '2017-12-04 00:00:00', '0000-00-00 00:00:00', '0000-00-00 00:00:00', '2017-12-14 15:30:16', 0, 00000000001),
('580104', '5500104', '2', 'First Name_104', 'Last Name_104', 'Middle Name_104', 'Alias_104', 'Active', 'Detainee', '2017-12-04 00:00:00', '0000-00-00 00:00:00', '0000-00-00 00:00:00', '2017-12-14 15:30:24', 0, 00000000001),
('580105', '5500105', '2', 'First Name_105', 'Last Name_105', 'Middle Name_105', 'Alias_105', 'Active', 'Detainee', '2017-12-04 00:00:00', '0000-00-00 00:00:00', '0000-00-00 00:00:00', '2017-12-14 15:30:32', 0, 00000000001),
('580106', '5500106', '2', 'First Name_106', 'Last Name_106', 'Middle Name_106', 'Alias_106', 'Active', 'Detainee', '2017-12-04 00:00:00', '0000-00-00 00:00:00', '0000-00-00 00:00:00', '2017-12-14 15:30:41', 0, 00000000001),
('580107', '5500107', '2', 'First Name_107', 'Last Name_107', 'Middle Name_107', 'Alias_107', 'Active', 'Detainee', '2017-12-04 00:00:00', '0000-00-00 00:00:00', '0000-00-00 00:00:00', '2017-12-14 15:30:49', 0, 00000000001),
('580108', '5500108', '2', 'First Name_108', 'Last Name_108', 'Middle Name_108', 'Alias_108', 'Active', 'Detainee', '2017-12-04 00:00:00', '0000-00-00 00:00:00', '0000-00-00 00:00:00', '2017-12-14 15:30:58', 0, 00000000001),
('580109', '5500109', '2', 'First Name_109', 'Last Name_109', 'Middle Name_109', 'Alias_109', 'Active', 'Detainee', '2017-12-04 00:00:00', '0000-00-00 00:00:00', '0000-00-00 00:00:00', '2017-12-14 15:31:07', 0, 00000000001),
('58011', '550011', '2', 'First Name_11', 'Last Name_11', 'Middle Name_11', 'Alias_11', 'Active', 'Detainee', '2017-12-04 00:00:00', '0000-00-00 00:00:00', '0000-00-00 00:00:00', '2017-12-14 15:17:44', 0, 00000000001),
('580110', '5500110', '2', 'First Name_110', 'Last Name_110', 'Middle Name_110', 'Alias_110', 'Active', 'Detainee', '2017-12-04 00:00:00', '0000-00-00 00:00:00', '0000-00-00 00:00:00', '2017-12-14 15:31:15', 0, 00000000001),
('580111', '5500111', '2', 'First Name_111', 'Last Name_111', 'Middle Name_111', 'Alias_111', 'Active', 'Detainee', '2017-12-04 00:00:00', '0000-00-00 00:00:00', '0000-00-00 00:00:00', '2017-12-14 15:31:25', 0, 00000000001),
('580112', '5500112', '2', 'First Name_112', 'Last Name_112', 'Middle Name_112', 'Alias_112', 'Active', 'Detainee', '2017-12-04 00:00:00', '0000-00-00 00:00:00', '0000-00-00 00:00:00', '2017-12-14 15:31:33', 0, 00000000001),
('580113', '5500113', '2', 'First Name_113', 'Last Name_113', 'Middle Name_113', 'Alias_113', 'Active', 'Detainee', '2017-12-04 00:00:00', '0000-00-00 00:00:00', '0000-00-00 00:00:00', '2017-12-14 15:31:41', 0, 00000000001),
('580114', '5500114', '2', 'First Name_114', 'Last Name_114', 'Middle Name_114', 'Alias_114', 'Active', 'Detainee', '2017-12-04 00:00:00', '0000-00-00 00:00:00', '0000-00-00 00:00:00', '2017-12-14 15:31:50', 0, 00000000001),
('580115', '5500115', '2', 'First Name_115', 'Last Name_115', 'Middle Name_115', 'Alias_115', 'Active', 'Detainee', '2017-12-04 00:00:00', '0000-00-00 00:00:00', '0000-00-00 00:00:00', '2017-12-14 15:31:59', 0, 00000000001),
('580116', '5500116', '2', 'First Name_116', 'Last Name_116', 'Middle Name_116', 'Alias_116', 'Active', 'Detainee', '2017-12-04 00:00:00', '0000-00-00 00:00:00', '0000-00-00 00:00:00', '2017-12-14 15:32:07', 0, 00000000001),
('580117', '5500117', '2', 'First Name_117', 'Last Name_117', 'Middle Name_117', 'Alias_117', 'Active', 'Detainee', '2017-12-04 00:00:00', '0000-00-00 00:00:00', '0000-00-00 00:00:00', '2017-12-14 15:32:16', 0, 00000000001),
('580118', '5500118', '2', 'First Name_118', 'Last Name_118', 'Middle Name_118', 'Alias_118', 'Active', 'Detainee', '2017-12-04 00:00:00', '0000-00-00 00:00:00', '0000-00-00 00:00:00', '2017-12-14 15:32:25', 0, 00000000001),
('580119', '5500119', '2', 'First Name_119', 'Last Name_119', 'Middle Name_119', 'Alias_119', 'Active', 'Detainee', '2017-12-04 00:00:00', '0000-00-00 00:00:00', '0000-00-00 00:00:00', '2017-12-14 15:32:33', 0, 00000000001),
('58012', '550012', '2', 'First Name_12', 'Last Name_12', 'Middle Name_12', 'Alias_12', 'Released', 'Detainee', '2017-12-04 00:00:00', '0000-00-00 00:00:00', '0000-00-00 00:00:00', '2017-12-14 15:17:55', 0, 00000000001),
('580120', '5500120', '2', 'First Name_120', 'Last Name_120', 'Middle Name_120', 'Alias_120', 'Active', 'Detainee', '2017-12-04 00:00:00', '0000-00-00 00:00:00', '0000-00-00 00:00:00', '2017-12-14 15:32:42', 0, 00000000001),
('580121', '5500121', '2', 'First Name_121', 'Last Name_121', 'Middle Name_121', 'Alias_121', 'Active', 'Detainee', '2017-12-04 00:00:00', '0000-00-00 00:00:00', '0000-00-00 00:00:00', '2017-12-14 15:32:51', 0, 00000000001),
('580122', '5500122', '2', 'First Name_122', 'Last Name_122', 'Middle Name_122', 'Alias_122', 'Active', 'Detainee', '2017-12-04 00:00:00', '0000-00-00 00:00:00', '0000-00-00 00:00:00', '2017-12-14 15:32:59', 0, 00000000001),
('580123', '5500123', '2', 'First Name_123', 'Last Name_123', 'Middle Name_123', 'Alias_123', 'Active', 'Detainee', '2017-12-04 00:00:00', '0000-00-00 00:00:00', '0000-00-00 00:00:00', '2017-12-14 15:33:07', 0, 00000000001),
('580124', '5500124', '2', 'First Name_124', 'Last Name_124', 'Middle Name_124', 'Alias_124', 'Active', 'Detainee', '2017-12-04 00:00:00', '0000-00-00 00:00:00', '0000-00-00 00:00:00', '2017-12-14 15:33:17', 0, 00000000001),
('580125', '5500125', '2', 'First Name_125', 'Last Name_125', 'Middle Name_125', 'Alias_125', 'Active', 'Detainee', '2017-12-04 00:00:00', '0000-00-00 00:00:00', '0000-00-00 00:00:00', '2017-12-14 15:33:24', 0, 00000000001),
('580126', '5500126', '2', 'First Name_126', 'Last Name_126', 'Middle Name_126', 'Alias_126', 'Active', 'Detainee', '2017-12-04 00:00:00', '0000-00-00 00:00:00', '0000-00-00 00:00:00', '2017-12-14 15:33:32', 0, 00000000001),
('580127', '5500127', '2', 'First Name_127', 'Last Name_127', 'Middle Name_127', 'Alias_127', 'Active', 'Detainee', '2017-12-04 00:00:00', '0000-00-00 00:00:00', '0000-00-00 00:00:00', '2017-12-14 15:33:41', 0, 00000000001),
('580128', '5500128', '2', 'First Name_128', 'Last Name_128', 'Middle Name_128', 'Alias_128', 'Active', 'Detainee', '2017-12-04 00:00:00', '0000-00-00 00:00:00', '0000-00-00 00:00:00', '2017-12-14 15:33:49', 0, 00000000001),
('580129', '5500129', '2', 'First Name_129', 'Last Name_129', 'Middle Name_129', 'Alias_129', 'Active', 'Detainee', '2017-12-04 00:00:00', '0000-00-00 00:00:00', '0000-00-00 00:00:00', '2017-12-14 15:33:57', 0, 00000000001),
('58013', '550013', '2', 'First Name_13', 'Last Name_13', 'Middle Name_13', 'Alias_13', 'Active', 'Detainee', '2017-12-04 00:00:00', '0000-00-00 00:00:00', '0000-00-00 00:00:00', '2017-12-14 15:18:13', 0, 00000000001),
('580130', '5500130', '2', 'First Name_130', 'Last Name_130', 'Middle Name_130', 'Alias_130', 'Active', 'Detainee', '2017-12-04 00:00:00', '0000-00-00 00:00:00', '0000-00-00 00:00:00', '2017-12-14 15:34:06', 0, 00000000001),
('580131', '5500131', '2', 'First Name_131', 'Last Name_131', 'Middle Name_131', 'Alias_131', 'Active', 'Detainee', '2017-12-04 00:00:00', '0000-00-00 00:00:00', '0000-00-00 00:00:00', '2017-12-14 15:34:14', 0, 00000000001),
('580132', '5500132', '2', 'First Name_132', 'Last Name_132', 'Middle Name_132', 'Alias_132', 'Active', 'Detainee', '2017-12-04 00:00:00', '0000-00-00 00:00:00', '0000-00-00 00:00:00', '2017-12-14 15:34:21', 0, 00000000001),
('580133', '5500133', '2', 'First Name_133', 'Last Name_133', 'Middle Name_133', 'Alias_133', 'Active', 'Detainee', '2017-12-04 00:00:00', '0000-00-00 00:00:00', '0000-00-00 00:00:00', '2017-12-14 15:34:30', 0, 00000000001),
('580134', '5500134', '2', 'First Name_134', 'Last Name_134', 'Middle Name_134', 'Alias_134', 'Active', 'Detainee', '2017-12-04 00:00:00', '0000-00-00 00:00:00', '0000-00-00 00:00:00', '2017-12-14 15:34:38', 0, 00000000001),
('580135', '5500135', '2', 'First Name_135', 'Last Name_135', 'Middle Name_135', 'Alias_135', 'Active', 'Detainee', '2017-12-04 00:00:00', '0000-00-00 00:00:00', '0000-00-00 00:00:00', '2017-12-14 15:34:46', 0, 00000000001),
('580136', '5500136', '2', 'First Name_136', 'Last Name_136', 'Middle Name_136', 'Alias_136', 'Active', 'Detainee', '2017-12-04 00:00:00', '0000-00-00 00:00:00', '0000-00-00 00:00:00', '2017-12-14 15:34:54', 0, 00000000001),
('580137', '5500137', '2', 'First Name_137', 'Last Name_137', 'Middle Name_137', 'Alias_137', 'Active', 'Detainee', '2017-12-04 00:00:00', '0000-00-00 00:00:00', '0000-00-00 00:00:00', '2017-12-14 15:35:04', 0, 00000000001),
('580138', '5500138', '2', 'First Name_138', 'Last Name_138', 'Middle Name_138', 'Alias_138', 'Active', 'Detainee', '2017-12-04 00:00:00', '0000-00-00 00:00:00', '0000-00-00 00:00:00', '2017-12-14 15:35:12', 0, 00000000001),
('580139', '5500139', '2', 'First Name_139', 'Last Name_139', 'Middle Name_139', 'Alias_139', 'Active', 'Detainee', '2017-12-04 00:00:00', '0000-00-00 00:00:00', '0000-00-00 00:00:00', '2017-12-14 15:35:20', 0, 00000000001),
('58014', '550014', '2', 'First Name_14', 'Last Name_14', 'Middle Name_14', 'Alias_14', 'Active', 'Detainee', '2017-12-04 00:00:00', '0000-00-00 00:00:00', '0000-00-00 00:00:00', '2017-12-14 15:18:22', 0, 00000000001),
('580140', '5500140', '2', 'First Name_140', 'Last Name_140', 'Middle Name_140', 'Alias_140', 'Active', 'Detainee', '2017-12-04 00:00:00', '0000-00-00 00:00:00', '0000-00-00 00:00:00', '2017-12-14 15:35:29', 0, 00000000001),
('58015', '550015', '2', 'First Name_15', 'Last Name_15', 'Middle Name_15', 'Alias_15', 'Active', 'Detainee', '2017-12-04 00:00:00', '0000-00-00 00:00:00', '0000-00-00 00:00:00', '2017-12-14 15:18:34', 0, 00000000001),
('58016', '550016', '2', 'First Name_16', 'Last Name_16', 'Middle Name_16', 'Alias_16', 'Active', 'Detainee', '2017-12-04 00:00:00', '0000-00-00 00:00:00', '0000-00-00 00:00:00', '2017-12-14 15:18:46', 0, 00000000001),
('58017', '550017', '2', 'First Name_17', 'Last Name_17', 'Middle Name_17', 'Alias_17', 'Active', 'Detainee', '2017-12-04 00:00:00', '0000-00-00 00:00:00', '0000-00-00 00:00:00', '2017-12-14 15:18:56', 0, 00000000001),
('58018', '550018', '2', 'First Name_18', 'Last Name_18', 'Middle Name_18', 'Alias_18', 'Active', 'Detainee', '2017-12-04 00:00:00', '0000-00-00 00:00:00', '0000-00-00 00:00:00', '2017-12-14 15:19:07', 0, 00000000001),
('58019', '550019', '2', 'First Name_19', 'Last Name_19', 'Middle Name_19', 'Alias_19', 'Active', 'Detainee', '2017-12-04 00:00:00', '0000-00-00 00:00:00', '0000-00-00 00:00:00', '2017-12-14 15:19:17', 0, 00000000001),
('5802', '55002', '2', 'First Name_2', 'Last Name_2', 'Middle Name_2', 'Alias_2', 'Released', 'Detainee', '2017-12-04 00:00:00', '0000-00-00 00:00:00', '0000-00-00 00:00:00', '2017-12-14 15:15:40', 0, 00000000001),
('58020', '550020', '2', 'First Name_20', 'Last Name_20', 'Middle Name_20', 'Alias_20', 'Active', 'Detainee', '2017-12-04 00:00:00', '0000-00-00 00:00:00', '0000-00-00 00:00:00', '2017-12-14 15:19:27', 0, 00000000001),
('58021', '550021', '2', 'First Name_21', 'Last Name_21', 'Middle Name_21', 'Alias_21', 'Active', 'Detainee', '2017-12-04 00:00:00', '0000-00-00 00:00:00', '0000-00-00 00:00:00', '2017-12-14 15:19:37', 0, 00000000001),
('58022', '550022', '2', 'First Name_22', 'Last Name_22', 'Middle Name_22', 'Alias_22', 'Active', 'Detainee', '2018-02-23 00:00:00', '0000-00-00 00:00:00', '0000-00-00 00:00:00', '2017-12-14 15:19:46', 0, 00000000001),
('5803', '55003', '2', 'First Name_3', 'Last Name_3', 'Middle Name_3', 'Alias_3', 'Released', 'Detainee', '2017-12-04 00:00:00', '0000-00-00 00:00:00', '0000-00-00 00:00:00', '2017-12-14 15:15:52', 0, 00000000001),
('5804', '55004', '2', 'First Name_4', 'Last Name_4', 'Middle Name_4', 'Alias_4', 'Released', 'Detainee', '2017-12-04 00:00:00', '0000-00-00 00:00:00', '0000-00-00 00:00:00', '2017-12-14 15:16:02', 0, 00000000001),
('58041', '550041', '2', 'First Name_41', 'Last Name_41', 'Middle Name_41', 'Alias_41', 'Active', 'Detainee', '2017-12-04 00:00:00', '0000-00-00 00:00:00', '0000-00-00 00:00:00', '2017-12-14 15:20:45', 0, 00000000001),
('58042', '550042', '2', 'First Name_42', 'Last Name_42', 'Middle Name_42', 'Alias_42', 'Active', 'Detainee', '2017-12-04 00:00:00', '0000-00-00 00:00:00', '0000-00-00 00:00:00', '2017-12-14 15:20:57', 0, 00000000001),
('58043', '550043', '2', 'First Name_43', 'Last Name_43', 'Middle Name_43', 'Alias_43', 'Active', 'Detainee', '2017-12-04 00:00:00', '0000-00-00 00:00:00', '0000-00-00 00:00:00', '2017-12-14 15:21:08', 0, 00000000001),
('58044', '550044', '2', 'First Name_44', 'Last Name_44', 'Middle Name_44', 'Alias_44', 'Active', 'Detainee', '2017-12-04 00:00:00', '0000-00-00 00:00:00', '0000-00-00 00:00:00', '2017-12-14 15:21:17', 0, 00000000001),
('58045', '550045', '2', 'First Name_45', 'Last Name_45', 'Middle Name_45', 'Alias_45', 'Active', 'Detainee', '2017-12-04 00:00:00', '0000-00-00 00:00:00', '0000-00-00 00:00:00', '2017-12-14 15:21:28', 0, 00000000001),
('58046', '550046', '2', 'First Name_46', 'Last Name_46', 'Middle Name_46', 'Alias_46', 'Active', 'Detainee', '2017-12-04 00:00:00', '0000-00-00 00:00:00', '0000-00-00 00:00:00', '2017-12-14 15:21:37', 0, 00000000001),
('58047', '550047', '2', 'First Name_47', 'Last Name_47', 'Middle Name_47', 'Alias_47', 'Active', 'Detainee', '2017-12-04 00:00:00', '0000-00-00 00:00:00', '0000-00-00 00:00:00', '2017-12-14 15:21:46', 0, 00000000001),
('58048', '550048', '2', 'First Name_48', 'Last Name_48', 'Middle Name_48', 'Alias_48', 'Active', 'Detainee', '2017-12-04 00:00:00', '0000-00-00 00:00:00', '0000-00-00 00:00:00', '2017-12-14 15:21:57', 0, 00000000001),
('58049', '550049', '2', 'First Name_49', 'Last Name_49', 'Middle Name_49', 'Alias_49', 'Active', 'Detainee', '2017-12-04 00:00:00', '0000-00-00 00:00:00', '0000-00-00 00:00:00', '2017-12-14 15:22:06', 0, 00000000001),
('5805', '55005', '2', 'First Name_5', 'Last Name_5', 'Middle Name_5', 'Alias_5', 'Active', 'Detainee', '2017-12-04 00:00:00', '0000-00-00 00:00:00', '0000-00-00 00:00:00', '2017-12-14 15:16:13', 0, 00000000001),
('58050', '550050', '2', 'First Name_50', 'Last Name_50', 'Middle Name_50', 'Alias_50', 'Active', 'Detainee', '2017-12-04 00:00:00', '0000-00-00 00:00:00', '0000-00-00 00:00:00', '2017-12-14 15:22:14', 0, 00000000001),
('580501', '5500501', '2', 'First Name_501', 'Last Name_501', 'Middle Name_501', 'Alias_501', 'Active', 'Detainee', '2017-12-04 00:00:00', '0000-00-00 00:00:00', '0000-00-00 00:00:00', '2017-12-14 15:14:15', 0, 00000000001),
('580502', '5500502', '2', 'First Name_502', 'Last Name_502', 'Middle Name_502', 'Alias_502', 'Active', 'Detainee', '2017-12-04 00:00:00', '0000-00-00 00:00:00', '0000-00-00 00:00:00', '2017-12-14 15:14:26', 0, 00000000001),
('580503', '5500503', '2', 'First Name_503', 'Last Name_503', 'Middle Name_503', 'Alias_503', 'Active', 'Detainee', '2018-02-08 00:00:00', '0000-00-00 00:00:00', '0000-00-00 00:00:00', '2017-12-14 15:14:40', 0, 00000000001),
('58051', '550051', '2', 'First Name_51', 'Last Name_51', 'Middle Name_51', 'Alias_51', 'Active', 'Detainee', '2017-12-04 00:00:00', '0000-00-00 00:00:00', '0000-00-00 00:00:00', '2017-12-14 15:22:23', 0, 00000000001),
('58052', '550052', '2', 'First Name_52', 'Last Name_52', 'Middle Name_52', 'Alias_52', 'Active', 'Detainee', '2017-12-04 00:00:00', '0000-00-00 00:00:00', '0000-00-00 00:00:00', '2017-12-14 15:22:32', 0, 00000000001),
('58053', '550053', '2', 'First Name_53', 'Last Name_53', 'Middle Name_53', 'Alias_53', 'Active', 'Detainee', '2017-12-04 00:00:00', '0000-00-00 00:00:00', '0000-00-00 00:00:00', '2017-12-14 15:22:42', 0, 00000000001),
('58054', '550054', '2', 'First Name_54', 'Last Name_54', 'Middle Name_54', 'Alias_54', 'Active', 'Detainee', '2017-12-04 00:00:00', '0000-00-00 00:00:00', '0000-00-00 00:00:00', '2017-12-14 15:22:52', 0, 00000000001),
('58055', '550055', '2', 'First Name_55', 'Last Name_55', 'Middle Name_55', 'Alias_55', 'Active', 'Detainee', '2017-12-04 00:00:00', '0000-00-00 00:00:00', '0000-00-00 00:00:00', '2017-12-14 15:23:02', 0, 00000000001),
('58056', '550056', '2', 'First Name_56', 'Last Name_56', 'Middle Name_56', 'Alias_56', 'Active', 'Detainee', '2017-12-04 00:00:00', '0000-00-00 00:00:00', '0000-00-00 00:00:00', '2017-12-14 15:23:11', 0, 00000000001),
('58057', '550057', '2', 'First Name_57', 'Last Name_57', 'Middle Name_57', 'Alias_57', 'Active', 'Detainee', '2017-12-04 00:00:00', '0000-00-00 00:00:00', '0000-00-00 00:00:00', '2017-12-14 15:23:19', 0, 00000000001),
('58058', '550058', '2', 'First Name_58', 'Last Name_58', 'Middle Name_58', 'Alias_58', 'Active', 'Detainee', '2017-12-04 00:00:00', '0000-00-00 00:00:00', '0000-00-00 00:00:00', '2017-12-14 15:23:29', 0, 00000000001),
('58059', '550059', '2', 'First Name_59', 'Last Name_59', 'Middle Name_59', 'Alias_59', 'Active', 'Detainee', '2017-12-04 00:00:00', '0000-00-00 00:00:00', '0000-00-00 00:00:00', '2017-12-14 15:23:38', 0, 00000000001),
('5806', '55006', '2', 'First Name_6', 'Last Name_6', 'Middle Name_6', 'Alias_6', 'Released', 'Detainee', '2017-12-04 00:00:00', '0000-00-00 00:00:00', '0000-00-00 00:00:00', '2017-12-14 15:16:22', 0, 00000000001),
('58060', '550060', '2', 'First Name_60', 'Last Name_60', 'Middle Name_60', 'Alias_60', 'Active', 'Detainee', '2017-12-04 00:00:00', '0000-00-00 00:00:00', '0000-00-00 00:00:00', '2017-12-14 15:23:48', 0, 00000000001),
('58061', '550061', '2', 'First Name_61', 'Last Name_61', 'Middle Name_61', 'Alias_61', 'Active', 'Detainee', '2017-12-04 00:00:00', '0000-00-00 00:00:00', '0000-00-00 00:00:00', '2017-12-14 15:23:57', 0, 00000000001),
('58062', '550062', '2', 'First Name_62', 'Last Name_62', 'Middle Name_62', 'Alias_62', 'Active', 'Detainee', '2017-12-04 00:00:00', '0000-00-00 00:00:00', '0000-00-00 00:00:00', '2017-12-14 15:24:06', 0, 00000000001),
('58063', '550063', '2', 'First Name_63', 'Last Name_63', 'Middle Name_63', 'Alias_63', 'Active', 'Detainee', '2017-12-04 00:00:00', '0000-00-00 00:00:00', '0000-00-00 00:00:00', '2017-12-14 15:24:14', 0, 00000000001),
('58064', '550064', '2', 'First Name_64', 'Last Name_64', 'Middle Name_64', 'Alias_64', 'Active', 'Detainee', '2017-12-04 00:00:00', '0000-00-00 00:00:00', '0000-00-00 00:00:00', '2017-12-14 15:24:24', 0, 00000000001),
('58065', '550065', '2', 'First Name_65', 'Last Name_65', 'Middle Name_65', 'Alias_65', 'Active', 'Detainee', '2017-12-04 00:00:00', '0000-00-00 00:00:00', '0000-00-00 00:00:00', '2017-12-14 15:24:33', 0, 00000000001),
('58066', '550066', '2', 'First Name_66', 'Last Name_66', 'Middle Name_66', 'Alias_66', 'Active', 'Detainee', '2017-12-04 00:00:00', '0000-00-00 00:00:00', '0000-00-00 00:00:00', '2017-12-14 15:24:43', 0, 00000000001),
('58067', '550067', '2', 'First Name_67', 'Last Name_67', 'Middle Name_67', 'Alias_67', 'Active', 'Detainee', '2017-12-04 00:00:00', '0000-00-00 00:00:00', '0000-00-00 00:00:00', '2017-12-14 15:24:52', 0, 00000000001),
('58068', '550068', '2', 'First Name_68', 'Last Name_68', 'Middle Name_68', 'Alias_68', 'Active', 'Detainee', '2017-12-04 00:00:00', '0000-00-00 00:00:00', '0000-00-00 00:00:00', '2017-12-14 15:25:01', 0, 00000000001),
('58069', '550069', '2', 'First Name_69', 'Last Name_69', 'Middle Name_69', 'Alias_69', 'Active', 'Detainee', '2017-12-04 00:00:00', '0000-00-00 00:00:00', '0000-00-00 00:00:00', '2017-12-14 15:25:10', 0, 00000000001),
('5807', '55007', '2', 'First Name_7', 'Last Name_7', 'Middle Name_7', 'Alias_7', 'Active', 'Detainee', '2017-12-04 00:00:00', '0000-00-00 00:00:00', '0000-00-00 00:00:00', '2017-12-14 15:16:32', 0, 00000000001),
('58070', '550070', '2', 'First Name_70', 'Last Name_70', 'Middle Name_70', 'Alias_70', 'Active', 'Detainee', '2017-12-04 00:00:00', '0000-00-00 00:00:00', '0000-00-00 00:00:00', '2017-12-14 15:25:18', 0, 00000000001),
('58071', '550071', '2', 'First Name_71', 'Last Name_71', 'Middle Name_71', 'Alias_71', 'Active', 'Detainee', '2017-12-04 00:00:00', '0000-00-00 00:00:00', '0000-00-00 00:00:00', '2017-12-14 15:25:27', 0, 00000000001),
('58072', '550072', '2', 'First Name_72', 'Last Name_72', 'Middle Name_72', 'Alias_72', 'Active', 'Detainee', '2017-12-04 00:00:00', '0000-00-00 00:00:00', '0000-00-00 00:00:00', '2017-12-14 15:25:36', 0, 00000000001),
('58073', '550073', '2', 'First Name_73', 'Last Name_73', 'Middle Name_73', 'Alias_73', 'Active', 'Detainee', '2017-12-04 00:00:00', '0000-00-00 00:00:00', '0000-00-00 00:00:00', '2017-12-14 15:25:44', 0, 00000000001),
('58074', '550074', '2', 'First Name_74', 'Last Name_74', 'Middle Name_74', 'Alias_74', 'Active', 'Detainee', '2017-12-04 00:00:00', '0000-00-00 00:00:00', '0000-00-00 00:00:00', '2017-12-14 15:25:53', 0, 00000000001),
('58075', '550075', '2', 'First Name_75', 'Last Name_75', 'Middle Name_75', 'Alias_75', 'Active', 'Detainee', '2017-12-04 00:00:00', '0000-00-00 00:00:00', '0000-00-00 00:00:00', '2017-12-14 15:26:03', 0, 00000000001),
('58076', '550076', '2', 'First Name_76', 'Last Name_76', 'Middle Name_76', 'Alias_76', 'Active', 'Detainee', '2017-12-04 00:00:00', '0000-00-00 00:00:00', '0000-00-00 00:00:00', '2017-12-14 15:26:12', 0, 00000000001),
('58077', '550077', '2', 'First Name_77', 'Last Name_77', 'Middle Name_77', 'Alias_77', 'Active', 'Detainee', '2017-12-04 00:00:00', '0000-00-00 00:00:00', '0000-00-00 00:00:00', '2017-12-14 15:26:20', 0, 00000000001),
('58078', '550078', '2', 'First Name_78', 'Last Name_78', 'Middle Name_78', 'Alias_78', 'Active', 'Detainee', '2017-12-04 00:00:00', '0000-00-00 00:00:00', '0000-00-00 00:00:00', '2017-12-14 15:26:28', 0, 00000000001),
('58079', '550079', '2', 'First Name_79', 'Last Name_79', 'Middle Name_79', 'Alias_79', 'Active', 'Detainee', '2017-12-04 00:00:00', '0000-00-00 00:00:00', '0000-00-00 00:00:00', '2017-12-14 15:26:37', 0, 00000000001),
('5808', '55008', '2', 'First Name_8', 'Last Name_8', 'Middle Name_8', 'Alias_8', 'Released', 'Detainee', '2017-12-04 00:00:00', '0000-00-00 00:00:00', '0000-00-00 00:00:00', '2017-12-14 15:16:42', 0, 00000000001),
('58080', '550080', '2', 'First Name_80', 'Last Name_80', 'Middle Name_80', 'Alias_80', 'Active', 'Detainee', '2017-12-04 00:00:00', '0000-00-00 00:00:00', '0000-00-00 00:00:00', '2017-12-14 15:26:45', 0, 00000000001),
('58081', '550081', '2', 'First Name_81', 'Last Name_81', 'Middle Name_81', 'Alias_81', 'Active', 'Detainee', '2017-12-04 00:00:00', '0000-00-00 00:00:00', '0000-00-00 00:00:00', '2017-12-14 15:26:54', 0, 00000000001),
('58082', '550082', '2', 'First Name_82', 'Last Name_82', 'Middle Name_82', 'Alias_82', 'Active', 'Detainee', '2017-12-04 00:00:00', '0000-00-00 00:00:00', '0000-00-00 00:00:00', '2017-12-14 15:27:03', 0, 00000000001),
('58083', '550083', '2', 'First Name_83', 'Last Name_83', 'Middle Name_83', 'Alias_83', 'Active', 'Detainee', '2017-12-04 00:00:00', '0000-00-00 00:00:00', '0000-00-00 00:00:00', '2017-12-14 15:27:13', 0, 00000000001),
('58084', '550084', '2', 'First Name_84', 'Last Name_84', 'Middle Name_84', 'Alias_84', 'Active', 'Detainee', '2017-12-04 00:00:00', '0000-00-00 00:00:00', '0000-00-00 00:00:00', '2017-12-14 15:27:22', 0, 00000000001),
('58085', '550085', '2', 'First Name_85', 'Last Name_85', 'Middle Name_85', 'Alias_85', 'Active', 'Detainee', '2017-12-04 00:00:00', '0000-00-00 00:00:00', '0000-00-00 00:00:00', '2017-12-14 15:27:32', 0, 00000000001),
('58086', '550086', '2', 'First Name_86', 'Last Name_86', 'Middle Name_86', 'Alias_86', 'Active', 'Detainee', '2017-12-04 00:00:00', '0000-00-00 00:00:00', '0000-00-00 00:00:00', '2017-12-14 15:27:40', 0, 00000000001),
('58087', '550087', '2', 'First Name_87', 'Last Name_87', 'Middle Name_87', 'Alias_87', 'Active', 'Detainee', '2017-12-04 00:00:00', '0000-00-00 00:00:00', '0000-00-00 00:00:00', '2017-12-14 15:27:49', 0, 00000000001),
('58088', '550088', '2', 'First Name_88', 'Last Name_88', 'Middle Name_88', 'Alias_88', 'Active', 'Detainee', '2017-12-04 00:00:00', '0000-00-00 00:00:00', '0000-00-00 00:00:00', '2017-12-14 15:27:58', 0, 00000000001),
('58089', '550089', '2', 'First Name_89', 'Last Name_89', 'Middle Name_89', 'Alias_89', 'Active', 'Detainee', '2017-12-04 00:00:00', '0000-00-00 00:00:00', '0000-00-00 00:00:00', '2017-12-14 15:28:08', 0, 00000000001),
('5809', '55009', '2', 'First Name_9', 'Last Name_9', 'Middle Name_9', 'Alias_9', 'Active', 'Detainee', '2017-12-04 00:00:00', '0000-00-00 00:00:00', '0000-00-00 00:00:00', '2017-12-14 15:16:51', 0, 00000000001),
('58090', '550090', '2', 'First Name_90', 'Last Name_90', 'Middle Name_90', 'Alias_90', 'Active', 'Detainee', '2017-12-04 00:00:00', '0000-00-00 00:00:00', '0000-00-00 00:00:00', '2017-12-14 15:28:17', 0, 00000000001),
('58091', '550091', '2', 'First Name_91', 'Last Name_91', 'Middle Name_91', 'Alias_91', 'Active', 'Detainee', '2017-12-04 00:00:00', '0000-00-00 00:00:00', '0000-00-00 00:00:00', '2017-12-14 15:28:27', 0, 00000000001),
('58092', '550092', '2', 'First Name_92', 'Last Name_92', 'Middle Name_92', 'Alias_92', 'Active', 'Detainee', '2017-12-04 00:00:00', '0000-00-00 00:00:00', '0000-00-00 00:00:00', '2017-12-14 15:28:36', 0, 00000000001),
('58093', '550093', '2', 'First Name_93', 'Last Name_93', 'Middle Name_93', 'Alias_93', 'Active', 'Detainee', '2017-12-04 00:00:00', '0000-00-00 00:00:00', '0000-00-00 00:00:00', '2017-12-14 15:28:45', 0, 00000000001),
('58094', '550094', '2', 'First Name_94', 'Last Name_94', 'Middle Name_94', 'Alias_94', 'Active', 'Detainee', '2017-12-04 00:00:00', '0000-00-00 00:00:00', '0000-00-00 00:00:00', '2017-12-14 15:28:57', 0, 00000000001),
('58095', '550095', '2', 'First Name_95', 'Last Name_95', 'Middle Name_95', 'Alias_95', 'Active', 'Detainee', '2017-12-04 00:00:00', '0000-00-00 00:00:00', '0000-00-00 00:00:00', '2017-12-14 15:29:05', 0, 00000000001),
('58096', '550096', '2', 'First Name_96', 'Last Name_96', 'Middle Name_96', 'Alias_96', 'Active', 'Detainee', '2017-12-04 00:00:00', '0000-00-00 00:00:00', '0000-00-00 00:00:00', '2017-12-14 15:29:14', 0, 00000000001),
('58097', '550097', '2', 'First Name_97', 'Last Name_97', 'Middle Name_97', 'Alias_97', 'Active', 'Detainee', '2017-12-04 00:00:00', '0000-00-00 00:00:00', '0000-00-00 00:00:00', '2017-12-14 15:29:23', 0, 00000000001),
('58098', '550098', '2', 'First Name_98', 'Last Name_98', 'Middle Name_98', 'Alias_98', 'Active', 'Detainee', '2017-12-04 00:00:00', '0000-00-00 00:00:00', '0000-00-00 00:00:00', '2017-12-14 15:29:32', 0, 00000000001),
('58099', '550099', '2', 'First Name_99', 'Last Name_99', 'Middle Name_99', 'Alias_99', 'Active', 'Detainee', '2017-12-04 00:00:00', '0000-00-00 00:00:00', '0000-00-00 00:00:00', '2017-12-14 15:29:40', 0, 00000000001),
('151265', '6326', '2', 'Te', 'Test', 'Test', 'Test', 'Pending', 'Pending', '0000-00-00 00:00:00', '0000-00-00 00:00:00', '0000-00-00 00:00:00', '2018-02-10 05:33:49', 0, 00000000001),
(' ', '7624634', '2', 'Test', 'Test', 'Test', 'Test', 'Active', 'Detainee', '2018-03-01 00:00:00', '0000-00-00 00:00:00', '0000-00-00 00:00:00', '2018-02-10 08:03:09', 0, 00000000001),
('0', '8235', '2', 'Test', 'Test', 'Test', 'Test', 'Active', 'Detainee', '2018-02-21 00:00:00', '0000-00-00 00:00:00', '0000-00-00 00:00:00', '2018-02-10 06:37:44', 0, 00000000001),
('123', '9874651325946132456', '1', 'Asd', 'Gsa', 'Gas', 'Asg', 'Active', 'Detainee', '2017-12-21 00:00:00', '0000-00-00 00:00:00', '0000-00-00 00:00:00', '2017-12-14 12:28:55', 0, 00000000001),
(' ', 'test', '2', 'Test', 'TESTtest', 'Test', 'Test', 'Active', 'Detainee', '2018-02-15 00:00:00', '0000-00-00 00:00:00', '0000-00-00 00:00:00', '2018-02-10 08:34:47', 0, 00000000001);

-- --------------------------------------------------------

--
-- Stand-in structure for view `inmates_full`
--
CREATE TABLE `inmates_full` (
`inmate_id` varchar(255)
,`cell_no` varchar(255)
,`inmate_fname` varchar(255)
,`inmate_lname` varchar(255)
,`inmate_mi` varchar(255)
,`inmate_alias` varchar(255)
,`status` enum('Active','Released','Transfer','Pending')
,`inmate_type` enum('Pending','Detainee','Convict','Probation')
,`date_detained` datetime
,`date_convicted` datetime
,`date_probation` datetime
,`datetime_added` timestamp
,`added_by` int(11) unsigned zerofill
,`i_is_read` int(2)
,`nationality` varchar(255)
,`inmate_info_status` enum('Single','Married','Widow','Widower')
,`birthdate` date
,`age` int(11)
,`gender` enum('Male','Female','','')
,`born_in` varchar(255)
,`home_add` varchar(255)
,`province_add` varchar(255)
,`occupation` varchar(255)
,`father` varchar(255)
,`mother` varchar(255)
,`relative` varchar(255)
,`address` varchar(255)
,`filename` varchar(255)
,`file_added_by` int(11) unsigned zerofill
,`img_set` enum('0','1')
,`file_no` int(11)
,`taken_by` varchar(255)
,`date` date
,`classified_by` varchar(255)
,`verified_by` varchar(255)
,`r_thumb` varchar(255)
,`r_index` varchar(255)
,`r_middle` varchar(255)
,`r_ring` varchar(255)
,`r_little` varchar(255)
,`l_thumb` varchar(255)
,`l_index` varchar(255)
,`l_middle` varchar(255)
,`l_ring` varchar(255)
,`l_little` varchar(255)
,`l_amp` varchar(255)
,`r_amp` varchar(255)
,`left_thumb` varchar(255)
,`right_thumb` varchar(255)
,`left_hand` varchar(255)
,`right_hand` varchar(255)
);

-- --------------------------------------------------------

--
-- Table structure for table `inmate_2d`
--

CREATE TABLE `inmate_2d` (
  `id` int(11) NOT NULL,
  `inmate_id` varchar(255) NOT NULL,
  `x_coor` int(11) NOT NULL,
  `y_coor` int(11) NOT NULL,
  `mark_name` varchar(255) NOT NULL,
  `mark_desc` text NOT NULL,
  `mark_type` enum('G1F','G2F','G3F','G4F','G5F','G6F','G1B','G2B','G3B','G4B','G5B','G6B','G1L','G2L','G3L','G1R','G2R','G3R','B1F','B2F','B3F','B4F','B5F','B6F','B1B','B2B','B3B','B4B','B5B','B6B','B1L','B2L','B3L','B1R','B2R','B3R') NOT NULL,
  `mark_filename` varchar(255) NOT NULL,
  `mark_img_set` int(11) NOT NULL,
  `mark_img_source` varchar(255) NOT NULL,
  `mark_addedby` bigint(20) UNSIGNED ZEROFILL NOT NULL,
  `markType` enum('scars','tattoo','birthmark','others') NOT NULL
) ENGINE=InnoDB DEFAULT CHARSET=latin1;

--
-- Dumping data for table `inmate_2d`
--

INSERT INTO `inmate_2d` (`id`, `inmate_id`, `x_coor`, `y_coor`, `mark_name`, `mark_desc`, `mark_type`, `mark_filename`, `mark_img_set`, `mark_img_source`, `mark_addedby`, `markType`) VALUES
(1, '9874651325946132456', 0, 0, 'asd', 'asd', 'B1F', '124004989_81n.jpg', 1, 'malefront.jpg', 00000000000000000001, 'scars'),
(2, '9874651325946132456', 0, 0, 'asd', 'asd', 'B2F', '8051cb042fae760d7a3c8dcfe502211f.jpg', 1, 'malefront.jpg', 00000000000000000001, 'scars'),
(3, '9874651325946132456', 0, 0, 'asd', 'asd', 'B1F', 'funny-zoo-animal-portraits-yago-partal-13.jpg', 1, 'malefront.jpg', 00000000000000000001, 'scars'),
(4, '5500100', 0, 0, 'asd', 'asd', 'G2F', '255888babd56ea9e17394233d36cfb3a.jpg', 1, 'femalefront.jpg', 00000000000000000001, 'scars');

-- --------------------------------------------------------

--
-- Table structure for table `inmate_auth_visitor`
--

CREATE TABLE `inmate_auth_visitor` (
  `id` bigint(20) NOT NULL,
  `inmate_id` varchar(255) DEFAULT NULL,
  `datetime` timestamp NOT NULL DEFAULT CURRENT_TIMESTAMP,
  `fullname` varchar(255) NOT NULL,
  `relation` varchar(255) NOT NULL,
  `address` varchar(255) NOT NULL,
  `contact_number` varchar(255) NOT NULL,
  `added_by` int(10) UNSIGNED ZEROFILL NOT NULL,
  `visit_filename` varchar(255) NOT NULL DEFAULT '192x192.jpg',
  `img_set` enum('0','1') NOT NULL DEFAULT '0'
) ENGINE=InnoDB DEFAULT CHARSET=latin1;

-- --------------------------------------------------------

--
-- Table structure for table `inmate_build`
--

CREATE TABLE `inmate_build` (
  `inmate_id` varchar(255) NOT NULL,
  `height` float NOT NULL,
  `weight` float NOT NULL,
  `complexion` varchar(255) NOT NULL,
  `build` text NOT NULL,
  `hair` varchar(255) NOT NULL,
  `hair_peculiarities` text NOT NULL
) ENGINE=InnoDB DEFAULT CHARSET=latin1;

--
-- Dumping data for table `inmate_build`
--

INSERT INTO `inmate_build` (`inmate_id`, `height`, `weight`, `complexion`, `build`, `hair`, `hair_peculiarities`) VALUES
('4124', 167.64, 167.2, 'Black', 'Medium', 'None', 'Bald'),
('550010', 162.56, 316.8, 'Light skin that always burns and never tans.', 'Ectomorph', 'Straight Hair', 'Hair_Pec_10'),
('5500100', 167, 155, 'Body_Complexion_100', 'Body_Build_100', 'Hair_100', 'Hair_Pec_100'),
('5500101', 167, 155, 'Body_Complexion_101', 'Body_Build_101', 'Hair_101', 'Hair_Pec_101'),
('5500102', 167, 155, 'Body_Complexion_102', 'Body_Build_102', 'Hair_102', 'Hair_Pec_102'),
('5500103', 167, 155, 'Body_Complexion_103', 'Body_Build_103', 'Hair_103', 'Hair_Pec_103'),
('5500104', 167, 155, 'Body_Complexion_104', 'Body_Build_104', 'Hair_104', 'Hair_Pec_104'),
('5500105', 167, 155, 'Body_Complexion_105', 'Body_Build_105', 'Hair_105', 'Hair_Pec_105'),
('5500106', 167, 155, 'Body_Complexion_106', 'Body_Build_106', 'Hair_106', 'Hair_Pec_106'),
('5500107', 167, 155, 'Body_Complexion_107', 'Body_Build_107', 'Hair_107', 'Hair_Pec_107'),
('5500108', 167, 155, 'Body_Complexion_108', 'Body_Build_108', 'Hair_108', 'Hair_Pec_108'),
('5500109', 167, 155, 'Body_Complexion_109', 'Body_Build_109', 'Hair_109', 'Hair_Pec_109'),
('550011', 167, 155, 'Body_Complexion_11', 'Body_Build_11', 'Hair_11', 'Hair_Pec_11'),
('5500110', 167, 155, 'Body_Complexion_110', 'Body_Build_110', 'Hair_110', 'Hair_Pec_110'),
('5500111', 167, 155, 'Body_Complexion_111', 'Body_Build_111', 'Hair_111', 'Hair_Pec_111'),
('5500112', 167, 155, 'Body_Complexion_112', 'Body_Build_112', 'Hair_112', 'Hair_Pec_112'),
('5500113', 167, 155, 'Body_Complexion_113', 'Body_Build_113', 'Hair_113', 'Hair_Pec_113'),
('5500114', 167, 155, 'Body_Complexion_114', 'Body_Build_114', 'Hair_114', 'Hair_Pec_114'),
('5500115', 167, 155, 'Body_Complexion_115', 'Body_Build_115', 'Hair_115', 'Hair_Pec_115'),
('5500116', 167, 155, 'Body_Complexion_116', 'Body_Build_116', 'Hair_116', 'Hair_Pec_116'),
('5500117', 167, 155, 'Body_Complexion_117', 'Body_Build_117', 'Hair_117', 'Hair_Pec_117'),
('5500118', 167, 155, 'Body_Complexion_118', 'Body_Build_118', 'Hair_118', 'Hair_Pec_118'),
('5500119', 167, 155, 'Body_Complexion_119', 'Body_Build_119', 'Hair_119', 'Hair_Pec_119'),
('550012', 167, 155, 'Body_Complexion_12', 'Body_Build_12', 'Hair_12', 'Hair_Pec_12'),
('5500120', 167, 155, 'Body_Complexion_120', 'Body_Build_120', 'Hair_120', 'Hair_Pec_120'),
('5500121', 167, 155, 'Body_Complexion_121', 'Body_Build_121', 'Hair_121', 'Hair_Pec_121'),
('5500122', 167, 155, 'Body_Complexion_122', 'Body_Build_122', 'Hair_122', 'Hair_Pec_122'),
('5500123', 167, 155, 'Body_Complexion_123', 'Body_Build_123', 'Hair_123', 'Hair_Pec_123'),
('5500124', 167, 155, 'Body_Complexion_124', 'Body_Build_124', 'Hair_124', 'Hair_Pec_124'),
('5500125', 167, 155, 'Body_Complexion_125', 'Body_Build_125', 'Hair_125', 'Hair_Pec_125'),
('5500126', 167, 155, 'Body_Complexion_126', 'Body_Build_126', 'Hair_126', 'Hair_Pec_126'),
('5500127', 167, 155, 'Body_Complexion_127', 'Body_Build_127', 'Hair_127', 'Hair_Pec_127'),
('5500128', 167, 155, 'Body_Complexion_128', 'Body_Build_128', 'Hair_128', 'Hair_Pec_128'),
('5500129', 167, 155, 'Body_Complexion_129', 'Body_Build_129', 'Hair_129', 'Hair_Pec_129'),
('550013', 167, 155, 'Body_Complexion_13', 'Body_Build_13', 'Hair_13', 'Hair_Pec_13'),
('5500130', 167, 155, 'Body_Complexion_130', 'Body_Build_130', 'Hair_130', 'Hair_Pec_130'),
('5500131', 167, 155, 'Body_Complexion_131', 'Body_Build_131', 'Hair_131', 'Hair_Pec_131'),
('5500132', 167, 155, 'Body_Complexion_132', 'Body_Build_132', 'Hair_132', 'Hair_Pec_132'),
('5500133', 167, 155, 'Body_Complexion_133', 'Body_Build_133', 'Hair_133', 'Hair_Pec_133'),
('5500134', 167, 155, 'Body_Complexion_134', 'Body_Build_134', 'Hair_134', 'Hair_Pec_134'),
('5500135', 167, 155, 'Body_Complexion_135', 'Body_Build_135', 'Hair_135', 'Hair_Pec_135'),
('5500136', 167, 155, 'Body_Complexion_136', 'Body_Build_136', 'Hair_136', 'Hair_Pec_136'),
('5500137', 167, 155, 'Body_Complexion_137', 'Body_Build_137', 'Hair_137', 'Hair_Pec_137'),
('5500138', 167, 155, 'Body_Complexion_138', 'Body_Build_138', 'Hair_138', 'Hair_Pec_138'),
('5500139', 167, 155, 'Body_Complexion_139', 'Body_Build_139', 'Hair_139', 'Hair_Pec_139'),
('550014', 167, 155, 'Body_Complexion_14', 'Body_Build_14', 'Hair_14', 'Hair_Pec_14'),
('5500140', 167, 155, 'Body_Complexion_140', 'Body_Build_140', 'Hair_140', 'Hair_Pec_140'),
('550015', 167, 155, 'Body_Complexion_15', 'Body_Build_15', 'Hair_15', 'Hair_Pec_15'),
('550016', 167, 155, 'Body_Complexion_16', 'Body_Build_16', 'Hair_16', 'Hair_Pec_16'),
('550017', 167, 155, 'Body_Complexion_17', 'Body_Build_17', 'Hair_17', 'Hair_Pec_17'),
('550018', 167, 155, 'Body_Complexion_18', 'Body_Build_18', 'Hair_18', 'Hair_Pec_18'),
('550019', 167, 155, 'Body_Complexion_19', 'Body_Build_19', 'Hair_19', 'Hair_Pec_19'),
('55002', 167, 155, 'Body_Complexion_2', 'Body_Build_2', 'Hair_2', 'Hair_Pec_2'),
('550020', 167, 155, 'Body_Complexion_20', 'Body_Build_20', 'Hair_20', 'Hair_Pec_20'),
('550021', 167, 155, 'Body_Complexion_21', 'Body_Build_21', 'Hair_21', 'Hair_Pec_21'),
('550022', 167, 155, 'Body_Complexion_22', 'Body_Build_22', 'Hair_22', 'Hair_Pec_22'),
('55003', 167, 155, 'Body_Complexion_3', 'Body_Build_3', 'Hair_3', 'Hair_Pec_3'),
('55004', 167, 155, 'Body_Complexion_4', 'Body_Build_4', 'Hair_4', 'Hair_Pec_4'),
('550041', 167, 155, 'Body_Complexion_41', 'Body_Build_41', 'Hair_41', 'Hair_Pec_41'),
('550042', 167, 155, 'Body_Complexion_42', 'Body_Build_42', 'Hair_42', 'Hair_Pec_42'),
('550043', 167, 155, 'Body_Complexion_43', 'Body_Build_43', 'Hair_43', 'Hair_Pec_43'),
('550044', 167, 155, 'Body_Complexion_44', 'Body_Build_44', 'Hair_44', 'Hair_Pec_44'),
('550045', 167, 155, 'Body_Complexion_45', 'Body_Build_45', 'Hair_45', 'Hair_Pec_45'),
('550046', 167, 155, 'Body_Complexion_46', 'Body_Build_46', 'Hair_46', 'Hair_Pec_46'),
('550047', 167, 155, 'Body_Complexion_47', 'Body_Build_47', 'Hair_47', 'Hair_Pec_47'),
('550048', 167, 155, 'Body_Complexion_48', 'Body_Build_48', 'Hair_48', 'Hair_Pec_48'),
('550049', 167, 155, 'Body_Complexion_49', 'Body_Build_49', 'Hair_49', 'Hair_Pec_49'),
('55005', 167, 155, 'Body_Complexion_5', 'Body_Build_5', 'Hair_5', 'Hair_Pec_5'),
('550050', 167, 155, 'Body_Complexion_50', 'Body_Build_50', 'Hair_50', 'Hair_Pec_50'),
('5500501', 167, 155, 'Body_Complexion_501', 'Body_Build_501', 'Hair_501', 'Hair_Pec_501'),
('5500502', 167, 155, 'Body_Complexion_502', 'Body_Build_502', 'Hair_502', 'Hair_Pec_502'),
('5500503', 167, 155, 'Body_Complexion_503', 'Body_Build_503', 'Hair_503', 'Hair_Pec_503'),
('550051', 167, 155, 'Body_Complexion_51', 'Body_Build_51', 'Hair_51', 'Hair_Pec_51'),
('550052', 167, 155, 'Body_Complexion_52', 'Body_Build_52', 'Hair_52', 'Hair_Pec_52'),
('550053', 167, 155, 'Body_Complexion_53', 'Body_Build_53', 'Hair_53', 'Hair_Pec_53'),
('550054', 167, 155, 'Body_Complexion_54', 'Body_Build_54', 'Hair_54', 'Hair_Pec_54'),
('550055', 167, 155, 'Body_Complexion_55', 'Body_Build_55', 'Hair_55', 'Hair_Pec_55'),
('550056', 167, 155, 'Body_Complexion_56', 'Body_Build_56', 'Hair_56', 'Hair_Pec_56'),
('550057', 167, 155, 'Body_Complexion_57', 'Body_Build_57', 'Hair_57', 'Hair_Pec_57'),
('550058', 167, 155, 'Body_Complexion_58', 'Body_Build_58', 'Hair_58', 'Hair_Pec_58'),
('550059', 167, 155, 'Body_Complexion_59', 'Body_Build_59', 'Hair_59', 'Hair_Pec_59'),
('55006', 167, 155, 'Body_Complexion_6', 'Body_Build_6', 'Hair_6', 'Hair_Pec_6'),
('550060', 167, 155, 'Body_Complexion_60', 'Body_Build_60', 'Hair_60', 'Hair_Pec_60'),
('550061', 167, 155, 'Body_Complexion_61', 'Body_Build_61', 'Hair_61', 'Hair_Pec_61'),
('550062', 167, 155, 'Body_Complexion_62', 'Body_Build_62', 'Hair_62', 'Hair_Pec_62'),
('550063', 167, 155, 'Body_Complexion_63', 'Body_Build_63', 'Hair_63', 'Hair_Pec_63'),
('550064', 167, 155, 'Body_Complexion_64', 'Body_Build_64', 'Hair_64', 'Hair_Pec_64'),
('550065', 167, 155, 'Body_Complexion_65', 'Body_Build_65', 'Hair_65', 'Hair_Pec_65'),
('550066', 167, 155, 'Body_Complexion_66', 'Body_Build_66', 'Hair_66', 'Hair_Pec_66'),
('550067', 167, 155, 'Body_Complexion_67', 'Body_Build_67', 'Hair_67', 'Hair_Pec_67'),
('550068', 167, 155, 'Body_Complexion_68', 'Body_Build_68', 'Hair_68', 'Hair_Pec_68'),
('550069', 167, 155, 'Body_Complexion_69', 'Body_Build_69', 'Hair_69', 'Hair_Pec_69'),
('55007', 167, 155, 'Body_Complexion_7', 'Body_Build_7', 'Hair_7', 'Hair_Pec_7'),
('550070', 167, 155, 'Body_Complexion_70', 'Body_Build_70', 'Hair_70', 'Hair_Pec_70'),
('550071', 167, 155, 'Body_Complexion_71', 'Body_Build_71', 'Hair_71', 'Hair_Pec_71'),
('550072', 167, 155, 'Body_Complexion_72', 'Body_Build_72', 'Hair_72', 'Hair_Pec_72'),
('550073', 167, 155, 'Body_Complexion_73', 'Body_Build_73', 'Hair_73', 'Hair_Pec_73'),
('550074', 167, 155, 'Body_Complexion_74', 'Body_Build_74', 'Hair_74', 'Hair_Pec_74'),
('550075', 167, 155, 'Body_Complexion_75', 'Body_Build_75', 'Hair_75', 'Hair_Pec_75'),
('550076', 167, 155, 'Body_Complexion_76', 'Body_Build_76', 'Hair_76', 'Hair_Pec_76'),
('550077', 167, 155, 'Body_Complexion_77', 'Body_Build_77', 'Hair_77', 'Hair_Pec_77'),
('550078', 167, 155, 'Body_Complexion_78', 'Body_Build_78', 'Hair_78', 'Hair_Pec_78'),
('550079', 167, 155, 'Body_Complexion_79', 'Body_Build_79', 'Hair_79', 'Hair_Pec_79'),
('55008', 167, 155, 'Body_Complexion_8', 'Body_Build_8', 'Hair_8', 'Hair_Pec_8'),
('550080', 167, 155, 'Body_Complexion_80', 'Body_Build_80', 'Hair_80', 'Hair_Pec_80'),
('550081', 167, 155, 'Body_Complexion_81', 'Body_Build_81', 'Hair_81', 'Hair_Pec_81'),
('550082', 167, 155, 'Body_Complexion_82', 'Body_Build_82', 'Hair_82', 'Hair_Pec_82'),
('550083', 167, 155, 'Body_Complexion_83', 'Body_Build_83', 'Hair_83', 'Hair_Pec_83'),
('550084', 167, 155, 'Body_Complexion_84', 'Body_Build_84', 'Hair_84', 'Hair_Pec_84'),
('550085', 167, 155, 'Body_Complexion_85', 'Body_Build_85', 'Hair_85', 'Hair_Pec_85'),
('550086', 167, 155, 'Body_Complexion_86', 'Body_Build_86', 'Hair_86', 'Hair_Pec_86'),
('550087', 167, 155, 'Body_Complexion_87', 'Body_Build_87', 'Hair_87', 'Hair_Pec_87'),
('550088', 167, 155, 'Body_Complexion_88', 'Body_Build_88', 'Hair_88', 'Hair_Pec_88'),
('550089', 167, 155, 'Body_Complexion_89', 'Body_Build_89', 'Hair_89', 'Hair_Pec_89'),
('55009', 167, 155, 'Body_Complexion_9', 'Body_Build_9', 'Hair_9', 'Hair_Pec_9'),
('550090', 167, 155, 'Body_Complexion_90', 'Body_Build_90', 'Hair_90', 'Hair_Pec_90'),
('550091', 167, 155, 'Body_Complexion_91', 'Body_Build_91', 'Hair_91', 'Hair_Pec_91'),
('550092', 167, 155, 'Body_Complexion_92', 'Body_Build_92', 'Hair_92', 'Hair_Pec_92'),
('550093', 167, 155, 'Body_Complexion_93', 'Body_Build_93', 'Hair_93', 'Hair_Pec_93'),
('550094', 167, 155, 'Body_Complexion_94', 'Body_Build_94', 'Hair_94', 'Hair_Pec_94'),
('550095', 167, 155, 'Body_Complexion_95', 'Body_Build_95', 'Hair_95', 'Hair_Pec_95'),
('550096', 167, 155, 'Body_Complexion_96', 'Body_Build_96', 'Hair_96', 'Hair_Pec_96'),
('550097', 167, 155, 'Body_Complexion_97', 'Body_Build_97', 'Hair_97', 'Hair_Pec_97'),
('550098', 167, 155, 'Body_Complexion_98', 'Body_Build_98', 'Hair_98', 'Hair_Pec_98'),
('550099', 167, 155, 'Body_Complexion_99', 'Body_Build_99', 'Hair_99', 'Hair_Pec_99'),
('6326', 167.64, 167.2, 'test', 'test', 'test', 'test'),
('7624634', 167, 189, 'test', 'test', 'test', 'test'),
('8235', 2611.12, 250.8, 'Olive skin that rarely burns and tans well.', 'Mesomorph', 'Curly Hair', 'asdasd'),
('9874651325946132456', 12, 123, 'asdas', 'asd', 'asf', 'fasfsaf'),
('test', 170.18, 143, 'test', 'test', 'test', 'test');

-- --------------------------------------------------------

--
-- Table structure for table `inmate_case_info`
--

CREATE TABLE `inmate_case_info` (
  `cid` int(11) NOT NULL,
  `inmate_id` varchar(255) NOT NULL,
  `case_no` varchar(255) NOT NULL,
  `court_name` varchar(255) NOT NULL,
  `date_confinment` date NOT NULL,
  `crime` text NOT NULL,
  `sentence` text NOT NULL,
  `counts` int(11) NOT NULL,
  `commencing` varchar(255) NOT NULL,
  `expire_good` date NOT NULL,
  `expire_bad` date NOT NULL,
  `time_added` timestamp NOT NULL DEFAULT CURRENT_TIMESTAMP,
  `case_status` enum('0','1') NOT NULL DEFAULT '0'
) ENGINE=InnoDB DEFAULT CHARSET=latin1;

--
-- Dumping data for table `inmate_case_info`
--

INSERT INTO `inmate_case_info` (`cid`, `inmate_id`, `case_no`, `court_name`, `date_confinment`, `crime`, `sentence`, `counts`, `commencing`, `expire_good`, `expire_bad`, `time_added`, `case_status`) VALUES
(1, '9874651325946132456', '123', 'RTC Branch 1', '2017-12-21', '00000000003', '0', 0, 'asd', '0000-00-00', '0000-00-00', '2017-12-14 12:34:29', '0'),
(2, '9874651325946132456', '215215125', 'RTC Branch 1', '2017-12-28', '00000000003', '0', 0, 'asd', '0000-00-00', '0000-00-00', '2017-12-14 13:31:08', '0'),
(3, '9874651325946132456', '125215125', 'RTC Branch 1', '2017-12-08', '00000000003', '0', 0, 'asd', '0000-00-00', '0000-00-00', '2017-12-14 13:35:52', '0'),
(4, '9874651325946132456', '1526243', 'RTC Branch 1', '2017-12-21', '00000000003', '0', 0, 'asd', '0000-00-00', '0000-00-00', '2017-12-14 13:36:06', '0'),
(5, '9874651325946132456', '125512125', 'RTC Branch 1', '2017-12-07', '00000000003', '0', 0, 'asd', '0000-00-00', '0000-00-00', '2017-12-14 13:37:42', '0'),
(6, '9874651325946132456', '12563225', 'RTC Branch 1', '2017-12-21', '00000000003', '0', 0, 'qwqwwqtw', '0000-00-00', '0000-00-00', '2017-12-14 13:38:45', '0'),
(7, '9874651325946132456', '12563225', 'RTC Branch 1', '2017-12-21', '00000000003', '0', 0, 'qwqwwqtw', '0000-00-00', '0000-00-00', '2017-12-14 13:39:23', '0'),
(8, '5500501', '5780501', 'RTC Branch 1', '2017-12-04', '00000000003', '0', 0, 'Commencing_501', '0000-00-00', '0000-00-00', '2017-12-14 15:14:21', '0'),
(9, '5500502', '5780502', 'RTC Branch 2', '2017-12-04', '00000000004', '0', 0, 'Commencing_502', '0000-00-00', '0000-00-00', '2017-12-14 15:14:33', '0'),
(10, '55002', '57802', 'RTC Branch 1', '2017-12-04', '00000000003', '0', 0, 'Commencing_2', '0000-00-00', '0000-00-00', '2017-12-14 15:15:46', '1'),
(11, '55003', '57803', 'RTC Branch 2', '2017-12-04', '00000000004', '0', 0, 'Commencing_3', '0000-00-00', '0000-00-00', '2017-12-14 15:15:58', '1'),
(12, '55004', '57804', 'RTC Branch 1', '2017-12-04', '00000000003', '0', 0, 'Commencing_4', '0000-00-00', '0000-00-00', '2017-12-14 15:16:08', '1'),
(13, '55005', '57805', 'RTC Branch 2', '2017-12-04', '00000000004', '0', 0, 'Commencing_5', '0000-00-00', '0000-00-00', '2017-12-14 15:16:19', '0'),
(14, '55006', '57806', 'RTC Branch 1', '2017-12-04', '00000000003', '0', 0, 'Commencing_6', '0000-00-00', '0000-00-00', '2017-12-14 15:16:28', '1'),
(15, '55007', '57807', 'RTC Branch 2', '2017-12-04', '00000000004', '0', 0, 'Commencing_7', '0000-00-00', '0000-00-00', '2017-12-14 15:16:38', '0'),
(16, '55008', '57808', 'RTC Branch 1', '2017-12-04', '00000000003', '0', 0, 'Commencing_8', '0000-00-00', '0000-00-00', '2017-12-14 15:16:48', '1'),
(17, '55009', '57809', 'RTC Branch 2', '2017-12-04', '00000000004', '0', 0, 'Commencing_9', '0000-00-00', '0000-00-00', '2017-12-14 15:16:57', '0'),
(18, '550010', '578010', 'RTC Branch 1', '2017-12-04', '00000000003', '0', 0, 'Commencing_10', '0000-00-00', '0000-00-00', '2017-12-14 15:17:06', '0'),
(19, '550011', '578011', 'RTC Branch 1', '2017-12-04', '00000000003', '0', 0, 'Commencing_11', '0000-00-00', '0000-00-00', '2017-12-14 15:17:50', '0'),
(20, '550012', '578012', 'RTC Branch 2', '2017-12-04', '00000000004', '0', 0, 'Commencing_12', '0000-00-00', '0000-00-00', '2017-12-14 15:18:02', '1'),
(21, '550013', '578013', 'RTC Branch 1', '2017-12-04', '00000000003', '0', 0, 'Commencing_13', '0000-00-00', '0000-00-00', '2017-12-14 15:18:19', '0'),
(22, '550014', '578014', 'RTC Branch 2', '2017-12-04', '00000000004', '0', 0, 'Commencing_14', '0000-00-00', '0000-00-00', '2017-12-14 15:18:29', '0'),
(23, '550015', '578015', 'RTC Branch 1', '2017-12-04', '00000000003', '0', 0, 'Commencing_15', '0000-00-00', '0000-00-00', '2017-12-14 15:18:41', '0'),
(24, '550016', '578016', 'RTC Branch 2', '2017-12-04', '00000000004', '0', 0, 'Commencing_16', '0000-00-00', '0000-00-00', '2017-12-14 15:18:52', '0'),
(25, '550017', '578017', 'RTC Branch 1', '2017-12-04', '00000000003', '0', 0, 'Commencing_17', '0000-00-00', '0000-00-00', '2017-12-14 15:19:03', '0'),
(26, '550018', '578018', 'RTC Branch 2', '2017-12-04', '00000000004', '0', 0, 'Commencing_18', '0000-00-00', '0000-00-00', '2017-12-14 15:19:13', '0'),
(27, '550019', '578019', 'RTC Branch 1', '2017-12-04', '00000000003', '0', 0, 'Commencing_19', '0000-00-00', '0000-00-00', '2017-12-14 15:19:23', '0'),
(28, '550020', '578020', 'RTC Branch 2', '2017-12-04', '00000000004', '0', 0, 'Commencing_20', '0000-00-00', '0000-00-00', '2017-12-14 15:19:33', '0'),
(29, '550021', '578021', 'RTC Branch 1', '2017-12-04', '00000000003', '0', 0, 'Commencing_21', '0000-00-00', '0000-00-00', '2017-12-14 15:19:42', '0'),
(30, '550041', '578041', 'RTC Branch 1', '2017-12-04', '00000000003', '0', 0, 'Commencing_41', '0000-00-00', '0000-00-00', '2017-12-14 15:20:50', '0'),
(31, '550042', '578042', 'RTC Branch 2', '2017-12-04', '00000000004', '0', 0, 'Commencing_42', '0000-00-00', '0000-00-00', '2017-12-14 15:21:03', '0'),
(32, '550043', '578043', 'RTC Branch 1', '2017-12-04', '00000000003', '0', 0, 'Commencing_43', '0000-00-00', '0000-00-00', '2017-12-14 15:21:14', '0'),
(33, '550044', '578044', 'RTC Branch 2', '2017-12-04', '00000000004', '0', 0, 'Commencing_44', '0000-00-00', '0000-00-00', '2017-12-14 15:21:23', '0'),
(34, '550045', '578045', 'RTC Branch 1', '2017-12-04', '00000000003', '0', 0, 'Commencing_45', '0000-00-00', '0000-00-00', '2017-12-14 15:21:34', '0'),
(35, '550046', '578046', 'RTC Branch 2', '2017-12-04', '00000000004', '0', 0, 'Commencing_46', '0000-00-00', '0000-00-00', '2017-12-14 15:21:43', '0'),
(36, '550047', '578047', 'RTC Branch 1', '2017-12-04', '00000000003', '0', 0, 'Commencing_47', '0000-00-00', '0000-00-00', '2017-12-14 15:21:52', '0'),
(37, '550048', '578048', 'RTC Branch 2', '2017-12-04', '00000000004', '0', 0, 'Commencing_48', '0000-00-00', '0000-00-00', '2017-12-14 15:22:02', '0'),
(38, '550049', '578049', 'RTC Branch 1', '2017-12-04', '00000000003', '0', 0, 'Commencing_49', '0000-00-00', '0000-00-00', '2017-12-14 15:22:11', '0'),
(39, '550050', '578050', 'RTC Branch 2', '2017-12-04', '00000000004', '0', 0, 'Commencing_50', '0000-00-00', '0000-00-00', '2017-12-14 15:22:19', '0'),
(40, '550051', '578051', 'RTC Branch 1', '2017-12-04', '00000000003', '0', 0, 'Commencing_51', '0000-00-00', '0000-00-00', '2017-12-14 15:22:29', '0'),
(41, '550052', '578052', 'RTC Branch 2', '2017-12-04', '00000000004', '0', 0, 'Commencing_52', '0000-00-00', '0000-00-00', '2017-12-14 15:22:38', '0'),
(42, '550053', '578053', 'RTC Branch 1', '2017-12-04', '00000000003', '0', 0, 'Commencing_53', '0000-00-00', '0000-00-00', '2017-12-14 15:22:47', '0'),
(43, '550054', '578054', 'RTC Branch 2', '2017-12-04', '00000000004', '0', 0, 'Commencing_54', '0000-00-00', '0000-00-00', '2017-12-14 15:22:58', '0'),
(44, '550055', '578055', 'RTC Branch 1', '2017-12-04', '00000000003', '0', 0, 'Commencing_55', '0000-00-00', '0000-00-00', '2017-12-14 15:23:07', '0'),
(45, '550056', '578056', 'RTC Branch 2', '2017-12-04', '00000000004', '0', 0, 'Commencing_56', '0000-00-00', '0000-00-00', '2017-12-14 15:23:16', '0'),
(46, '550057', '578057', 'RTC Branch 1', '2017-12-04', '00000000003', '0', 0, 'Commencing_57', '0000-00-00', '0000-00-00', '2017-12-14 15:23:25', '0'),
(47, '550058', '578058', 'RTC Branch 2', '2017-12-04', '00000000004', '0', 0, 'Commencing_58', '0000-00-00', '0000-00-00', '2017-12-14 15:23:35', '0'),
(48, '550059', '578059', 'RTC Branch 1', '2017-12-04', '00000000003', '0', 0, 'Commencing_59', '0000-00-00', '0000-00-00', '2017-12-14 15:23:44', '0'),
(49, '550060', '578060', 'RTC Branch 2', '2017-12-04', '00000000004', '0', 0, 'Commencing_60', '0000-00-00', '0000-00-00', '2017-12-14 15:23:54', '0'),
(50, '550061', '578061', 'RTC Branch 1', '2017-12-04', '00000000003', '0', 0, 'Commencing_61', '0000-00-00', '0000-00-00', '2017-12-14 15:24:03', '0'),
(51, '550062', '578062', 'RTC Branch 2', '2017-12-04', '00000000004', '0', 0, 'Commencing_62', '0000-00-00', '0000-00-00', '2017-12-14 15:24:11', '0'),
(52, '550063', '578063', 'RTC Branch 1', '2017-12-04', '00000000003', '0', 0, 'Commencing_63', '0000-00-00', '0000-00-00', '2017-12-14 15:24:21', '0'),
(53, '550064', '578064', 'RTC Branch 2', '2017-12-04', '00000000004', '0', 0, 'Commencing_64', '0000-00-00', '0000-00-00', '2017-12-14 15:24:30', '0'),
(54, '550065', '578065', 'RTC Branch 1', '2017-12-04', '00000000003', '0', 0, 'Commencing_65', '0000-00-00', '0000-00-00', '2017-12-14 15:24:39', '0'),
(55, '550066', '578066', 'RTC Branch 2', '2017-12-04', '00000000004', '0', 0, 'Commencing_66', '0000-00-00', '0000-00-00', '2017-12-14 15:24:48', '0'),
(56, '550067', '578067', 'RTC Branch 1', '2017-12-04', '00000000003', '0', 0, 'Commencing_67', '0000-00-00', '0000-00-00', '2017-12-14 15:24:58', '0'),
(57, '550068', '578068', 'RTC Branch 2', '2017-12-04', '00000000004', '0', 0, 'Commencing_68', '0000-00-00', '0000-00-00', '2017-12-14 15:25:07', '0'),
(58, '550069', '578069', 'RTC Branch 1', '2017-12-04', '00000000003', '0', 0, 'Commencing_69', '0000-00-00', '0000-00-00', '2017-12-14 15:25:15', '0'),
(59, '550070', '578070', 'RTC Branch 2', '2017-12-04', '00000000004', '0', 0, 'Commencing_70', '0000-00-00', '0000-00-00', '2017-12-14 15:25:24', '0'),
(60, '550071', '578071', 'RTC Branch 1', '2017-12-04', '00000000003', '0', 0, 'Commencing_71', '0000-00-00', '0000-00-00', '2017-12-14 15:25:32', '0'),
(61, '550072', '578072', 'RTC Branch 2', '2017-12-04', '00000000004', '0', 0, 'Commencing_72', '0000-00-00', '0000-00-00', '2017-12-14 15:25:41', '0'),
(62, '550073', '578073', 'RTC Branch 1', '2017-12-04', '00000000003', '0', 0, 'Commencing_73', '0000-00-00', '0000-00-00', '2017-12-14 15:25:50', '0'),
(63, '550074', '578074', 'RTC Branch 2', '2017-12-04', '00000000004', '0', 0, 'Commencing_74', '0000-00-00', '0000-00-00', '2017-12-14 15:25:59', '0'),
(64, '550075', '578075', 'RTC Branch 1', '2017-12-04', '00000000003', '0', 0, 'Commencing_75', '0000-00-00', '0000-00-00', '2017-12-14 15:26:08', '0'),
(65, '550076', '578076', 'RTC Branch 2', '2017-12-04', '00000000004', '0', 0, 'Commencing_76', '0000-00-00', '0000-00-00', '2017-12-14 15:26:17', '0'),
(66, '550077', '578077', 'RTC Branch 1', '2017-12-04', '00000000003', '0', 0, 'Commencing_77', '0000-00-00', '0000-00-00', '2017-12-14 15:26:25', '0'),
(67, '550078', '578078', 'RTC Branch 2', '2017-12-04', '00000000004', '0', 0, 'Commencing_78', '0000-00-00', '0000-00-00', '2017-12-14 15:26:33', '0'),
(68, '550079', '578079', 'RTC Branch 1', '2017-12-04', '00000000003', '0', 0, 'Commencing_79', '0000-00-00', '0000-00-00', '2017-12-14 15:26:42', '0'),
(69, '550080', '578080', 'RTC Branch 2', '2017-12-04', '00000000004', '0', 0, 'Commencing_80', '0000-00-00', '0000-00-00', '2017-12-14 15:26:51', '0'),
(70, '550081', '578081', 'RTC Branch 1', '2017-12-04', '00000000003', '0', 0, 'Commencing_81', '0000-00-00', '0000-00-00', '2017-12-14 15:26:59', '0'),
(71, '550082', '578082', 'RTC Branch 2', '2017-12-04', '00000000004', '0', 0, 'Commencing_82', '0000-00-00', '0000-00-00', '2017-12-14 15:27:09', '0'),
(72, '550083', '578083', 'RTC Branch 1', '2017-12-04', '00000000003', '0', 0, 'Commencing_83', '0000-00-00', '0000-00-00', '2017-12-14 15:27:19', '0'),
(73, '550084', '578084', 'RTC Branch 2', '2017-12-04', '00000000004', '0', 0, 'Commencing_84', '0000-00-00', '0000-00-00', '2017-12-14 15:27:28', '0'),
(74, '550085', '578085', 'RTC Branch 1', '2017-12-04', '00000000003', '0', 0, 'Commencing_85', '0000-00-00', '0000-00-00', '2017-12-14 15:27:37', '0'),
(75, '550086', '578086', 'RTC Branch 2', '2017-12-04', '00000000004', '0', 0, 'Commencing_86', '0000-00-00', '0000-00-00', '2017-12-14 15:27:46', '0'),
(76, '550087', '578087', 'RTC Branch 1', '2017-12-04', '00000000003', '0', 0, 'Commencing_87', '0000-00-00', '0000-00-00', '2017-12-14 15:27:55', '0'),
(77, '550088', '578088', 'RTC Branch 2', '2017-12-04', '00000000004', '0', 0, 'Commencing_88', '0000-00-00', '0000-00-00', '2017-12-14 15:28:04', '0'),
(78, '550089', '578089', 'RTC Branch 1', '2017-12-04', '00000000003', '0', 0, 'Commencing_89', '0000-00-00', '0000-00-00', '2017-12-14 15:28:14', '0'),
(79, '550090', '578090', 'RTC Branch 2', '2017-12-04', '00000000004', '0', 0, 'Commencing_90', '0000-00-00', '0000-00-00', '2017-12-14 15:28:24', '0'),
(80, '550091', '578091', 'RTC Branch 1', '2017-12-04', '00000000003', '0', 0, 'Commencing_91', '0000-00-00', '0000-00-00', '2017-12-14 15:28:33', '0'),
(81, '550092', '578092', 'RTC Branch 2', '2017-12-04', '00000000004', '0', 0, 'Commencing_92', '0000-00-00', '0000-00-00', '2017-12-14 15:28:42', '0'),
(82, '550093', '578093', 'RTC Branch 1', '2017-12-04', '00000000003', '0', 0, 'Commencing_93', '0000-00-00', '0000-00-00', '2017-12-14 15:28:50', '0'),
(83, '550094', '578094', 'RTC Branch 2', '2017-12-04', '00000000004', '0', 0, 'Commencing_94', '0000-00-00', '0000-00-00', '2017-12-14 15:29:02', '0'),
(84, '550095', '578095', 'RTC Branch 1', '2017-12-04', '00000000003', '0', 0, 'Commencing_95', '0000-00-00', '0000-00-00', '2017-12-14 15:29:10', '0'),
(85, '550096', '578096', 'RTC Branch 2', '2017-12-04', '00000000004', '0', 0, 'Commencing_96', '0000-00-00', '0000-00-00', '2017-12-14 15:29:19', '0'),
(86, '550097', '578097', 'RTC Branch 1', '2017-12-04', '00000000003', '0', 0, 'Commencing_97', '0000-00-00', '0000-00-00', '2017-12-14 15:29:28', '0'),
(87, '550098', '578098', 'RTC Branch 2', '2017-12-04', '00000000004', '0', 0, 'Commencing_98', '0000-00-00', '0000-00-00', '2017-12-14 15:29:37', '0'),
(88, '550099', '578099', 'RTC Branch 1', '2017-12-04', '00000000003', '0', 0, 'Commencing_99', '0000-00-00', '0000-00-00', '2017-12-14 15:29:45', '0'),
(89, '5500100', '5780100', 'RTC Branch 2', '2017-12-04', '00000000004', '0', 0, 'Commencing_100', '0000-00-00', '0000-00-00', '2017-12-14 15:29:54', '0'),
(90, '5500101', '5780101', 'RTC Branch 1', '2017-12-04', '00000000003', '0', 0, 'Commencing_101', '0000-00-00', '0000-00-00', '2017-12-14 15:30:04', '0'),
(91, '5500102', '5780102', 'RTC Branch 2', '2017-12-04', '00000000004', '0', 0, 'Commencing_102', '0000-00-00', '0000-00-00', '2017-12-14 15:30:12', '0'),
(92, '5500103', '5780103', 'RTC Branch 1', '2017-12-04', '00000000003', '0', 0, 'Commencing_103', '0000-00-00', '0000-00-00', '2017-12-14 15:30:21', '0'),
(93, '5500104', '5780104', 'RTC Branch 2', '2017-12-04', '00000000004', '0', 0, 'Commencing_104', '0000-00-00', '0000-00-00', '2017-12-14 15:30:29', '0'),
(94, '5500105', '5780105', 'RTC Branch 1', '2017-12-04', '00000000003', '0', 0, 'Commencing_105', '0000-00-00', '0000-00-00', '2017-12-14 15:30:38', '0'),
(95, '5500106', '5780106', 'RTC Branch 2', '2017-12-04', '00000000004', '0', 0, 'Commencing_106', '0000-00-00', '0000-00-00', '2017-12-14 15:30:46', '0'),
(96, '5500107', '5780107', 'RTC Branch 1', '2017-12-04', '00000000003', '0', 0, 'Commencing_107', '0000-00-00', '0000-00-00', '2017-12-14 15:30:55', '0'),
(97, '5500108', '5780108', 'RTC Branch 2', '2017-12-04', '00000000004', '0', 0, 'Commencing_108', '0000-00-00', '0000-00-00', '2017-12-14 15:31:04', '0'),
(98, '5500109', '5780109', 'RTC Branch 1', '2017-12-04', '00000000003', '0', 0, 'Commencing_109', '0000-00-00', '0000-00-00', '2017-12-14 15:31:12', '0'),
(99, '5500110', '5780110', 'RTC Branch 2', '2017-12-04', '00000000004', '0', 0, 'Commencing_110', '0000-00-00', '0000-00-00', '2017-12-14 15:31:21', '0'),
(100, '5500111', '5780111', 'RTC Branch 1', '2017-12-04', '00000000003', '0', 0, 'Commencing_111', '0000-00-00', '0000-00-00', '2017-12-14 15:31:30', '0'),
(101, '5500112', '5780112', 'RTC Branch 2', '2017-12-04', '00000000004', '0', 0, 'Commencing_112', '0000-00-00', '0000-00-00', '2017-12-14 15:31:38', '0'),
(102, '5500113', '5780113', 'RTC Branch 1', '2017-12-04', '00000000003', '0', 0, 'Commencing_113', '0000-00-00', '0000-00-00', '2017-12-14 15:31:47', '0'),
(103, '5500114', '5780114', 'RTC Branch 2', '2017-12-04', '00000000004', '0', 0, 'Commencing_114', '0000-00-00', '0000-00-00', '2017-12-14 15:31:56', '0'),
(104, '5500115', '5780115', 'RTC Branch 1', '2017-12-04', '00000000003', '0', 0, 'Commencing_115', '0000-00-00', '0000-00-00', '2017-12-14 15:32:04', '0'),
(105, '5500116', '5780116', 'RTC Branch 2', '2017-12-04', '00000000004', '0', 0, 'Commencing_116', '0000-00-00', '0000-00-00', '2017-12-14 15:32:12', '0'),
(106, '5500117', '5780117', 'RTC Branch 1', '2017-12-04', '00000000003', '0', 0, 'Commencing_117', '0000-00-00', '0000-00-00', '2017-12-14 15:32:21', '0'),
(107, '5500118', '5780118', 'RTC Branch 2', '2017-12-04', '00000000004', '0', 0, 'Commencing_118', '0000-00-00', '0000-00-00', '2017-12-14 15:32:30', '0'),
(108, '5500119', '5780119', 'RTC Branch 1', '2017-12-04', '00000000003', '0', 0, 'Commencing_119', '0000-00-00', '0000-00-00', '2017-12-14 15:32:38', '0'),
(109, '5500120', '5780120', 'RTC Branch 2', '2017-12-04', '00000000004', '0', 0, 'Commencing_120', '0000-00-00', '0000-00-00', '2017-12-14 15:32:47', '0'),
(110, '5500121', '5780121', 'RTC Branch 1', '2017-12-04', '00000000003', '0', 0, 'Commencing_121', '0000-00-00', '0000-00-00', '2017-12-14 15:32:56', '0'),
(111, '5500122', '5780122', 'RTC Branch 2', '2017-12-04', '00000000004', '0', 0, 'Commencing_122', '0000-00-00', '0000-00-00', '2017-12-14 15:33:05', '0'),
(112, '5500123', '5780123', 'RTC Branch 1', '2017-12-04', '00000000003', '0', 0, 'Commencing_123', '0000-00-00', '0000-00-00', '2017-12-14 15:33:13', '0'),
(113, '5500124', '5780124', 'RTC Branch 2', '2017-12-04', '00000000004', '0', 0, 'Commencing_124', '0000-00-00', '0000-00-00', '2017-12-14 15:33:21', '0'),
(114, '5500125', '5780125', 'RTC Branch 1', '2017-12-04', '00000000003', '0', 0, 'Commencing_125', '0000-00-00', '0000-00-00', '2017-12-14 15:33:29', '0'),
(115, '5500126', '5780126', 'RTC Branch 2', '2017-12-04', '00000000004', '0', 0, 'Commencing_126', '0000-00-00', '0000-00-00', '2017-12-14 15:33:38', '0'),
(116, '5500127', '5780127', 'RTC Branch 1', '2017-12-04', '00000000003', '0', 0, 'Commencing_127', '0000-00-00', '0000-00-00', '2017-12-14 15:33:46', '0'),
(117, '5500128', '5780128', 'RTC Branch 2', '2017-12-04', '00000000004', '0', 0, 'Commencing_128', '0000-00-00', '0000-00-00', '2017-12-14 15:33:54', '0'),
(118, '5500129', '5780129', 'RTC Branch 1', '2017-12-04', '00000000003', '0', 0, 'Commencing_129', '0000-00-00', '0000-00-00', '2017-12-14 15:34:03', '0'),
(119, '5500130', '5780130', 'RTC Branch 2', '2017-12-04', '00000000004', '0', 0, 'Commencing_130', '0000-00-00', '0000-00-00', '2017-12-14 15:34:11', '0'),
(120, '5500131', '5780131', 'RTC Branch 1', '2017-12-04', '00000000003', '0', 0, 'Commencing_131', '0000-00-00', '0000-00-00', '2017-12-14 15:34:18', '0'),
(121, '5500132', '5780132', 'RTC Branch 2', '2017-12-04', '00000000004', '0', 0, 'Commencing_132', '0000-00-00', '0000-00-00', '2017-12-14 15:34:26', '0'),
(122, '5500133', '5780133', 'RTC Branch 1', '2017-12-04', '00000000003', '0', 0, 'Commencing_133', '0000-00-00', '0000-00-00', '2017-12-14 15:34:35', '0'),
(123, '5500134', '5780134', 'RTC Branch 2', '2017-12-04', '00000000004', '0', 0, 'Commencing_134', '0000-00-00', '0000-00-00', '2017-12-14 15:34:43', '0'),
(124, '5500135', '5780135', 'RTC Branch 1', '2017-12-04', '00000000003', '0', 0, 'Commencing_135', '0000-00-00', '0000-00-00', '2017-12-14 15:34:51', '0'),
(125, '5500136', '5780136', 'RTC Branch 2', '2017-12-04', '00000000004', '0', 0, 'Commencing_136', '0000-00-00', '0000-00-00', '2017-12-14 15:35:00', '0'),
(126, '5500137', '5780137', 'RTC Branch 1', '2017-12-04', '00000000003', '0', 0, 'Commencing_137', '0000-00-00', '0000-00-00', '2017-12-14 15:35:09', '0'),
(127, '5500138', '5780138', 'RTC Branch 2', '2017-12-04', '00000000004', '0', 0, 'Commencing_138', '0000-00-00', '0000-00-00', '2017-12-14 15:35:17', '0'),
(128, '5500139', '5780139', 'RTC Branch 1', '2017-12-04', '00000000003', '0', 0, 'Commencing_139', '0000-00-00', '0000-00-00', '2017-12-14 15:35:25', '0'),
(129, '5500140', '5780140', 'RTC Branch 2', '2017-12-04', '00000000004', '0', 0, 'Commencing_140', '0000-00-00', '0000-00-00', '2017-12-14 15:35:35', '0'),
(130, '550022', '123', 'RTC Branch 1', '2017-12-13', '00000000004', '0', 0, 'asd', '0000-00-00', '0000-00-00', '2017-12-17 09:50:18', '0'),
(131, '550022', '123', 'RTC Branch 1', '2017-12-27', '00000000003', '0', 0, 'asd', '0000-00-00', '0000-00-00', '2017-12-17 09:54:34', '0'),
(132, '550022', '123', 'RTC Branch 1', '2017-12-27', '00000000003', '0', 0, 'asd', '0000-00-00', '0000-00-00', '2017-12-17 09:55:15', '0'),
(133, '550022', '123', 'RTC Branch 1', '2017-12-27', '00000000003', '0', 0, 'asd', '0000-00-00', '0000-00-00', '2017-12-17 09:56:23', '0'),
(134, '5500503', '123', 'RTC Branch 1', '2017-12-21', '00000000003', '0', 0, 'asd', '0000-00-00', '0000-00-00', '2017-12-17 09:57:04', '0'),
(135, '5500503', '123', 'RTC Branch 1', '2017-12-21', '00000000004', '0', 0, 'asd', '0000-00-00', '0000-00-00', '2017-12-17 09:59:46', '0'),
(136, '5500100', '5780101', 'RTC Branch 1', '2017-12-13', '00000000003', '0', 0, 'asd', '0000-00-00', '0000-00-00', '2017-12-17 10:04:05', '0'),
(137, '5500503', '1234', 'RTC Branch 1', '2017-12-08', '00000000003', '0', 0, 'asd', '0000-00-00', '0000-00-00', '2017-12-17 10:04:42', '0'),
(138, '5500503', '1234', 'RTC Branch 1', '2017-12-13', '00000000004', '0', 0, 'asd', '0000-00-00', '0000-00-00', '2017-12-17 10:04:49', '0'),
(139, '5500503', '1235', 'RTC Branch 1', '2017-12-07', '00000000003', '0', 0, 'asd', '0000-00-00', '0000-00-00', '2017-12-17 10:06:42', '0'),
(140, '5500503', '1235', 'RTC Branch 2', '2017-12-27', '00000000004', '0', 0, 'asd', '0000-00-00', '0000-00-00', '2017-12-17 10:10:09', '0'),
(141, '550022', '1235651', 'RTC Branch 1', '2018-02-23', '00000000004', '0', 0, '', '0000-00-00', '0000-00-00', '2018-02-10 04:36:34', '0'),
(142, '5500503', '1233', 'RTC Branch 2', '2018-02-08', '00000000004', '0', 5, '', '0000-00-00', '0000-00-00', '2018-02-10 05:01:18', '0'),
(143, '7624634', '4124', 'RTC Branch 2', '2018-03-01', '00000000003', '0', 51, '', '0000-00-00', '0000-00-00', '2018-02-10 08:03:58', '0'),
(144, 'test', '151243', 'RTC Branch 1', '2018-02-15', '00000000003', '0', 123123, '', '0000-00-00', '0000-00-00', '2018-02-10 08:35:14', '0'),
(145, '8235', '123', 'RTC Branch 1', '2018-02-21', '00000000003', '0', 0, '', '0000-00-00', '0000-00-00', '2018-02-10 10:12:59', '0');

-- --------------------------------------------------------

--
-- Table structure for table `inmate_conduct_rec`
--

CREATE TABLE `inmate_conduct_rec` (
  `id` int(11) NOT NULL,
  `inmate_id` varchar(255) NOT NULL,
  `date_occur` date NOT NULL,
  `rec_type` enum('Bad Conduct','Good Conduct','','') NOT NULL,
  `punishment` text NOT NULL,
  `cause` text NOT NULL,
  `warden_id` int(11) UNSIGNED ZEROFILL NOT NULL,
  `pointValue` int(255) NOT NULL,
  `pointUnit` enum('day','month','year','') NOT NULL
) ENGINE=InnoDB DEFAULT CHARSET=latin1;

-- --------------------------------------------------------

--
-- Table structure for table `inmate_fp`
--

CREATE TABLE `inmate_fp` (
  `inmate_id` varchar(255) NOT NULL,
  `file_no` int(11) NOT NULL,
  `taken_by` varchar(255) NOT NULL,
  `date` date NOT NULL,
  `classified_by` varchar(255) NOT NULL,
  `verified_by` varchar(255) NOT NULL,
  `r_thumb` varchar(255) NOT NULL,
  `r_index` varchar(255) NOT NULL,
  `r_middle` varchar(255) NOT NULL,
  `r_ring` varchar(255) NOT NULL,
  `r_little` varchar(255) NOT NULL,
  `l_thumb` varchar(255) NOT NULL,
  `l_index` varchar(255) NOT NULL,
  `l_middle` varchar(255) NOT NULL,
  `l_ring` varchar(255) NOT NULL,
  `l_little` varchar(255) NOT NULL,
  `l_amp` varchar(255) NOT NULL,
  `r_amp` varchar(255) NOT NULL,
  `left_thumb` varchar(255) NOT NULL,
  `right_thumb` varchar(255) NOT NULL,
  `left_hand` varchar(255) NOT NULL,
  `right_hand` varchar(255) NOT NULL
) ENGINE=InnoDB DEFAULT CHARSET=latin1;

-- --------------------------------------------------------

--
-- Table structure for table `inmate_info`
--

CREATE TABLE `inmate_info` (
  `inmate_id` varchar(255) NOT NULL,
  `nationality` varchar(255) NOT NULL,
  `status` enum('Single','Married','Widow','Widower') NOT NULL,
  `birthdate` date NOT NULL,
  `age` int(11) NOT NULL,
  `gender` enum('Male','Female','','') NOT NULL,
  `born_in` varchar(255) NOT NULL,
  `home_add` varchar(255) NOT NULL,
  `province_add` varchar(255) NOT NULL,
  `religion` enum('Roman Catholic,including Catholic Charismatic','Islam','Evangelicals (PCEC)','Iglesia Ni Cristo','Non-Roman Catholic and Protestant (NCCP)','Aglipayan','Seventh-day Adventist','Bible Baptist Church','United Church of Christ in the Philippines','Jehovah''s Witnesses','Other Protestants','Church of Christ','Jesus is Lord Church','Tribal Religions','United Pentecostal Church (Philippines) Inc.','Other Baptists','Philippine Independent Catholic Church','Unin Espiritista Cristiana de Filipinas, Inc.','Church of Jesus Christ of the Latter Day Saints	','Association of Fundamental Baptist Churches in the Philippines','Evangelical Christian Outreach Foundation','None','Convention of the Philippine Baptist Church','Crusaders of the Divine Church of Christ Inc.	','Buddhist','Lutheran Church of the Philippines','Iglesia sa Dios Espiritu Santo Inc.','Philippine Benevolent Missionaries Association','Faith Tabernacle Church (Living Rock Ministries)','Others') NOT NULL,
  `occupation` varchar(255) NOT NULL,
  `father` varchar(255) NOT NULL,
  `mother` varchar(255) NOT NULL,
  `relative` varchar(255) NOT NULL,
  `relation` varchar(255) NOT NULL,
  `contactpersonnum` varchar(40) NOT NULL,
  `address` varchar(255) NOT NULL,
  `place` varchar(50) NOT NULL
) ENGINE=InnoDB DEFAULT CHARSET=latin1;

--
-- Dumping data for table `inmate_info`
--

INSERT INTO `inmate_info` (`inmate_id`, `nationality`, `status`, `birthdate`, `age`, `gender`, `born_in`, `home_add`, `province_add`, `religion`, `occupation`, `father`, `mother`, `relative`, `relation`, `contactpersonnum`, `address`, `place`) VALUES
('1241254', 'Afghan', 'Single', '2018-02-10', 18, 'Male', 'TEST', 'TEST, TEST, Alcantara', 'TEST', 'Roman Catholic,including Catholic Charismatic', 'TEST', 'TEST', 'TEST', 'TEST', 'TEST', '', 'TEST, TEST, Alcantara', 'Alcantara'),
('1254125', 'Afghan', 'Single', '2018-02-10', 18, 'Male', 'test', 'test, test, Alcantara', 'test', 'Roman Catholic,including Catholic Charismatic', 'test', 'test', 'test', 'test', 'test', '', 'test, test, Alcantara', 'Alcantara'),
('15125', 'Afghan', 'Single', '2018-02-10', 18, 'Male', 'test', 'test, test, Alcantara', 'test', 'Roman Catholic,including Catholic Charismatic', 'test', 'test', 'test', 'test', 'test', '', 'test, test, Alcantara', 'Alcantara'),
('4124', 'Argentinean', 'Single', '2018-02-10', 18, 'Male', 'test', 'test, test, Alcantara', 'test', 'Roman Catholic,including Catholic Charismatic', 'test', 'test', 'test', 'test', 'test', '2147483647', 'test, test, Alcantara', 'Alcantara'),
('541241', 'Afghan', 'Single', '2018-02-10', 18, 'Male', 'TEST', 'TEST, TEST, Alcantara', 'TEST', 'Roman Catholic,including Catholic Charismatic', 'TEST', 'TESTTEST', 'TEST', 'TEST', 'TEST', '', 'TEST, TEST, Alcantara', 'Alcantara'),
('550010', 'Filipino', 'Married', '1990-01-01', 18, 'Female', 'Birthplace_10', 'Current_Brgy_10,, Current_Street_10, Bantayan', 'Home_Province_10', 'Roman Catholic,including Catholic Charismatic', 'Occupation_10', 'Name_Father_10', 'Name_Mother_10', 'Name_Relative_10', 'Relation_10', '09252348929', 'Current_Brgy_10,, Current_Street_10, Bantayan', 'Bantayan'),
('5500100', 'Filipino', 'Married', '1990-01-01', 18, 'Female', 'Birthplace_100', 'Current_Brgy_100,, Current_Street_100, Badian', 'Home_Province_100', 'Roman Catholic,including Catholic Charismatic', 'Occupation_100', 'Name_Father_100', 'Name_Mother_100', 'Name_Relative_100', 'Relation_100', '0', 'Current_Brgy_100,, Current_Street_100, Badian', 'Badian'),
('5500101', 'Filipino', 'Married', '1990-01-01', 18, 'Male', 'Birthplace_101', 'Home_Street_101 Home_Brgy_101, Balamban', 'Home_Province_101', 'Roman Catholic,including Catholic Charismatic', 'Occupation_101', 'Name_Father_101', 'Name_Mother_101', 'Name_Relative_101', 'Relation_101', '0', 'Current_Street_101 Current_Brgy_101, Balamban', 'Balamban'),
('5500102', 'Filipino', 'Married', '1990-01-01', 18, 'Female', 'Birthplace_102', 'Home_Street_102 Home_Brgy_102, Bantayan', 'Home_Province_102', 'Roman Catholic,including Catholic Charismatic', 'Occupation_102', 'Name_Father_102', 'Name_Mother_102', 'Name_Relative_102', 'Relation_102', '0', 'Current_Street_102 Current_Brgy_102, Bantayan', 'Bantayan'),
('5500103', 'Filipino', 'Married', '1990-01-01', 18, 'Male', 'Birthplace_103', 'Home_Street_103 Home_Brgy_103, Barili', 'Home_Province_103', 'Roman Catholic,including Catholic Charismatic', 'Occupation_103', 'Name_Father_103', 'Name_Mother_103', 'Name_Relative_103', 'Relation_103', '0', 'Current_Street_103 Current_Brgy_103, Barili', 'Barili'),
('5500104', 'Filipino', 'Married', '1990-01-01', 18, 'Female', 'Birthplace_104', 'Home_Street_104 Home_Brgy_104, Bogo', 'Home_Province_104', 'Roman Catholic,including Catholic Charismatic', 'Occupation_104', 'Name_Father_104', 'Name_Mother_104', 'Name_Relative_104', 'Relation_104', '0', 'Current_Street_104 Current_Brgy_104, Bogo', 'Bogo'),
('5500105', 'Filipino', 'Married', '1990-01-01', 18, 'Male', 'Birthplace_105', 'Home_Street_105 Home_Brgy_105, Boljoon', 'Home_Province_105', 'Roman Catholic,including Catholic Charismatic', 'Occupation_105', 'Name_Father_105', 'Name_Mother_105', 'Name_Relative_105', 'Relation_105', '0', 'Current_Street_105 Current_Brgy_105, Boljoon', 'Boljoon'),
('5500106', 'Filipino', 'Married', '1990-01-01', 18, 'Female', 'Birthplace_106', 'Home_Street_106 Home_Brgy_106, Borbon', 'Home_Province_106', 'Roman Catholic,including Catholic Charismatic', 'Occupation_106', 'Name_Father_106', 'Name_Mother_106', 'Name_Relative_106', 'Relation_106', '0', 'Current_Street_106 Current_Brgy_106, Borbon', 'Borbon'),
('5500107', 'Filipino', 'Married', '1990-01-01', 18, 'Male', 'Birthplace_107', 'Home_Street_107 Home_Brgy_107, Carcar', 'Home_Province_107', 'Roman Catholic,including Catholic Charismatic', 'Occupation_107', 'Name_Father_107', 'Name_Mother_107', 'Name_Relative_107', 'Relation_107', '0', 'Current_Street_107 Current_Brgy_107, Carcar', 'Carcar'),
('5500108', 'Filipino', 'Married', '1990-01-01', 18, 'Female', 'Birthplace_108', 'Home_Street_108 Home_Brgy_108, Carmen', 'Home_Province_108', 'Roman Catholic,including Catholic Charismatic', 'Occupation_108', 'Name_Father_108', 'Name_Mother_108', 'Name_Relative_108', 'Relation_108', '0', 'Current_Street_108 Current_Brgy_108, Carmen', 'Carmen'),
('5500109', 'Filipino', 'Married', '1990-01-01', 18, 'Male', 'Birthplace_109', 'Home_Street_109 Home_Brgy_109, Catmon', 'Home_Province_109', 'Roman Catholic,including Catholic Charismatic', 'Occupation_109', 'Name_Father_109', 'Name_Mother_109', 'Name_Relative_109', 'Relation_109', '0', 'Current_Street_109 Current_Brgy_109, Catmon', 'Catmon'),
('550011', 'Filipino', 'Married', '1990-01-01', 18, 'Male', 'Birthplace_11', 'Home_Street_11 Home_Brgy_11, Alcantara', 'Home_Province_11', 'Roman Catholic,including Catholic Charismatic', 'Occupation_11', 'Name_Father_11', 'Name_Mother_11', 'Name_Relative_11', 'Relation_11', '0', 'Current_Street_11 Current_Brgy_11, Alcantara', 'Alcantara'),
('5500110', 'Filipino', 'Married', '1990-01-01', 18, 'Female', 'Birthplace_110', 'Home_Street_110 Home_Brgy_110, Cebu City', 'Home_Province_110', 'Roman Catholic,including Catholic Charismatic', 'Occupation_110', 'Name_Father_110', 'Name_Mother_110', 'Name_Relative_110', 'Relation_110', '0', 'Current_Street_110 Current_Brgy_110, Cebu City', 'Cebu City'),
('5500111', 'Filipino', 'Married', '1990-01-01', 18, 'Male', 'Birthplace_111', 'Home_Street_111 Home_Brgy_111, Compostela', 'Home_Province_111', 'Roman Catholic,including Catholic Charismatic', 'Occupation_111', 'Name_Father_111', 'Name_Mother_111', 'Name_Relative_111', 'Relation_111', '0', 'Current_Street_111 Current_Brgy_111, Compostela', 'Compostela'),
('5500112', 'Filipino', 'Married', '1990-01-01', 18, 'Female', 'Birthplace_112', 'Home_Street_112 Home_Brgy_112, Consolacion', 'Home_Province_112', 'Roman Catholic,including Catholic Charismatic', 'Occupation_112', 'Name_Father_112', 'Name_Mother_112', 'Name_Relative_112', 'Relation_112', '0', 'Current_Street_112 Current_Brgy_112, Consolacion', 'Consolacion'),
('5500113', 'Filipino', 'Married', '1990-01-01', 18, 'Male', 'Birthplace_113', 'Home_Street_113 Home_Brgy_113, Cordova', 'Home_Province_113', 'Roman Catholic,including Catholic Charismatic', 'Occupation_113', 'Name_Father_113', 'Name_Mother_113', 'Name_Relative_113', 'Relation_113', '0', 'Current_Street_113 Current_Brgy_113, Cordova', 'Cordova'),
('5500114', 'Filipino', 'Married', '1990-01-01', 18, 'Female', 'Birthplace_114', 'Home_Street_114 Home_Brgy_114, Daanbantayan', 'Home_Province_114', 'Roman Catholic,including Catholic Charismatic', 'Occupation_114', 'Name_Father_114', 'Name_Mother_114', 'Name_Relative_114', 'Relation_114', '0', 'Current_Street_114 Current_Brgy_114, Daanbantayan', 'Daanbantayan'),
('5500115', 'Filipino', 'Married', '1990-01-01', 18, 'Male', 'Birthplace_115', 'Home_Street_115 Home_Brgy_115, Dalaguete', 'Home_Province_115', 'Roman Catholic,including Catholic Charismatic', 'Occupation_115', 'Name_Father_115', 'Name_Mother_115', 'Name_Relative_115', 'Relation_115', '0', 'Current_Street_115 Current_Brgy_115, Dalaguete', 'Dalaguete'),
('5500116', 'Filipino', 'Married', '1990-01-01', 18, 'Female', 'Birthplace_116', 'Home_Street_116 Home_Brgy_116, Danao City', 'Home_Province_116', 'Roman Catholic,including Catholic Charismatic', 'Occupation_116', 'Name_Father_116', 'Name_Mother_116', 'Name_Relative_116', 'Relation_116', '0', 'Current_Street_116 Current_Brgy_116, Danao City', 'Danao City'),
('5500117', 'Filipino', 'Married', '1990-01-01', 18, 'Male', 'Birthplace_117', 'Home_Street_117 Home_Brgy_117, Dumanjug', 'Home_Province_117', 'Roman Catholic,including Catholic Charismatic', 'Occupation_117', 'Name_Father_117', 'Name_Mother_117', 'Name_Relative_117', 'Relation_117', '0', 'Current_Street_117 Current_Brgy_117, Dumanjug', 'Dumanjug'),
('5500118', 'Filipino', 'Married', '1990-01-01', 18, 'Female', 'Birthplace_118', 'Home_Street_118 Home_Brgy_118, Ginatilan', 'Home_Province_118', 'Roman Catholic,including Catholic Charismatic', 'Occupation_118', 'Name_Father_118', 'Name_Mother_118', 'Name_Relative_118', 'Relation_118', '0', 'Current_Street_118 Current_Brgy_118, Ginatilan', 'Ginatilan'),
('5500119', 'Filipino', 'Married', '1990-01-01', 18, 'Male', 'Birthplace_119', 'Home_Street_119 Home_Brgy_119, Lapu-Lapu City', 'Home_Province_119', 'Roman Catholic,including Catholic Charismatic', 'Occupation_119', 'Name_Father_119', 'Name_Mother_119', 'Name_Relative_119', 'Relation_119', '0', 'Current_Street_119 Current_Brgy_119, Lapu-Lapu City', 'Lapu-Lapu City'),
('550012', 'Filipino', 'Married', '1990-01-01', 18, 'Female', 'Birthplace_12', 'Home_Street_12 Home_Brgy_12, Alcoy', 'Home_Province_12', 'Roman Catholic,including Catholic Charismatic', 'Occupation_12', 'Name_Father_12', 'Name_Mother_12', 'Name_Relative_12', 'Relation_12', '0', 'Current_Street_12 Current_Brgy_12, Alcoy', 'Alcoy'),
('5500120', 'Filipino', 'Married', '1990-01-01', 18, 'Female', 'Birthplace_120', 'Home_Street_120 Home_Brgy_120, Liloan', 'Home_Province_120', 'Roman Catholic,including Catholic Charismatic', 'Occupation_120', 'Name_Father_120', 'Name_Mother_120', 'Name_Relative_120', 'Relation_120', '0', 'Current_Street_120 Current_Brgy_120, Liloan', 'Liloan'),
('5500121', 'Filipino', 'Married', '1990-01-01', 18, 'Male', 'Birthplace_121', 'Home_Street_121 Home_Brgy_121, Madridejos', 'Home_Province_121', 'Roman Catholic,including Catholic Charismatic', 'Occupation_121', 'Name_Father_121', 'Name_Mother_121', 'Name_Relative_121', 'Relation_121', '0', 'Current_Street_121 Current_Brgy_121, Madridejos', 'Madridejos'),
('5500122', 'Filipino', 'Married', '1990-01-01', 18, 'Female', 'Birthplace_122', 'Home_Street_122 Home_Brgy_122, Malabuyoc', 'Home_Province_122', 'Roman Catholic,including Catholic Charismatic', 'Occupation_122', 'Name_Father_122', 'Name_Mother_122', 'Name_Relative_122', 'Relation_122', '0', 'Current_Street_122 Current_Brgy_122, Malabuyoc', 'Malabuyoc'),
('5500123', 'Filipino', 'Married', '1990-01-01', 18, 'Male', 'Birthplace_123', 'Home_Street_123 Home_Brgy_123, Mandaue City', 'Home_Province_123', 'Roman Catholic,including Catholic Charismatic', 'Occupation_123', 'Name_Father_123', 'Name_Mother_123', 'Name_Relative_123', 'Relation_123', '0', 'Current_Street_123 Current_Brgy_123, Mandaue City', 'Mandaue City'),
('5500124', 'Filipino', 'Married', '1990-01-01', 18, 'Female', 'Birthplace_124', 'Home_Street_124 Home_Brgy_124, Medellin', 'Home_Province_124', 'Roman Catholic,including Catholic Charismatic', 'Occupation_124', 'Name_Father_124', 'Name_Mother_124', 'Name_Relative_124', 'Relation_124', '0', 'Current_Street_124 Current_Brgy_124, Medellin', 'Medellin'),
('5500125', 'Filipino', 'Married', '1990-01-01', 18, 'Male', 'Birthplace_125', 'Home_Street_125 Home_Brgy_125, Minglanilla', 'Home_Province_125', 'Roman Catholic,including Catholic Charismatic', 'Occupation_125', 'Name_Father_125', 'Name_Mother_125', 'Name_Relative_125', 'Relation_125', '0', 'Current_Street_125 Current_Brgy_125, Minglanilla', 'Minglanilla'),
('5500126', 'Filipino', 'Married', '1990-01-01', 18, 'Female', 'Birthplace_126', 'Home_Street_126 Home_Brgy_126, Moalboal', 'Home_Province_126', 'Roman Catholic,including Catholic Charismatic', 'Occupation_126', 'Name_Father_126', 'Name_Mother_126', 'Name_Relative_126', 'Relation_126', '0', 'Current_Street_126 Current_Brgy_126, Moalboal', 'Moalboal'),
('5500127', 'Filipino', 'Married', '1990-01-01', 18, 'Male', 'Birthplace_127', 'Home_Street_127 Home_Brgy_127, Naga', 'Home_Province_127', 'Roman Catholic,including Catholic Charismatic', 'Occupation_127', 'Name_Father_127', 'Name_Mother_127', 'Name_Relative_127', 'Relation_127', '0', 'Current_Street_127 Current_Brgy_127, Naga', 'Naga'),
('5500128', 'Filipino', 'Married', '1990-01-01', 18, 'Female', 'Birthplace_128', 'Home_Street_128 Home_Brgy_128, Oslob', 'Home_Province_128', 'Roman Catholic,including Catholic Charismatic', 'Occupation_128', 'Name_Father_128', 'Name_Mother_128', 'Name_Relative_128', 'Relation_128', '0', 'Current_Street_128 Current_Brgy_128, Oslob', 'Oslob'),
('5500129', 'Filipino', 'Married', '1990-01-01', 18, 'Male', 'Birthplace_129', 'Home_Street_129 Home_Brgy_129, Pilar', 'Home_Province_129', 'Roman Catholic,including Catholic Charismatic', 'Occupation_129', 'Name_Father_129', 'Name_Mother_129', 'Name_Relative_129', 'Relation_129', '0', 'Current_Street_129 Current_Brgy_129, Pilar', 'Pilar'),
('550013', 'Filipino', 'Married', '1990-01-01', 18, 'Male', 'Birthplace_13', 'Home_Street_13 Home_Brgy_13, Alegria', 'Home_Province_13', 'Roman Catholic,including Catholic Charismatic', 'Occupation_13', 'Name_Father_13', 'Name_Mother_13', 'Name_Relative_13', 'Relation_13', '0', 'Current_Street_13 Current_Brgy_13, Alegria', 'Alegria'),
('5500130', 'Filipino', 'Married', '1990-01-01', 18, 'Female', 'Birthplace_130', 'Home_Street_130 Home_Brgy_130, Pinamungahan', 'Home_Province_130', 'Roman Catholic,including Catholic Charismatic', 'Occupation_130', 'Name_Father_130', 'Name_Mother_130', 'Name_Relative_130', 'Relation_130', '0', 'Current_Street_130 Current_Brgy_130, Pinamungahan', 'Pinamungahan'),
('5500131', 'Filipino', 'Married', '1990-01-01', 18, 'Male', 'Birthplace_131', 'Home_Street_131 Home_Brgy_131, Poro', 'Home_Province_131', 'Roman Catholic,including Catholic Charismatic', 'Occupation_131', 'Name_Father_131', 'Name_Mother_131', 'Name_Relative_131', 'Relation_131', '0', 'Current_Street_131 Current_Brgy_131, Poro', 'Poro'),
('5500132', 'Filipino', 'Married', '1990-01-01', 18, 'Female', 'Birthplace_132', 'Home_Street_132 Home_Brgy_132, Ronda', 'Home_Province_132', 'Roman Catholic,including Catholic Charismatic', 'Occupation_132', 'Name_Father_132', 'Name_Mother_132', 'Name_Relative_132', 'Relation_132', '0', 'Current_Street_132 Current_Brgy_132, Ronda', 'Ronda'),
('5500133', 'Filipino', 'Married', '1990-01-01', 18, 'Male', 'Birthplace_133', 'Home_Street_133 Home_Brgy_133, Samboan', 'Home_Province_133', 'Roman Catholic,including Catholic Charismatic', 'Occupation_133', 'Name_Father_133', 'Name_Mother_133', 'Name_Relative_133', 'Relation_133', '0', 'Current_Street_133 Current_Brgy_133, Samboan', 'Samboan'),
('5500134', 'Filipino', 'Married', '1990-01-01', 18, 'Female', 'Birthplace_134', 'Home_Street_134 Home_Brgy_134, San Fernando', 'Home_Province_134', 'Roman Catholic,including Catholic Charismatic', 'Occupation_134', 'Name_Father_134', 'Name_Mother_134', 'Name_Relative_134', 'Relation_134', '0', 'Current_Street_134 Current_Brgy_134, San Fernando', 'San Fernando'),
('5500135', 'Filipino', 'Married', '1990-01-01', 18, 'Male', 'Birthplace_135', 'Home_Street_135 Home_Brgy_135, San Francisco', 'Home_Province_135', 'Roman Catholic,including Catholic Charismatic', 'Occupation_135', 'Name_Father_135', 'Name_Mother_135', 'Name_Relative_135', 'Relation_135', '0', 'Current_Street_135 Current_Brgy_135, San Francisco', 'San Francisco'),
('5500136', 'Filipino', 'Married', '1990-01-01', 18, 'Female', 'Birthplace_136', 'Home_Street_136 Home_Brgy_136, San Remigio', 'Home_Province_136', 'Roman Catholic,including Catholic Charismatic', 'Occupation_136', 'Name_Father_136', 'Name_Mother_136', 'Name_Relative_136', 'Relation_136', '0', 'Current_Street_136 Current_Brgy_136, San Remigio', 'San Remigio'),
('5500137', 'Filipino', 'Married', '1990-01-01', 18, 'Male', 'Birthplace_137', 'Home_Street_137 Home_Brgy_137, Santa Fe', 'Home_Province_137', 'Roman Catholic,including Catholic Charismatic', 'Occupation_137', 'Name_Father_137', 'Name_Mother_137', 'Name_Relative_137', 'Relation_137', '0', 'Current_Street_137 Current_Brgy_137, Santa Fe', 'Santa Fe'),
('5500138', 'Filipino', 'Married', '1990-01-01', 18, 'Female', 'Birthplace_138', 'Home_Street_138 Home_Brgy_138, Santander', 'Home_Province_138', 'Roman Catholic,including Catholic Charismatic', 'Occupation_138', 'Name_Father_138', 'Name_Mother_138', 'Name_Relative_138', 'Relation_138', '0', 'Current_Street_138 Current_Brgy_138, Santander', 'Santander'),
('5500139', 'Filipino', 'Married', '1990-01-01', 18, 'Male', 'Birthplace_139', 'Home_Street_139 Home_Brgy_139, Sibonga', 'Home_Province_139', 'Roman Catholic,including Catholic Charismatic', 'Occupation_139', 'Name_Father_139', 'Name_Mother_139', 'Name_Relative_139', 'Relation_139', '0', 'Current_Street_139 Current_Brgy_139, Sibonga', 'Sibonga'),
('550014', 'Filipino', 'Married', '1990-01-01', 18, 'Female', 'Birthplace_14', 'Home_Street_14 Home_Brgy_14, Aloguinsan', 'Home_Province_14', 'Roman Catholic,including Catholic Charismatic', 'Occupation_14', 'Name_Father_14', 'Name_Mother_14', 'Name_Relative_14', 'Relation_14', '0', 'Current_Street_14 Current_Brgy_14, Aloguinsan', 'Aloguinsan'),
('5500140', 'Filipino', 'Married', '1990-01-01', 18, 'Female', 'Birthplace_140', 'Home_Street_140 Home_Brgy_140, Sogod', 'Home_Province_140', 'Roman Catholic,including Catholic Charismatic', 'Occupation_140', 'Name_Father_140', 'Name_Mother_140', 'Name_Relative_140', 'Relation_140', '0', 'Current_Street_140 Current_Brgy_140, Sogod', 'Sogod'),
('550015', 'Filipino', 'Married', '1990-01-01', 18, 'Male', 'Birthplace_15', 'Home_Street_15 Home_Brgy_15, Argao', 'Home_Province_15', 'Roman Catholic,including Catholic Charismatic', 'Occupation_15', 'Name_Father_15', 'Name_Mother_15', 'Name_Relative_15', 'Relation_15', '0', 'Current_Street_15 Current_Brgy_15, Argao', 'Argao'),
('550016', 'Filipino', 'Married', '1990-01-01', 18, 'Female', 'Birthplace_16', 'Home_Street_16 Home_Brgy_16, Asturias', 'Home_Province_16', 'Roman Catholic,including Catholic Charismatic', 'Occupation_16', 'Name_Father_16', 'Name_Mother_16', 'Name_Relative_16', 'Relation_16', '0', 'Current_Street_16 Current_Brgy_16, Asturias', 'Asturias'),
('550017', 'Filipino', 'Married', '1990-01-01', 18, 'Male', 'Birthplace_17', 'Home_Street_17 Home_Brgy_17, Badian', 'Home_Province_17', 'Roman Catholic,including Catholic Charismatic', 'Occupation_17', 'Name_Father_17', 'Name_Mother_17', 'Name_Relative_17', 'Relation_17', '0', 'Current_Street_17 Current_Brgy_17, Badian', 'Badian'),
('550018', 'Filipino', 'Married', '1990-01-01', 18, 'Female', 'Birthplace_18', 'Home_Street_18 Home_Brgy_18, Balamban', 'Home_Province_18', 'Roman Catholic,including Catholic Charismatic', 'Occupation_18', 'Name_Father_18', 'Name_Mother_18', 'Name_Relative_18', 'Relation_18', '0', 'Current_Street_18 Current_Brgy_18, Balamban', 'Balamban'),
('550019', 'Filipino', 'Married', '1990-01-01', 18, 'Male', 'Birthplace_19', 'Home_Street_19 Home_Brgy_19, Bantayan', 'Home_Province_19', 'Roman Catholic,including Catholic Charismatic', 'Occupation_19', 'Name_Father_19', 'Name_Mother_19', 'Name_Relative_19', 'Relation_19', '0', 'Current_Street_19 Current_Brgy_19, Bantayan', 'Bantayan'),
('55002', 'Filipino', 'Married', '1990-01-01', 18, 'Female', 'Birthplace_2', 'Home_Street_2 Home_Brgy_2, Alcantara', 'Home_Province_2', 'Roman Catholic,including Catholic Charismatic', 'Occupation_2', 'Name_Father_2', 'Name_Mother_2', 'Name_Relative_2', 'Relation_2', '0', 'Current_Street_2 Current_Brgy_2, Alcantara', 'Alcantara'),
('550020', 'Filipino', 'Married', '1990-01-01', 18, 'Female', 'Birthplace_20', 'Home_Street_20 Home_Brgy_20, Barili', 'Home_Province_20', 'Roman Catholic,including Catholic Charismatic', 'Occupation_20', 'Name_Father_20', 'Name_Mother_20', 'Name_Relative_20', 'Relation_20', '0', 'Current_Street_20 Current_Brgy_20, Barili', 'Barili'),
('550021', 'Filipino', 'Married', '1990-01-01', 18, 'Male', 'Birthplace_21', 'Home_Street_21 Home_Brgy_21, Bogo', 'Home_Province_21', 'Roman Catholic,including Catholic Charismatic', 'Occupation_21', 'Name_Father_21', 'Name_Mother_21', 'Name_Relative_21', 'Relation_21', '0', 'Current_Street_21 Current_Brgy_21, Bogo', 'Bogo'),
('550022', 'Filipino', 'Married', '1990-01-01', 18, 'Female', 'Birthplace_22', 'Home_Street_22 Home_Brgy_22, Boljoon', 'Home_Province_22', 'Roman Catholic,including Catholic Charismatic', 'Occupation_22', 'Name_Father_22', 'Name_Mother_22', 'Name_Relative_22', 'Relation_22', '0', 'Current_Street_22 Current_Brgy_22, Boljoon', 'Boljoon'),
('55003', 'Filipino', 'Married', '1990-01-01', 18, 'Male', 'Birthplace_3', 'Home_Street_3 Home_Brgy_3, Alcoy', 'Home_Province_3', 'Roman Catholic,including Catholic Charismatic', 'Occupation_3', 'Name_Father_3', 'Name_Mother_3', 'Name_Relative_3', 'Relation_3', '0', 'Current_Street_3 Current_Brgy_3, Alcoy', 'Alcoy'),
('55004', 'Filipino', 'Married', '1990-01-01', 18, 'Female', 'Birthplace_4', 'Home_Street_4 Home_Brgy_4, Alegria', 'Home_Province_4', 'Roman Catholic,including Catholic Charismatic', 'Occupation_4', 'Name_Father_4', 'Name_Mother_4', 'Name_Relative_4', 'Relation_4', '0', 'Current_Street_4 Current_Brgy_4, Alegria', 'Alegria'),
('550041', 'Filipino', 'Married', '1990-01-01', 18, 'Male', 'Birthplace_41', 'Home_Street_41 Home_Brgy_41, Alcantara', 'Home_Province_41', 'Roman Catholic,including Catholic Charismatic', 'Occupation_41', 'Name_Father_41', 'Name_Mother_41', 'Name_Relative_41', 'Relation_41', '0', 'Current_Street_41 Current_Brgy_41, Alcantara', 'Alcantara'),
('550042', 'Filipino', 'Married', '1990-01-01', 18, 'Female', 'Birthplace_42', 'Home_Street_42 Home_Brgy_42, Alcoy', 'Home_Province_42', 'Roman Catholic,including Catholic Charismatic', 'Occupation_42', 'Name_Father_42', 'Name_Mother_42', 'Name_Relative_42', 'Relation_42', '0', 'Current_Street_42 Current_Brgy_42, Alcoy', 'Alcoy'),
('550043', 'Filipino', 'Married', '1990-01-01', 18, 'Male', 'Birthplace_43', 'Home_Street_43 Home_Brgy_43, Alegria', 'Home_Province_43', 'Roman Catholic,including Catholic Charismatic', 'Occupation_43', 'Name_Father_43', 'Name_Mother_43', 'Name_Relative_43', 'Relation_43', '0', 'Current_Street_43 Current_Brgy_43, Alegria', 'Alegria'),
('550044', 'Filipino', 'Married', '1990-01-01', 18, 'Female', 'Birthplace_44', 'Home_Street_44 Home_Brgy_44, Aloguinsan', 'Home_Province_44', 'Roman Catholic,including Catholic Charismatic', 'Occupation_44', 'Name_Father_44', 'Name_Mother_44', 'Name_Relative_44', 'Relation_44', '0', 'Current_Street_44 Current_Brgy_44, Aloguinsan', 'Aloguinsan'),
('550045', 'Filipino', 'Married', '1990-01-01', 18, 'Male', 'Birthplace_45', 'Home_Street_45 Home_Brgy_45, Argao', 'Home_Province_45', 'Roman Catholic,including Catholic Charismatic', 'Occupation_45', 'Name_Father_45', 'Name_Mother_45', 'Name_Relative_45', 'Relation_45', '0', 'Current_Street_45 Current_Brgy_45, Argao', 'Argao'),
('550046', 'Filipino', 'Married', '1990-01-01', 18, 'Female', 'Birthplace_46', 'Home_Street_46 Home_Brgy_46, Asturias', 'Home_Province_46', 'Roman Catholic,including Catholic Charismatic', 'Occupation_46', 'Name_Father_46', 'Name_Mother_46', 'Name_Relative_46', 'Relation_46', '0', 'Current_Street_46 Current_Brgy_46, Asturias', 'Asturias'),
('550047', 'Filipino', 'Married', '1990-01-01', 18, 'Male', 'Birthplace_47', 'Home_Street_47 Home_Brgy_47, Badian', 'Home_Province_47', 'Roman Catholic,including Catholic Charismatic', 'Occupation_47', 'Name_Father_47', 'Name_Mother_47', 'Name_Relative_47', 'Relation_47', '0', 'Current_Street_47 Current_Brgy_47, Badian', 'Badian'),
('550048', 'Filipino', 'Married', '1990-01-01', 18, 'Female', 'Birthplace_48', 'Home_Street_48 Home_Brgy_48, Balamban', 'Home_Province_48', 'Roman Catholic,including Catholic Charismatic', 'Occupation_48', 'Name_Father_48', 'Name_Mother_48', 'Name_Relative_48', 'Relation_48', '0', 'Current_Street_48 Current_Brgy_48, Balamban', 'Balamban'),
('550049', 'Filipino', 'Married', '1990-01-01', 18, 'Male', 'Birthplace_49', 'Home_Street_49 Home_Brgy_49, Bantayan', 'Home_Province_49', 'Roman Catholic,including Catholic Charismatic', 'Occupation_49', 'Name_Father_49', 'Name_Mother_49', 'Name_Relative_49', 'Relation_49', '0', 'Current_Street_49 Current_Brgy_49, Bantayan', 'Bantayan'),
('55005', 'Filipino', 'Married', '1990-01-01', 18, 'Male', 'Birthplace_5', 'Home_Street_5 Home_Brgy_5, Aloguinsan', 'Home_Province_5', 'Roman Catholic,including Catholic Charismatic', 'Occupation_5', 'Name_Father_5', 'Name_Mother_5', 'Name_Relative_5', 'Relation_5', '0', 'Current_Street_5 Current_Brgy_5, Aloguinsan', 'Aloguinsan'),
('550050', 'Filipino', 'Married', '1990-01-01', 18, 'Female', 'Birthplace_50', 'Home_Street_50 Home_Brgy_50, Barili', 'Home_Province_50', 'Roman Catholic,including Catholic Charismatic', 'Occupation_50', 'Name_Father_50', 'Name_Mother_50', 'Name_Relative_50', 'Relation_50', '0', 'Current_Street_50 Current_Brgy_50, Barili', 'Barili'),
('5500501', 'Filipino', 'Married', '1990-01-01', 18, 'Male', 'Birthplace_501', 'Home_Street_501 Home_Brgy_501, Alcantara', 'Home_Province_501', 'Roman Catholic,including Catholic Charismatic', 'Occupation_501', 'Name_Father_501', 'Name_Mother_501', 'Name_Relative_501', 'Relation_501', '0', 'Current_Street_501 Current_Brgy_501, Alcantara', 'Alcantara'),
('5500502', 'Filipino', 'Married', '1990-01-01', 18, 'Female', 'Birthplace_502', 'Home_Street_502 Home_Brgy_502, Alcoy', 'Home_Province_502', 'Roman Catholic,including Catholic Charismatic', 'Occupation_502', 'Name_Father_502', 'Name_Mother_502', 'Name_Relative_502', 'Relation_502', '0', 'Current_Street_502 Current_Brgy_502, Alcoy', 'Alcoy'),
('5500503', 'Filipino', 'Married', '1990-01-01', 18, 'Male', 'Birthplace_503', 'Home_Street_503 Home_Brgy_503, Alegria', 'Home_Province_503', 'Roman Catholic,including Catholic Charismatic', 'Occupation_503', 'Name_Father_503', 'Name_Mother_503', 'Name_Relative_503', 'Relation_503', '0', 'Current_Street_503 Current_Brgy_503, Alegria', 'Alegria'),
('550051', 'Filipino', 'Married', '1990-01-01', 18, 'Male', 'Birthplace_51', 'Home_Street_51 Home_Brgy_51, Bogo', 'Home_Province_51', 'Roman Catholic,including Catholic Charismatic', 'Occupation_51', 'Name_Father_51', 'Name_Mother_51', 'Name_Relative_51', 'Relation_51', '0', 'Current_Street_51 Current_Brgy_51, Bogo', 'Bogo'),
('550052', 'Filipino', 'Married', '1990-01-01', 18, 'Female', 'Birthplace_52', 'Home_Street_52 Home_Brgy_52, Boljoon', 'Home_Province_52', 'Roman Catholic,including Catholic Charismatic', 'Occupation_52', 'Name_Father_52', 'Name_Mother_52', 'Name_Relative_52', 'Relation_52', '0', 'Current_Street_52 Current_Brgy_52, Boljoon', 'Boljoon'),
('550053', 'Filipino', 'Married', '1990-01-01', 18, 'Male', 'Birthplace_53', 'Home_Street_53 Home_Brgy_53, Borbon', 'Home_Province_53', 'Roman Catholic,including Catholic Charismatic', 'Occupation_53', 'Name_Father_53', 'Name_Mother_53', 'Name_Relative_53', 'Relation_53', '0', 'Current_Street_53 Current_Brgy_53, Borbon', 'Borbon'),
('550054', 'Filipino', 'Married', '1990-01-01', 18, 'Female', 'Birthplace_54', 'Home_Street_54 Home_Brgy_54, Carcar', 'Home_Province_54', 'Roman Catholic,including Catholic Charismatic', 'Occupation_54', 'Name_Father_54', 'Name_Mother_54', 'Name_Relative_54', 'Relation_54', '0', 'Current_Street_54 Current_Brgy_54, Carcar', 'Carcar'),
('550055', 'Filipino', 'Married', '1990-01-01', 18, 'Male', 'Birthplace_55', 'Home_Street_55 Home_Brgy_55, Carmen', 'Home_Province_55', 'Roman Catholic,including Catholic Charismatic', 'Occupation_55', 'Name_Father_55', 'Name_Mother_55', 'Name_Relative_55', 'Relation_55', '0', 'Current_Street_55 Current_Brgy_55, Carmen', 'Carmen'),
('550056', 'Filipino', 'Married', '1990-01-01', 18, 'Female', 'Birthplace_56', 'Home_Street_56 Home_Brgy_56, Catmon', 'Home_Province_56', 'Roman Catholic,including Catholic Charismatic', 'Occupation_56', 'Name_Father_56', 'Name_Mother_56', 'Name_Relative_56', 'Relation_56', '0', 'Current_Street_56 Current_Brgy_56, Catmon', 'Catmon'),
('550057', 'Filipino', 'Married', '1990-01-01', 18, 'Male', 'Birthplace_57', 'Home_Street_57 Home_Brgy_57, Cebu City', 'Home_Province_57', 'Roman Catholic,including Catholic Charismatic', 'Occupation_57', 'Name_Father_57', 'Name_Mother_57', 'Name_Relative_57', 'Relation_57', '0', 'Current_Street_57 Current_Brgy_57, Cebu City', 'Cebu City'),
('550058', 'Filipino', 'Married', '1990-01-01', 18, 'Female', 'Birthplace_58', 'Home_Street_58 Home_Brgy_58, Compostela', 'Home_Province_58', 'Roman Catholic,including Catholic Charismatic', 'Occupation_58', 'Name_Father_58', 'Name_Mother_58', 'Name_Relative_58', 'Relation_58', '0', 'Current_Street_58 Current_Brgy_58, Compostela', 'Compostela'),
('550059', 'Filipino', 'Married', '1990-01-01', 18, 'Male', 'Birthplace_59', 'Home_Street_59 Home_Brgy_59, Consolacion', 'Home_Province_59', 'Roman Catholic,including Catholic Charismatic', 'Occupation_59', 'Name_Father_59', 'Name_Mother_59', 'Name_Relative_59', 'Relation_59', '0', 'Current_Street_59 Current_Brgy_59, Consolacion', 'Consolacion'),
('55006', 'Filipino', 'Married', '1990-01-01', 18, 'Female', 'Birthplace_6', 'Home_Street_6 Home_Brgy_6, Argao', 'Home_Province_6', 'Roman Catholic,including Catholic Charismatic', 'Occupation_6', 'Name_Father_6', 'Name_Mother_6', 'Name_Relative_6', 'Relation_6', '0', 'Current_Street_6 Current_Brgy_6, Argao', 'Argao'),
('550060', 'Filipino', 'Married', '1990-01-01', 18, 'Female', 'Birthplace_60', 'Home_Street_60 Home_Brgy_60, Cordova', 'Home_Province_60', 'Roman Catholic,including Catholic Charismatic', 'Occupation_60', 'Name_Father_60', 'Name_Mother_60', 'Name_Relative_60', 'Relation_60', '0', 'Current_Street_60 Current_Brgy_60, Cordova', 'Cordova'),
('550061', 'Filipino', 'Married', '1990-01-01', 18, 'Male', 'Birthplace_61', 'Home_Street_61 Home_Brgy_61, Daanbantayan', 'Home_Province_61', 'Roman Catholic,including Catholic Charismatic', 'Occupation_61', 'Name_Father_61', 'Name_Mother_61', 'Name_Relative_61', 'Relation_61', '0', 'Current_Street_61 Current_Brgy_61, Daanbantayan', 'Daanbantayan'),
('550062', 'Filipino', 'Married', '1990-01-01', 18, 'Female', 'Birthplace_62', 'Home_Street_62 Home_Brgy_62, Dalaguete', 'Home_Province_62', 'Roman Catholic,including Catholic Charismatic', 'Occupation_62', 'Name_Father_62', 'Name_Mother_62', 'Name_Relative_62', 'Relation_62', '0', 'Current_Street_62 Current_Brgy_62, Dalaguete', 'Dalaguete'),
('550063', 'Filipino', 'Married', '1990-01-01', 18, 'Male', 'Birthplace_63', 'Home_Street_63 Home_Brgy_63, Danao City', 'Home_Province_63', 'Roman Catholic,including Catholic Charismatic', 'Occupation_63', 'Name_Father_63', 'Name_Mother_63', 'Name_Relative_63', 'Relation_63', '0', 'Current_Street_63 Current_Brgy_63, Danao City', 'Danao City'),
('550064', 'Filipino', 'Married', '1990-01-01', 18, 'Female', 'Birthplace_64', 'Home_Street_64 Home_Brgy_64, Dumanjug', 'Home_Province_64', 'Roman Catholic,including Catholic Charismatic', 'Occupation_64', 'Name_Father_64', 'Name_Mother_64', 'Name_Relative_64', 'Relation_64', '0', 'Current_Street_64 Current_Brgy_64, Dumanjug', 'Dumanjug'),
('550065', 'Filipino', 'Married', '1990-01-01', 18, 'Male', 'Birthplace_65', 'Home_Street_65 Home_Brgy_65, Ginatilan', 'Home_Province_65', 'Roman Catholic,including Catholic Charismatic', 'Occupation_65', 'Name_Father_65', 'Name_Mother_65', 'Name_Relative_65', 'Relation_65', '0', 'Current_Street_65 Current_Brgy_65, Ginatilan', 'Ginatilan'),
('550066', 'Filipino', 'Married', '1990-01-01', 18, 'Female', 'Birthplace_66', 'Home_Street_66 Home_Brgy_66, Lapu-Lapu City', 'Home_Province_66', 'Roman Catholic,including Catholic Charismatic', 'Occupation_66', 'Name_Father_66', 'Name_Mother_66', 'Name_Relative_66', 'Relation_66', '0', 'Current_Street_66 Current_Brgy_66, Lapu-Lapu City', 'Lapu-Lapu City'),
('550067', 'Filipino', 'Married', '1990-01-01', 18, 'Male', 'Birthplace_67', 'Home_Street_67 Home_Brgy_67, Liloan', 'Home_Province_67', 'Roman Catholic,including Catholic Charismatic', 'Occupation_67', 'Name_Father_67', 'Name_Mother_67', 'Name_Relative_67', 'Relation_67', '0', 'Current_Street_67 Current_Brgy_67, Liloan', 'Liloan'),
('550068', 'Filipino', 'Married', '1990-01-01', 18, 'Female', 'Birthplace_68', 'Home_Street_68 Home_Brgy_68, Madridejos', 'Home_Province_68', 'Roman Catholic,including Catholic Charismatic', 'Occupation_68', 'Name_Father_68', 'Name_Mother_68', 'Name_Relative_68', 'Relation_68', '0', 'Current_Street_68 Current_Brgy_68, Madridejos', 'Madridejos'),
('550069', 'Filipino', 'Married', '1990-01-01', 18, 'Male', 'Birthplace_69', 'Home_Street_69 Home_Brgy_69, Malabuyoc', 'Home_Province_69', 'Roman Catholic,including Catholic Charismatic', 'Occupation_69', 'Name_Father_69', 'Name_Mother_69', 'Name_Relative_69', 'Relation_69', '0', 'Current_Street_69 Current_Brgy_69, Malabuyoc', 'Malabuyoc'),
('55007', 'Filipino', 'Married', '1990-01-01', 18, 'Male', 'Birthplace_7', 'Home_Street_7 Home_Brgy_7, Asturias', 'Home_Province_7', 'Roman Catholic,including Catholic Charismatic', 'Occupation_7', 'Name_Father_7', 'Name_Mother_7', 'Name_Relative_7', 'Relation_7', '0', 'Current_Street_7 Current_Brgy_7, Asturias', 'Asturias'),
('550070', 'Filipino', 'Married', '1990-01-01', 18, 'Female', 'Birthplace_70', 'Home_Street_70 Home_Brgy_70, Mandaue City', 'Home_Province_70', 'Roman Catholic,including Catholic Charismatic', 'Occupation_70', 'Name_Father_70', 'Name_Mother_70', 'Name_Relative_70', 'Relation_70', '0', 'Current_Street_70 Current_Brgy_70, Mandaue City', 'Mandaue City'),
('550071', 'Filipino', 'Married', '1990-01-01', 18, 'Male', 'Birthplace_71', 'Home_Street_71 Home_Brgy_71, Medellin', 'Home_Province_71', 'Roman Catholic,including Catholic Charismatic', 'Occupation_71', 'Name_Father_71', 'Name_Mother_71', 'Name_Relative_71', 'Relation_71', '0', 'Current_Street_71 Current_Brgy_71, Medellin', 'Medellin'),
('550072', 'Filipino', 'Married', '1990-01-01', 18, 'Female', 'Birthplace_72', 'Home_Street_72 Home_Brgy_72, Minglanilla', 'Home_Province_72', 'Roman Catholic,including Catholic Charismatic', 'Occupation_72', 'Name_Father_72', 'Name_Mother_72', 'Name_Relative_72', 'Relation_72', '0', 'Current_Street_72 Current_Brgy_72, Minglanilla', 'Minglanilla'),
('550073', 'Filipino', 'Married', '1990-01-01', 18, 'Male', 'Birthplace_73', 'Home_Street_73 Home_Brgy_73, Moalboal', 'Home_Province_73', 'Roman Catholic,including Catholic Charismatic', 'Occupation_73', 'Name_Father_73', 'Name_Mother_73', 'Name_Relative_73', 'Relation_73', '0', 'Current_Street_73 Current_Brgy_73, Moalboal', 'Moalboal'),
('550074', 'Filipino', 'Married', '1990-01-01', 18, 'Female', 'Birthplace_74', 'Home_Street_74 Home_Brgy_74, Naga', 'Home_Province_74', 'Roman Catholic,including Catholic Charismatic', 'Occupation_74', 'Name_Father_74', 'Name_Mother_74', 'Name_Relative_74', 'Relation_74', '0', 'Current_Street_74 Current_Brgy_74, Naga', 'Naga'),
('550075', 'Filipino', 'Married', '1990-01-01', 18, 'Male', 'Birthplace_75', 'Home_Street_75 Home_Brgy_75, Oslob', 'Home_Province_75', 'Roman Catholic,including Catholic Charismatic', 'Occupation_75', 'Name_Father_75', 'Name_Mother_75', 'Name_Relative_75', 'Relation_75', '0', 'Current_Street_75 Current_Brgy_75, Oslob', 'Oslob'),
('550076', 'Filipino', 'Married', '1990-01-01', 18, 'Female', 'Birthplace_76', 'Home_Street_76 Home_Brgy_76, Pilar', 'Home_Province_76', 'Roman Catholic,including Catholic Charismatic', 'Occupation_76', 'Name_Father_76', 'Name_Mother_76', 'Name_Relative_76', 'Relation_76', '0', 'Current_Street_76 Current_Brgy_76, Pilar', 'Pilar'),
('550077', 'Filipino', 'Married', '1990-01-01', 18, 'Male', 'Birthplace_77', 'Home_Street_77 Home_Brgy_77, Pinamungahan', 'Home_Province_77', 'Roman Catholic,including Catholic Charismatic', 'Occupation_77', 'Name_Father_77', 'Name_Mother_77', 'Name_Relative_77', 'Relation_77', '0', 'Current_Street_77 Current_Brgy_77, Pinamungahan', 'Pinamungahan'),
('550078', 'Filipino', 'Married', '1990-01-01', 18, 'Female', 'Birthplace_78', 'Home_Street_78 Home_Brgy_78, Poro', 'Home_Province_78', 'Roman Catholic,including Catholic Charismatic', 'Occupation_78', 'Name_Father_78', 'Name_Mother_78', 'Name_Relative_78', 'Relation_78', '0', 'Current_Street_78 Current_Brgy_78, Poro', 'Poro'),
('550079', 'Filipino', 'Married', '1990-01-01', 18, 'Male', 'Birthplace_79', 'Home_Street_79 Home_Brgy_79, Ronda', 'Home_Province_79', 'Roman Catholic,including Catholic Charismatic', 'Occupation_79', 'Name_Father_79', 'Name_Mother_79', 'Name_Relative_79', 'Relation_79', '0', 'Current_Street_79 Current_Brgy_79, Ronda', 'Ronda'),
('55008', 'Filipino', 'Married', '1990-01-01', 18, 'Female', 'Birthplace_8', 'Home_Street_8 Home_Brgy_8, Badian', 'Home_Province_8', 'Roman Catholic,including Catholic Charismatic', 'Occupation_8', 'Name_Father_8', 'Name_Mother_8', 'Name_Relative_8', 'Relation_8', '0', 'Current_Street_8 Current_Brgy_8, Badian', 'Badian'),
('550080', 'Filipino', 'Married', '1990-01-01', 18, 'Female', 'Birthplace_80', 'Home_Street_80 Home_Brgy_80, Samboan', 'Home_Province_80', 'Roman Catholic,including Catholic Charismatic', 'Occupation_80', 'Name_Father_80', 'Name_Mother_80', 'Name_Relative_80', 'Relation_80', '0', 'Current_Street_80 Current_Brgy_80, Samboan', 'Samboan'),
('550081', 'Filipino', 'Married', '1990-01-01', 18, 'Male', 'Birthplace_81', 'Home_Street_81 Home_Brgy_81, San Fernando', 'Home_Province_81', 'Roman Catholic,including Catholic Charismatic', 'Occupation_81', 'Name_Father_81', 'Name_Mother_81', 'Name_Relative_81', 'Relation_81', '0', 'Current_Street_81 Current_Brgy_81, San Fernando', 'San Fernando'),
('550082', 'Filipino', 'Married', '1990-01-01', 18, 'Female', 'Birthplace_82', 'Home_Street_82 Home_Brgy_82, San Francisco', 'Home_Province_82', 'Roman Catholic,including Catholic Charismatic', 'Occupation_82', 'Name_Father_82', 'Name_Mother_82', 'Name_Relative_82', 'Relation_82', '0', 'Current_Street_82 Current_Brgy_82, San Francisco', 'San Francisco'),
('550083', 'Filipino', 'Married', '1990-01-01', 18, 'Male', 'Birthplace_83', 'Home_Street_83 Home_Brgy_83, San Remigio', 'Home_Province_83', 'Roman Catholic,including Catholic Charismatic', 'Occupation_83', 'Name_Father_83', 'Name_Mother_83', 'Name_Relative_83', 'Relation_83', '0', 'Current_Street_83 Current_Brgy_83, San Remigio', 'San Remigio'),
('550084', 'Filipino', 'Married', '1990-01-01', 18, 'Female', 'Birthplace_84', 'Home_Street_84 Home_Brgy_84, Santa Fe', 'Home_Province_84', 'Roman Catholic,including Catholic Charismatic', 'Occupation_84', 'Name_Father_84', 'Name_Mother_84', 'Name_Relative_84', 'Relation_84', '0', 'Current_Street_84 Current_Brgy_84, Santa Fe', 'Santa Fe'),
('550085', 'Filipino', 'Married', '1990-01-01', 18, 'Male', 'Birthplace_85', 'Home_Street_85 Home_Brgy_85, Santander', 'Home_Province_85', 'Roman Catholic,including Catholic Charismatic', 'Occupation_85', 'Name_Father_85', 'Name_Mother_85', 'Name_Relative_85', 'Relation_85', '0', 'Current_Street_85 Current_Brgy_85, Santander', 'Santander'),
('550086', 'Filipino', 'Married', '1990-01-01', 18, 'Female', 'Birthplace_86', 'Home_Street_86 Home_Brgy_86, Sibonga', 'Home_Province_86', 'Roman Catholic,including Catholic Charismatic', 'Occupation_86', 'Name_Father_86', 'Name_Mother_86', 'Name_Relative_86', 'Relation_86', '0', 'Current_Street_86 Current_Brgy_86, Sibonga', 'Sibonga'),
('550087', 'Filipino', 'Married', '1990-01-01', 18, 'Male', 'Birthplace_87', 'Home_Street_87 Home_Brgy_87, Sogod', 'Home_Province_87', 'Roman Catholic,including Catholic Charismatic', 'Occupation_87', 'Name_Father_87', 'Name_Mother_87', 'Name_Relative_87', 'Relation_87', '0', 'Current_Street_87 Current_Brgy_87, Sogod', 'Sogod'),
('550088', 'Filipino', 'Married', '1990-01-01', 18, 'Female', 'Birthplace_88', 'Home_Street_88 Home_Brgy_88, Tabogon', 'Home_Province_88', 'Roman Catholic,including Catholic Charismatic', 'Occupation_88', 'Name_Father_88', 'Name_Mother_88', 'Name_Relative_88', 'Relation_88', '0', 'Current_Street_88 Current_Brgy_88, Tabogon', 'Tabogon'),
('550089', 'Filipino', 'Married', '1990-01-01', 18, 'Male', 'Birthplace_89', 'Home_Street_89 Home_Brgy_89, Tabuelan', 'Home_Province_89', 'Roman Catholic,including Catholic Charismatic', 'Occupation_89', 'Name_Father_89', 'Name_Mother_89', 'Name_Relative_89', 'Relation_89', '0', 'Current_Street_89 Current_Brgy_89, Tabuelan', 'Tabuelan'),
('55009', 'Filipino', 'Married', '1990-01-01', 18, 'Male', 'Birthplace_9', 'Home_Street_9 Home_Brgy_9, Balamban', 'Home_Province_9', 'Roman Catholic,including Catholic Charismatic', 'Occupation_9', 'Name_Father_9', 'Name_Mother_9', 'Name_Relative_9', 'Relation_9', '0', 'Current_Street_9 Current_Brgy_9, Balamban', 'Balamban'),
('550090', 'Filipino', 'Married', '1990-01-01', 18, 'Female', 'Birthplace_90', 'Home_Street_90 Home_Brgy_90, Talisay City', 'Home_Province_90', 'Roman Catholic,including Catholic Charismatic', 'Occupation_90', 'Name_Father_90', 'Name_Mother_90', 'Name_Relative_90', 'Relation_90', '0', 'Current_Street_90 Current_Brgy_90, Talisay City', 'Talisay City'),
('550091', 'Filipino', 'Married', '1990-01-01', 18, 'Male', 'Birthplace_91', 'Home_Street_91 Home_Brgy_91, Tuburan', 'Home_Province_91', 'Roman Catholic,including Catholic Charismatic', 'Occupation_91', 'Name_Father_91', 'Name_Mother_91', 'Name_Relative_91', 'Relation_91', '0', 'Current_Street_91 Current_Brgy_91, Tuburan', 'Tuburan'),
('550092', 'Filipino', 'Married', '1990-01-01', 18, 'Female', 'Birthplace_92', 'Home_Street_92 Home_Brgy_92, Tudela', 'Home_Province_92', 'Roman Catholic,including Catholic Charismatic', 'Occupation_92', 'Name_Father_92', 'Name_Mother_92', 'Name_Relative_92', 'Relation_92', '0', 'Current_Street_92 Current_Brgy_92, Tudela', 'Tudela'),
('550093', 'Filipino', 'Married', '1990-01-01', 18, 'Male', 'Birthplace_93', 'Home_Street_93 Home_Brgy_93, Toledo', 'Home_Province_93', 'Roman Catholic,including Catholic Charismatic', 'Occupation_93', 'Name_Father_93', 'Name_Mother_93', 'Name_Relative_93', 'Relation_93', '0', 'Current_Street_93 Current_Brgy_93, Toledo', 'Toledo'),
('550094', 'Filipino', 'Married', '1990-01-01', 18, 'Female', 'Birthplace_94', 'Home_Street_94 Home_Brgy_94, Alcantara', 'Home_Province_94', 'Roman Catholic,including Catholic Charismatic', 'Occupation_94', 'Name_Father_94', 'Name_Mother_94', 'Name_Relative_94', 'Relation_94', '0', 'Current_Street_94 Current_Brgy_94, Alcantara', 'Alcantara'),
('550095', 'Filipino', 'Married', '1990-01-01', 18, 'Male', 'Birthplace_95', 'Home_Street_95 Home_Brgy_95, Alcoy', 'Home_Province_95', 'Roman Catholic,including Catholic Charismatic', 'Occupation_95', 'Name_Father_95', 'Name_Mother_95', 'Name_Relative_95', 'Relation_95', '0', 'Current_Street_95 Current_Brgy_95, Alcoy', 'Alcoy'),
('550096', 'Filipino', 'Married', '1990-01-01', 18, 'Female', 'Birthplace_96', 'Home_Street_96 Home_Brgy_96, Alegria', 'Home_Province_96', 'Roman Catholic,including Catholic Charismatic', 'Occupation_96', 'Name_Father_96', 'Name_Mother_96', 'Name_Relative_96', 'Relation_96', '0', 'Current_Street_96 Current_Brgy_96, Alegria', 'Alegria'),
('550097', 'Filipino', 'Married', '1990-01-01', 18, 'Male', 'Birthplace_97', 'Home_Street_97 Home_Brgy_97, Aloguinsan', 'Home_Province_97', 'Roman Catholic,including Catholic Charismatic', 'Occupation_97', 'Name_Father_97', 'Name_Mother_97', 'Name_Relative_97', 'Relation_97', '0', 'Current_Street_97 Current_Brgy_97, Aloguinsan', 'Aloguinsan'),
('550098', 'Filipino', 'Married', '1990-01-01', 18, 'Female', 'Birthplace_98', 'Home_Street_98 Home_Brgy_98, Argao', 'Home_Province_98', 'Roman Catholic,including Catholic Charismatic', 'Occupation_98', 'Name_Father_98', 'Name_Mother_98', 'Name_Relative_98', 'Relation_98', '0', 'Current_Street_98 Current_Brgy_98, Argao', 'Argao'),
('550099', 'Filipino', 'Married', '1990-01-01', 18, 'Male', 'Birthplace_99', 'Home_Street_99 Home_Brgy_99, Asturias', 'Home_Province_99', 'Roman Catholic,including Catholic Charismatic', 'Occupation_99', 'Name_Father_99', 'Name_Mother_99', 'Name_Relative_99', 'Relation_99', '0', 'Current_Street_99 Current_Brgy_99, Asturias', 'Asturias'),
('6326', 'Afghan', 'Single', '2018-02-10', 18, 'Male', 'test', 'test, test, Alcantara', 'test', 'Roman Catholic,including Catholic Charismatic', 'test', 'test', 'test', 'test', 'test', '09252348929', 'test, test, Alcantara', 'Alcantara'),
('7624634', 'Afghan', 'Single', '2018-02-10', 18, 'Male', 'test', 'test, test, Alcantara', 'test', 'Roman Catholic,including Catholic Charismatic', 'test', 'TESTTEST', 'test', 'test', 'test', '', 'test, test, Alcantara', 'Alcantara'),
('8235', 'Afghan', 'Single', '2018-02-10', 18, 'Male', 'das', 'asd, asd, Alcantara', 'sdasd', 'Buddhist', 'asdasdasd', 'a', 'sdd', 'asd', 'Aglipayan', '', 'asd, asd, Alcantara', 'Alcantara'),
('9874651325946132456', 'Afghan', 'Single', '2017-12-12', 18, 'Male', 'asdags', 'asf,,,,,, asf,,,,, Alcantara', 'asfasf', 'Roman Catholic,including Catholic Charismatic', 'asf', 'asf', 'asf', 'asf', 'sfa', '9252348929', 'asf,,,,,, asf,,,,, Alcantara', 'Alcantara'),
('test', 'Afghan', 'Single', '2018-02-10', 18, 'Male', 'test', 'test, test, Alcantara', 'test', 'Roman Catholic,including Catholic Charismatic', 'test', 'test', 'test', 'test', 'test', '', 'test, test, Alcantara', 'Alcantara');

-- --------------------------------------------------------

--
-- Table structure for table `inmate_released`
--

CREATE TABLE `inmate_released` (
  `inmate_id` varchar(255) NOT NULL,
  `date_released` date NOT NULL,
  `type_released` enum('SERVED','PROBATION','SHIPPED','BONDED','ACQUITTED','DISMISSED','DEAD','GCTA','OTHERS') NOT NULL,
  `released_info` varchar(255) NOT NULL,
  `user_id` bigint(20) UNSIGNED ZEROFILL NOT NULL,
  `record` int(11) NOT NULL
) ENGINE=InnoDB DEFAULT CHARSET=latin1;

--
-- Dumping data for table `inmate_released`
--

INSERT INTO `inmate_released` (`inmate_id`, `date_released`, `type_released`, `released_info`, `user_id`, `record`) VALUES
('55004', '2017-12-23', 'SERVED', 'asd', 00000000000000000001, 0),
('55008', '2017-12-27', 'ACQUITTED', 'asd', 00000000000000000001, 0);

-- --------------------------------------------------------

--
-- Table structure for table `inmate_transfer`
--

CREATE TABLE `inmate_transfer` (
  `inmate_id` varchar(255) NOT NULL,
  `date_of_transfer` date NOT NULL,
  `transfer_to` varchar(255) NOT NULL,
  `information` varchar(255) NOT NULL,
  `warden_id` bigint(20) UNSIGNED ZEROFILL NOT NULL,
  `record` int(11) NOT NULL
) ENGINE=InnoDB DEFAULT CHARSET=latin1;

-- --------------------------------------------------------

--
-- Table structure for table `logs`
--

CREATE TABLE `logs` (
  `id` bigint(20) NOT NULL,
  `action` varchar(255) NOT NULL,
  `actor` int(11) UNSIGNED ZEROFILL NOT NULL,
  `time` timestamp NOT NULL DEFAULT CURRENT_TIMESTAMP,
  `agent` varchar(255) NOT NULL
) ENGINE=InnoDB DEFAULT CHARSET=latin1;

-- --------------------------------------------------------

--
-- Table structure for table `logs_court`
--

CREATE TABLE `logs_court` (
  `csAppearanceId` int(11) NOT NULL,
  `logTime` timestamp NOT NULL DEFAULT CURRENT_TIMESTAMP
) ENGINE=InnoDB DEFAULT CHARSET=latin1;

-- --------------------------------------------------------

--
-- Table structure for table `municipality`
--

CREATE TABLE `municipality` (
  `mun_id` int(11) NOT NULL,
  `mun_name` varchar(50) NOT NULL,
  `province` varchar(50) NOT NULL,
  `status` varchar(10) NOT NULL
) ENGINE=InnoDB DEFAULT CHARSET=latin1;

--
-- Dumping data for table `municipality`
--

INSERT INTO `municipality` (`mun_id`, `mun_name`, `province`, `status`) VALUES
(1, 'asd', 'asd', 'active'),
(2, 'asgdsnv', 'adfsdvb', 'active');

-- --------------------------------------------------------

--
-- Table structure for table `temp`
--

CREATE TABLE `temp` (
  `tempId` int(11) NOT NULL,
  `inmate_id` varchar(255) NOT NULL,
  `step` enum('2','3','4','5') NOT NULL
) ENGINE=InnoDB DEFAULT CHARSET=latin1;

--
-- Dumping data for table `temp`
--

INSERT INTO `temp` (`tempId`, `inmate_id`, `step`) VALUES
(2, '789987879879', '2'),
(3, '789789798798', '2'),
(4, '789789798798', '2'),
(6, '1234564546548485', '2'),
(7, '1234564546548485', '2'),
(8, '78978798798', '2'),
(9, '65465456', '2'),
(10, '65465456', '2'),
(11, '5798789798', '2'),
(12, '5798789798', '2'),
(13, '5798789798', '2'),
(22, '5500501', '5'),
(24, '5500503', '5'),
(45, '550022', '5'),
(52, '4124', '4'),
(53, '6326', '4'),
(56, '1254125', '3'),
(57, '15125', '3'),
(58, '1241254', '3'),
(59, '541241', '3');

-- --------------------------------------------------------

--
-- Table structure for table `user_account`
--

CREATE TABLE `user_account` (
  `user_id` int(11) UNSIGNED ZEROFILL NOT NULL,
  `username` varchar(255) NOT NULL,
  `password` varchar(255) NOT NULL,
  `email` varchar(254) NOT NULL,
  `user_fname` varchar(255) NOT NULL,
  `user_lname` varchar(255) NOT NULL,
  `user_mi` varchar(255) NOT NULL,
  `gender` enum('Male','Female','','') NOT NULL,
  `birthdate` date NOT NULL,
  `user_address` varchar(255) NOT NULL,
  `user_contact` varchar(255) NOT NULL,
  `type` enum('Warden','Warden Administrator','General Administrator','Standard Administrator') NOT NULL,
  `status` enum('Active','Deactive') NOT NULL DEFAULT 'Active',
  `user_filename` varchar(255) NOT NULL DEFAULT '192x192.jpg',
  `img_set` enum('0','1') NOT NULL DEFAULT '0',
  `added_by` int(11) UNSIGNED ZEROFILL NOT NULL,
  `position` varchar(255) NOT NULL,
  `last_activity` int(10) UNSIGNED NOT NULL,
  `created_on` int(10) UNSIGNED NOT NULL,
  `modified_on` int(10) UNSIGNED NOT NULL
) ENGINE=InnoDB DEFAULT CHARSET=latin1;

--
-- Dumping data for table `user_account`
--

INSERT INTO `user_account` (`user_id`, `username`, `password`, `email`, `user_fname`, `user_lname`, `user_mi`, `gender`, `birthdate`, `user_address`, `user_contact`, `type`, `status`, `user_filename`, `img_set`, `added_by`, `position`, `last_activity`, `created_on`, `modified_on`) VALUES
(00000000001, 'admin', '08f9ef3c42adfe2fbb0e979604c7eb30aa12705fac8b1a9ead899e67b46fd7348c0041721d2be1d64902b66535380e6ff68ee4ed1e9baebf7a7d3dc4285e5391', 'admin@gmail.com', 'CPDRC', 'Administrator', 'yow', 'Male', '0000-00-00', '0', '09434528795', 'Warden Administrator', 'Active', 'cd03b000d25df96f624c079d814eae33.jpg', '1', 00000000000, '', 0, 0, 0),
(00000000002, 'asd', '1320c4dfbcbd404e791276ce5dbef76492dc5421e602948e962c4d95a4b967a56e21a8661e0e33681d3af43ea9680cf2b5d24ef8cfc87df2ba01541e1e4adf7a', '', 'asd', 'asd', 'asd', 'Male', '0000-00-00', 'asdsafasasf', '092343565656', 'Warden', 'Deactive', '192x192.jpg', '1', 00000000001, '', 0, 0, 0),
(00000000003, 'fsa', '5ef4b4a5c101768c80aed959249c7d820e81f5248d383efa7961a5725d8fd3b55df431b1191085def8edd199290ae6a4c802856d19265ec4439cdfa878b83840', '', 'fas', 'fsa', 'fas', 'Male', '0000-00-00', 'fs', 'fsa', 'Warden', 'Active', '192x192.jpg', '1', 00000000001, '', 0, 0, 0);

-- --------------------------------------------------------

--
-- Stand-in structure for view `view_court`
--
CREATE TABLE `view_court` (
`court_id` int(12)
,`court_name` varchar(102)
);

-- --------------------------------------------------------

--
-- Structure for view `cs_cases_full`
--
DROP TABLE IF EXISTS `cs_cases_full`;

CREATE ALGORITHM=UNDEFINED DEFINER=`root`@`localhost` SQL SECURITY DEFINER VIEW `cs_cases_full`  AS  select `c`.`id` AS `case_id`,`c`.`reasons_id` AS `reasons_id`,`c`.`case_no` AS `case_no`,`c`.`created_on` AS `case_created_on`,`c`.`modified_on` AS `case_modified_on`,`c`.`status` AS `case_status`,`c`.`reasons` AS `case_reasons`,`v`.`id` AS `violation_id`,`v`.`id` AS `id`,`v`.`violations_category_id` AS `violations_category_id`,`v`.`name` AS `name`,`v`.`level` AS `level`,`v`.`description` AS `description`,`v`.`RepublicAct` AS `RepublicAct`,`v`.`min_year` AS `min_year`,`v`.`max_year` AS `max_year`,`v`.`min_month` AS `min_month`,`v`.`max_month` AS `max_month`,`v`.`min_day` AS `min_day`,`v`.`max_day` AS `max_day`,`v`.`status` AS `status`,`v`.`created_on` AS `created_on`,`v`.`modified_on` AS `modified_on`,`vc`.`id` AS `violation_category_id`,`vc`.`name` AS `violation_category_name`,`vc`.`description` AS `violation_category_description` from ((`cs_cases` `c` left join `cs_violations` `v` on((`v`.`id` = `c`.`violation_id`))) left join `cs_violations_categories` `vc` on((`vc`.`id` = `v`.`violations_category_id`))) ;

-- --------------------------------------------------------

--
-- Structure for view `inmates_full`
--
DROP TABLE IF EXISTS `inmates_full`;

CREATE ALGORITHM=UNDEFINED DEFINER=`root`@`localhost` SQL SECURITY DEFINER VIEW `inmates_full`  AS  (select `i`.`inmate_id` AS `inmate_id`,`i`.`cell_no` AS `cell_no`,`i`.`inmate_fname` AS `inmate_fname`,`i`.`inmate_lname` AS `inmate_lname`,`i`.`inmate_mi` AS `inmate_mi`,`i`.`inmate_alias` AS `inmate_alias`,`i`.`status` AS `status`,`i`.`inmate_type` AS `inmate_type`,`i`.`date_detained` AS `date_detained`,`i`.`date_convicted` AS `date_convicted`,`i`.`date_probation` AS `date_probation`,`i`.`datetime_added` AS `datetime_added`,`i`.`added_by` AS `added_by`,`i`.`is_read` AS `i_is_read`,`ii`.`nationality` AS `nationality`,`ii`.`status` AS `inmate_info_status`,`ii`.`birthdate` AS `birthdate`,`ii`.`age` AS `age`,`ii`.`gender` AS `gender`,`ii`.`born_in` AS `born_in`,`ii`.`home_add` AS `home_add`,`ii`.`province_add` AS `province_add`,`ii`.`occupation` AS `occupation`,`ii`.`father` AS `father`,`ii`.`mother` AS `mother`,`ii`.`relative` AS `relative`,`ii`.`address` AS `address`,`f`.`filename` AS `filename`,`f`.`added_by` AS `file_added_by`,`f`.`img_set` AS `img_set`,`ifp`.`file_no` AS `file_no`,`ifp`.`taken_by` AS `taken_by`,`ifp`.`date` AS `date`,`ifp`.`classified_by` AS `classified_by`,`ifp`.`verified_by` AS `verified_by`,`ifp`.`r_thumb` AS `r_thumb`,`ifp`.`r_index` AS `r_index`,`ifp`.`r_middle` AS `r_middle`,`ifp`.`r_ring` AS `r_ring`,`ifp`.`r_little` AS `r_little`,`ifp`.`l_thumb` AS `l_thumb`,`ifp`.`l_index` AS `l_index`,`ifp`.`l_middle` AS `l_middle`,`ifp`.`l_ring` AS `l_ring`,`ifp`.`l_little` AS `l_little`,`ifp`.`l_amp` AS `l_amp`,`ifp`.`r_amp` AS `r_amp`,`ifp`.`left_thumb` AS `left_thumb`,`ifp`.`right_thumb` AS `right_thumb`,`ifp`.`left_hand` AS `left_hand`,`ifp`.`right_hand` AS `right_hand` from (((`inmate` `i` left join `inmate_info` `ii` on((`ii`.`inmate_id` = `i`.`inmate_id`))) left join `file` `f` on((`f`.`inmate_id` = `i`.`inmate_id`))) left join `inmate_fp` `ifp` on((`ifp`.`inmate_id` = `i`.`inmate_id`)))) ;

-- --------------------------------------------------------

--
-- Structure for view `view_court`
--
DROP TABLE IF EXISTS `view_court`;

CREATE ALGORITHM=UNDEFINED DEFINER=`root`@`localhost` SQL SECURITY DEFINER VIEW `view_court`  AS  select `a`.`court_id` AS `court_id`,concat(`a`.`court_name`,', ',`b`.`mun_name`) AS `court_name` from (`court` `a` join `municipality` `b` on((`a`.`court_mun` = `b`.`mun_id`))) ;

--
-- Indexes for dumped tables
--

--
-- Indexes for table `cell`
--
ALTER TABLE `cell`
  ADD PRIMARY KEY (`cellId`);

--
-- Indexes for table `court`
--
ALTER TABLE `court`
  ADD PRIMARY KEY (`court_id`),
  ADD KEY `fkey_court_mun` (`court_mun`);

--
-- Indexes for table `cs_administrators`
--
ALTER TABLE `cs_administrators`
  ADD PRIMARY KEY (`id`);

--
-- Indexes for table `cs_appearance_schedules`
--
ALTER TABLE `cs_appearance_schedules`
  ADD PRIMARY KEY (`id`),
  ADD KEY `reason_id` (`reason_id`),
  ADD KEY `fkey_cas_court` (`place`);

--
-- Indexes for table `cs_appearance_schedule_personnels`
--
ALTER TABLE `cs_appearance_schedule_personnels`
  ADD PRIMARY KEY (`id`),
  ADD KEY `appearance_schedule_id` (`appearance_schedule_id`);

--
-- Indexes for table `cs_cases`
--
ALTER TABLE `cs_cases`
  ADD PRIMARY KEY (`id`),
  ADD KEY `reasons_id` (`reasons_id`),
  ADD KEY `violation_id` (`violation_id`);

--
-- Indexes for table `cs_logs`
--
ALTER TABLE `cs_logs`
  ADD PRIMARY KEY (`id`),
  ADD KEY `update_by` (`update_by`);

--
-- Indexes for table `cs_reasons`
--
ALTER TABLE `cs_reasons`
  ADD PRIMARY KEY (`id`),
  ADD KEY `fkey_reasons_inmate` (`inmate_id`);

--
-- Indexes for table `cs_sessions`
--
ALTER TABLE `cs_sessions`
  ADD PRIMARY KEY (`session_id`),
  ADD KEY `last_activity_idx` (`last_activity`);

--
-- Indexes for table `cs_users`
--
ALTER TABLE `cs_users`
  ADD PRIMARY KEY (`id`);

--
-- Indexes for table `cs_violations`
--
ALTER TABLE `cs_violations`
  ADD PRIMARY KEY (`id`),
  ADD KEY `violations_category_id` (`violations_category_id`);

--
-- Indexes for table `cs_violations_categories`
--
ALTER TABLE `cs_violations_categories`
  ADD PRIMARY KEY (`id`);

--
-- Indexes for table `editrequest`
--
ALTER TABLE `editrequest`
  ADD PRIMARY KEY (`editRequestID`),
  ADD KEY `inmateId` (`inmateId`);

--
-- Indexes for table `file`
--
ALTER TABLE `file`
  ADD UNIQUE KEY `inmate_id_2` (`inmate_id`),
  ADD KEY `inmate_id` (`inmate_id`),
  ADD KEY `added_by` (`added_by`);

--
-- Indexes for table `inmate`
--
ALTER TABLE `inmate`
  ADD PRIMARY KEY (`inmate_id`),
  ADD KEY `added_by` (`added_by`);

--
-- Indexes for table `inmate_2d`
--
ALTER TABLE `inmate_2d`
  ADD PRIMARY KEY (`id`),
  ADD KEY `inmate_id` (`inmate_id`);

--
-- Indexes for table `inmate_auth_visitor`
--
ALTER TABLE `inmate_auth_visitor`
  ADD PRIMARY KEY (`id`),
  ADD KEY `inmate_id` (`inmate_id`),
  ADD KEY `added_by` (`added_by`);

--
-- Indexes for table `inmate_build`
--
ALTER TABLE `inmate_build`
  ADD UNIQUE KEY `inmate_id_2` (`inmate_id`),
  ADD KEY `inmate_id` (`inmate_id`);

--
-- Indexes for table `inmate_case_info`
--
ALTER TABLE `inmate_case_info`
  ADD PRIMARY KEY (`cid`),
  ADD KEY `inmate_id` (`inmate_id`),
  ADD KEY `inmate_id_2` (`inmate_id`);

--
-- Indexes for table `inmate_conduct_rec`
--
ALTER TABLE `inmate_conduct_rec`
  ADD PRIMARY KEY (`id`),
  ADD KEY `inmate_id` (`inmate_id`),
  ADD KEY `warden_id` (`warden_id`);

--
-- Indexes for table `inmate_fp`
--
ALTER TABLE `inmate_fp`
  ADD KEY `inmate_id` (`inmate_id`);

--
-- Indexes for table `inmate_info`
--
ALTER TABLE `inmate_info`
  ADD UNIQUE KEY `inmate_id_2` (`inmate_id`),
  ADD KEY `inmate_id` (`inmate_id`);

--
-- Indexes for table `inmate_released`
--
ALTER TABLE `inmate_released`
  ADD KEY `inmate_id` (`inmate_id`);

--
-- Indexes for table `inmate_transfer`
--
ALTER TABLE `inmate_transfer`
  ADD KEY `inmate_id` (`inmate_id`);

--
-- Indexes for table `logs`
--
ALTER TABLE `logs`
  ADD PRIMARY KEY (`id`),
  ADD KEY `actor` (`actor`);

--
-- Indexes for table `municipality`
--
ALTER TABLE `municipality`
  ADD PRIMARY KEY (`mun_id`),
  ADD UNIQUE KEY `mun_name` (`mun_name`);

--
-- Indexes for table `temp`
--
ALTER TABLE `temp`
  ADD PRIMARY KEY (`tempId`);

--
-- Indexes for table `user_account`
--
ALTER TABLE `user_account`
  ADD PRIMARY KEY (`user_id`),
  ADD KEY `added_by` (`added_by`);

--
-- AUTO_INCREMENT for dumped tables
--

--
-- AUTO_INCREMENT for table `cell`
--
ALTER TABLE `cell`
  MODIFY `cellId` int(11) NOT NULL AUTO_INCREMENT, AUTO_INCREMENT=3;
--
-- AUTO_INCREMENT for table `court`
--
ALTER TABLE `court`
  MODIFY `court_id` int(12) NOT NULL AUTO_INCREMENT, AUTO_INCREMENT=3;
--
-- AUTO_INCREMENT for table `cs_administrators`
--
ALTER TABLE `cs_administrators`
  MODIFY `id` int(11) UNSIGNED ZEROFILL NOT NULL AUTO_INCREMENT;
--
-- AUTO_INCREMENT for table `cs_appearance_schedules`
--
ALTER TABLE `cs_appearance_schedules`
  MODIFY `id` int(11) UNSIGNED ZEROFILL NOT NULL AUTO_INCREMENT, AUTO_INCREMENT=145;
--
-- AUTO_INCREMENT for table `cs_appearance_schedule_personnels`
--
ALTER TABLE `cs_appearance_schedule_personnels`
  MODIFY `id` int(11) UNSIGNED ZEROFILL NOT NULL AUTO_INCREMENT;
--
-- AUTO_INCREMENT for table `cs_cases`
--
ALTER TABLE `cs_cases`
  MODIFY `id` int(11) UNSIGNED ZEROFILL NOT NULL AUTO_INCREMENT, AUTO_INCREMENT=147;
--
-- AUTO_INCREMENT for table `cs_logs`
--
ALTER TABLE `cs_logs`
  MODIFY `id` int(11) UNSIGNED ZEROFILL NOT NULL AUTO_INCREMENT, AUTO_INCREMENT=219;
--
-- AUTO_INCREMENT for table `cs_reasons`
--
ALTER TABLE `cs_reasons`
  MODIFY `id` int(11) UNSIGNED ZEROFILL NOT NULL AUTO_INCREMENT, AUTO_INCREMENT=145;
--
-- AUTO_INCREMENT for table `cs_users`
--
ALTER TABLE `cs_users`
  MODIFY `id` int(11) UNSIGNED ZEROFILL NOT NULL AUTO_INCREMENT;
--
-- AUTO_INCREMENT for table `cs_violations`
--
ALTER TABLE `cs_violations`
  MODIFY `id` int(11) UNSIGNED ZEROFILL NOT NULL AUTO_INCREMENT, AUTO_INCREMENT=6;
--
-- AUTO_INCREMENT for table `cs_violations_categories`
--
ALTER TABLE `cs_violations_categories`
  MODIFY `id` int(11) UNSIGNED ZEROFILL NOT NULL AUTO_INCREMENT, AUTO_INCREMENT=4;
--
-- AUTO_INCREMENT for table `editrequest`
--
ALTER TABLE `editrequest`
  MODIFY `editRequestID` int(11) NOT NULL AUTO_INCREMENT, AUTO_INCREMENT=14;
--
-- AUTO_INCREMENT for table `inmate_2d`
--
ALTER TABLE `inmate_2d`
  MODIFY `id` int(11) NOT NULL AUTO_INCREMENT, AUTO_INCREMENT=5;
--
-- AUTO_INCREMENT for table `inmate_auth_visitor`
--
ALTER TABLE `inmate_auth_visitor`
  MODIFY `id` bigint(20) NOT NULL AUTO_INCREMENT;
--
-- AUTO_INCREMENT for table `inmate_case_info`
--
ALTER TABLE `inmate_case_info`
  MODIFY `cid` int(11) NOT NULL AUTO_INCREMENT, AUTO_INCREMENT=146;
--
-- AUTO_INCREMENT for table `inmate_conduct_rec`
--
ALTER TABLE `inmate_conduct_rec`
  MODIFY `id` int(11) NOT NULL AUTO_INCREMENT;
--
-- AUTO_INCREMENT for table `logs`
--
ALTER TABLE `logs`
  MODIFY `id` bigint(20) NOT NULL AUTO_INCREMENT;
--
-- AUTO_INCREMENT for table `municipality`
--
ALTER TABLE `municipality`
  MODIFY `mun_id` int(11) NOT NULL AUTO_INCREMENT, AUTO_INCREMENT=3;
--
-- AUTO_INCREMENT for table `temp`
--
ALTER TABLE `temp`
  MODIFY `tempId` int(11) NOT NULL AUTO_INCREMENT, AUTO_INCREMENT=75;
--
-- AUTO_INCREMENT for table `user_account`
--
ALTER TABLE `user_account`
  MODIFY `user_id` int(11) UNSIGNED ZEROFILL NOT NULL AUTO_INCREMENT, AUTO_INCREMENT=4;
--
-- Constraints for dumped tables
--

--
-- Constraints for table `court`
--
ALTER TABLE `court`
  ADD CONSTRAINT `fkey_court_mun` FOREIGN KEY (`court_mun`) REFERENCES `municipality` (`mun_id`) ON UPDATE CASCADE;

--
-- Constraints for table `cs_appearance_schedules`
--
ALTER TABLE `cs_appearance_schedules`
  ADD CONSTRAINT `cs_appearance_schedules_ibfk_1` FOREIGN KEY (`reason_id`) REFERENCES `cs_reasons` (`id`) ON DELETE CASCADE;

--
-- Constraints for table `cs_appearance_schedule_personnels`
--
ALTER TABLE `cs_appearance_schedule_personnels`
  ADD CONSTRAINT `cs_appearance_schedule_personnels_ibfk_1` FOREIGN KEY (`appearance_schedule_id`) REFERENCES `cs_appearance_schedules` (`id`) ON DELETE CASCADE;

--
-- Constraints for table `cs_cases`
--
ALTER TABLE `cs_cases`
  ADD CONSTRAINT `cs_cases_ibfk_1` FOREIGN KEY (`reasons_id`) REFERENCES `cs_reasons` (`id`) ON DELETE CASCADE,
  ADD CONSTRAINT `cs_cases_ibfk_2` FOREIGN KEY (`violation_id`) REFERENCES `cs_violations` (`id`) ON DELETE CASCADE;

--
-- Constraints for table `cs_reasons`
--
ALTER TABLE `cs_reasons`
  ADD CONSTRAINT `fkey_reasons_inmate` FOREIGN KEY (`inmate_id`) REFERENCES `inmate` (`inmate_id`) ON UPDATE CASCADE;

--
-- Constraints for table `cs_violations`
--
ALTER TABLE `cs_violations`
  ADD CONSTRAINT `cs_violations_ibfk_1` FOREIGN KEY (`violations_category_id`) REFERENCES `cs_violations_categories` (`id`) ON DELETE CASCADE;

--
-- Constraints for table `editrequest`
--
ALTER TABLE `editrequest`
  ADD CONSTRAINT `fk_in` FOREIGN KEY (`inmateId`) REFERENCES `inmate` (`inmate_id`) ON UPDATE CASCADE;

--
-- Constraints for table `file`
--
ALTER TABLE `file`
  ADD CONSTRAINT `fk_ff` FOREIGN KEY (`inmate_id`) REFERENCES `inmate` (`inmate_id`) ON DELETE CASCADE ON UPDATE CASCADE,
  ADD CONSTRAINT `fk_us` FOREIGN KEY (`added_by`) REFERENCES `user_account` (`user_id`) ON DELETE CASCADE ON UPDATE CASCADE;

--
-- Constraints for table `inmate_2d`
--
ALTER TABLE `inmate_2d`
  ADD CONSTRAINT `fk_td` FOREIGN KEY (`inmate_id`) REFERENCES `inmate` (`inmate_id`) ON DELETE CASCADE ON UPDATE CASCADE;

--
-- Constraints for table `inmate_auth_visitor`
--
ALTER TABLE `inmate_auth_visitor`
  ADD CONSTRAINT `fk_aa` FOREIGN KEY (`added_by`) REFERENCES `user_account` (`user_id`) ON DELETE NO ACTION ON UPDATE NO ACTION,
  ADD CONSTRAINT `fk_vs` FOREIGN KEY (`inmate_id`) REFERENCES `inmate` (`inmate_id`) ON DELETE CASCADE ON UPDATE CASCADE;

--
-- Constraints for table `inmate_build`
--
ALTER TABLE `inmate_build`
  ADD CONSTRAINT `fk_bb` FOREIGN KEY (`inmate_id`) REFERENCES `inmate` (`inmate_id`) ON DELETE CASCADE ON UPDATE CASCADE;

--
-- Constraints for table `inmate_case_info`
--
ALTER TABLE `inmate_case_info`
  ADD CONSTRAINT `fk_ca` FOREIGN KEY (`inmate_id`) REFERENCES `inmate` (`inmate_id`) ON DELETE CASCADE ON UPDATE CASCADE;

--
-- Constraints for table `inmate_conduct_rec`
--
ALTER TABLE `inmate_conduct_rec`
  ADD CONSTRAINT `fk_cn` FOREIGN KEY (`inmate_id`) REFERENCES `inmate` (`inmate_id`) ON DELETE CASCADE ON UPDATE CASCADE,
  ADD CONSTRAINT `fk_uu` FOREIGN KEY (`warden_id`) REFERENCES `user_account` (`user_id`) ON DELETE NO ACTION ON UPDATE CASCADE;

--
-- Constraints for table `inmate_fp`
--
ALTER TABLE `inmate_fp`
  ADD CONSTRAINT `fk_fp` FOREIGN KEY (`inmate_id`) REFERENCES `inmate` (`inmate_id`) ON DELETE CASCADE ON UPDATE CASCADE;

--
-- Constraints for table `inmate_info`
--
ALTER TABLE `inmate_info`
  ADD CONSTRAINT `fk_id` FOREIGN KEY (`inmate_id`) REFERENCES `inmate` (`inmate_id`) ON DELETE CASCADE ON UPDATE CASCADE;

--
-- Constraints for table `inmate_released`
--
ALTER TABLE `inmate_released`
  ADD CONSTRAINT `fk_inReleased` FOREIGN KEY (`inmate_id`) REFERENCES `inmate` (`inmate_id`) ON UPDATE CASCADE;

--
-- Constraints for table `inmate_transfer`
--
ALTER TABLE `inmate_transfer`
  ADD CONSTRAINT `fk_inTrans` FOREIGN KEY (`inmate_id`) REFERENCES `inmate` (`inmate_id`);

--
-- Constraints for table `logs`
--
ALTER TABLE `logs`
  ADD CONSTRAINT `fk_lg` FOREIGN KEY (`actor`) REFERENCES `user_account` (`user_id`) ON DELETE CASCADE ON UPDATE CASCADE;

/*!40101 SET CHARACTER_SET_CLIENT=@OLD_CHARACTER_SET_CLIENT */;
/*!40101 SET CHARACTER_SET_RESULTS=@OLD_CHARACTER_SET_RESULTS */;
/*!40101 SET COLLATION_CONNECTION=@OLD_COLLATION_CONNECTION */;
